Iso3,StartDate,EndDate,Area Code,Area Code (M49),Area,Item Code,Item Code (CPC),Item,Element Code,Element,Year Code,Year,Months Code,Months,Unit,Value,Flag
#country+code,#date+start,#date+end,,,#country+name,#indicator+code,,#indicator+name,,,,#date+year,,,#indicator+type,#indicator+value+num,
ZWE,1991-01-01,1991-12-31,181,'716,Zimbabwe,515,'01341,Apples,5530,Producer Price (LCU/tonne),1991,1991,7021,Annual value,LCU,2778.000000,A
ZWE,1992-01-01,1992-12-31,181,'716,Zimbabwe,515,'01341,Apples,5530,Producer Price (LCU/tonne),1992,1992,7021,Annual value,LCU,3056.000000,A
ZWE,1993-01-01,1993-12-31,181,'716,Zimbabwe,515,'01341,Apples,5530,Producer Price (LCU/tonne),1993,1993,7021,Annual value,LCU,3333.000000,A
ZWE,1994-01-01,1994-12-31,181,'716,Zimbabwe,515,'01341,Apples,5530,Producer Price (LCU/tonne),1994,1994,7021,Annual value,LCU,3611.000000,X
ZWE,2000-01-01,2000-12-31,181,'716,Zimbabwe,515,'01341,Apples,5530,Producer Price (LCU/tonne),2000,2000,7021,Annual value,LCU,25600.000000,A
ZWE,2001-01-01,2001-12-31,181,'716,Zimbabwe,515,'01341,Apples,5530,Producer Price (LCU/tonne),2001,2001,7021,Annual value,LCU,122000.000000,A
ZWE,2002-01-01,2002-12-31,181,'716,Zimbabwe,515,'01341,Apples,5530,Producer Price (LCU/tonne),2002,2002,7021,Annual value,LCU,156180.000000,A
ZWE,2003-01-01,2003-12-31,181,'716,Zimbabwe,515,'01341,Apples,5530,Producer Price (LCU/tonne),2003,2003,7021,Annual value,LCU,2029000.000000,A
ZWE,2015-01-01,2015-12-31,181,'716,Zimbabwe,515,'01341,Apples,5530,Producer Price (LCU/tonne),2015,2015,7021,Annual value,LCU,1897.000000,A
ZWE,2016-01-01,2016-12-31,181,'716,Zimbabwe,515,'01341,Apples,5530,Producer Price (LCU/tonne),2016,2016,7021,Annual value,LCU,1789.000000,A
ZWE,2017-01-01,2017-12-31,181,'716,Zimbabwe,515,'01341,Apples,5530,Producer Price (LCU/tonne),2017,2017,7021,Annual value,LCU,1865.000000,A
ZWE,2017-01-01,2017-01-31,181,'716,Zimbabwe,515,'01341,Apples,5530,Producer Price (LCU/tonne),2017,2017,7001,January,LCU,1760.000000,A
ZWE,2017-02-01,2017-02-28,181,'716,Zimbabwe,515,'01341,Apples,5530,Producer Price (LCU/tonne),2017,2017,7002,February,LCU,1780.000000,A
ZWE,2017-03-01,2017-03-31,181,'716,Zimbabwe,515,'01341,Apples,5530,Producer Price (LCU/tonne),2017,2017,7003,March,LCU,1830.000000,A
ZWE,2017-04-01,2017-04-30,181,'716,Zimbabwe,515,'01341,Apples,5530,Producer Price (LCU/tonne),2017,2017,7004,April,LCU,1820.000000,A
ZWE,2017-05-01,2017-05-31,181,'716,Zimbabwe,515,'01341,Apples,5530,Producer Price (LCU/tonne),2017,2017,7005,May,LCU,1820.000000,A
ZWE,2017-06-01,2017-06-30,181,'716,Zimbabwe,515,'01341,Apples,5530,Producer Price (LCU/tonne),2017,2017,7006,June,LCU,1820.000000,A
ZWE,2017-07-01,2017-07-31,181,'716,Zimbabwe,515,'01341,Apples,5530,Producer Price (LCU/tonne),2017,2017,7007,July,LCU,1810.000000,A
ZWE,2017-08-01,2017-08-31,181,'716,Zimbabwe,515,'01341,Apples,5530,Producer Price (LCU/tonne),2017,2017,7008,August,LCU,1890.000000,A
ZWE,2017-09-01,2017-09-30,181,'716,Zimbabwe,515,'01341,Apples,5530,Producer Price (LCU/tonne),2017,2017,7009,September,LCU,1930.000000,A
ZWE,2017-10-01,2017-10-31,181,'716,Zimbabwe,515,'01341,Apples,5530,Producer Price (LCU/tonne),2017,2017,7010,October,LCU,1920.000000,A
ZWE,2017-11-01,2017-11-30,181,'716,Zimbabwe,515,'01341,Apples,5530,Producer Price (LCU/tonne),2017,2017,7011,November,LCU,1970.000000,A
ZWE,2017-12-01,2017-12-31,181,'716,Zimbabwe,515,'01341,Apples,5530,Producer Price (LCU/tonne),2017,2017,7012,December,LCU,2030.000000,A
ZWE,2018-01-01,2018-01-31,181,'716,Zimbabwe,515,'01341,Apples,5530,Producer Price (LCU/tonne),2018,2018,7001,January,LCU,1960.000000,A
ZWE,1991-01-01,1991-12-31,181,'716,Zimbabwe,515,'01341,Apples,5531,Producer Price (SLC/tonne),1991,1991,7021,Annual value,SLC,7.700000,A
ZWE,1992-01-01,1992-12-31,181,'716,Zimbabwe,515,'01341,Apples,5531,Producer Price (SLC/tonne),1992,1992,7021,Annual value,SLC,8.400000,A
ZWE,1993-01-01,1993-12-31,181,'716,Zimbabwe,515,'01341,Apples,5531,Producer Price (SLC/tonne),1993,1993,7021,Annual value,SLC,9.200000,A
ZWE,1994-01-01,1994-12-31,181,'716,Zimbabwe,515,'01341,Apples,5531,Producer Price (SLC/tonne),1994,1994,7021,Annual value,SLC,10.000000,X
ZWE,2000-01-01,2000-12-31,181,'716,Zimbabwe,515,'01341,Apples,5531,Producer Price (SLC/tonne),2000,2000,7021,Annual value,SLC,70.700000,A
ZWE,2001-01-01,2001-12-31,181,'716,Zimbabwe,515,'01341,Apples,5531,Producer Price (SLC/tonne),2001,2001,7021,Annual value,SLC,337.100000,A
ZWE,2002-01-01,2002-12-31,181,'716,Zimbabwe,515,'01341,Apples,5531,Producer Price (SLC/tonne),2002,2002,7021,Annual value,SLC,431.600000,A
ZWE,2003-01-01,2003-12-31,181,'716,Zimbabwe,515,'01341,Apples,5531,Producer Price (SLC/tonne),2003,2003,7021,Annual value,SLC,5606.500000,A
ZWE,2015-01-01,2015-12-31,181,'716,Zimbabwe,515,'01341,Apples,5531,Producer Price (SLC/tonne),2015,2015,7021,Annual value,SLC,1897.000000,A
ZWE,2016-01-01,2016-12-31,181,'716,Zimbabwe,515,'01341,Apples,5531,Producer Price (SLC/tonne),2016,2016,7021,Annual value,SLC,1789.000000,A
ZWE,2017-01-01,2017-12-31,181,'716,Zimbabwe,515,'01341,Apples,5531,Producer Price (SLC/tonne),2017,2017,7021,Annual value,SLC,1865.000000,A
ZWE,2018-01-01,2018-12-31,181,'716,Zimbabwe,515,'01341,Apples,5531,Producer Price (SLC/tonne),2018,2018,7021,Annual value,SLC,2048.200000,A
ZWE,2015-01-01,2015-12-31,181,'716,Zimbabwe,515,'01341,Apples,5532,Producer Price (USD/tonne),2015,2015,7021,Annual value,USD,1897.000000,A
ZWE,2016-01-01,2016-12-31,181,'716,Zimbabwe,515,'01341,Apples,5532,Producer Price (USD/tonne),2016,2016,7021,Annual value,USD,1789.000000,A
ZWE,2017-01-01,2017-12-31,181,'716,Zimbabwe,515,'01341,Apples,5532,Producer Price (USD/tonne),2017,2017,7021,Annual value,USD,1865.000000,A
ZWE,1991-01-01,1991-12-31,181,'716,Zimbabwe,515,'01341,Apples,5539,Producer Price Index (2014-2016 = 100),1991,1991,7021,Annual value,,0.420000,E
ZWE,1992-01-01,1992-12-31,181,'716,Zimbabwe,515,'01341,Apples,5539,Producer Price Index (2014-2016 = 100),1992,1992,7021,Annual value,,0.460000,E
ZWE,1993-01-01,1993-12-31,181,'716,Zimbabwe,515,'01341,Apples,5539,Producer Price Index (2014-2016 = 100),1993,1993,7021,Annual value,,0.500000,E
ZWE,1994-01-01,1994-12-31,181,'716,Zimbabwe,515,'01341,Apples,5539,Producer Price Index (2014-2016 = 100),1994,1994,7021,Annual value,,0.540000,E
ZWE,1995-01-01,1995-12-31,181,'716,Zimbabwe,515,'01341,Apples,5539,Producer Price Index (2014-2016 = 100),1995,1995,7021,Annual value,,0.630000,E
ZWE,1996-01-01,1996-12-31,181,'716,Zimbabwe,515,'01341,Apples,5539,Producer Price Index (2014-2016 = 100),1996,1996,7021,Annual value,,0.720000,E
ZWE,1997-01-01,1997-12-31,181,'716,Zimbabwe,515,'01341,Apples,5539,Producer Price Index (2014-2016 = 100),1997,1997,7021,Annual value,,0.720000,E
ZWE,1998-01-01,1998-12-31,181,'716,Zimbabwe,515,'01341,Apples,5539,Producer Price Index (2014-2016 = 100),1998,1998,7021,Annual value,,1.740000,E
ZWE,1999-01-01,1999-12-31,181,'716,Zimbabwe,515,'01341,Apples,5539,Producer Price Index (2014-2016 = 100),1999,1999,7021,Annual value,,2.530000,E
ZWE,2000-01-01,2000-12-31,181,'716,Zimbabwe,515,'01341,Apples,5539,Producer Price Index (2014-2016 = 100),2000,2000,7021,Annual value,,3.840000,E
ZWE,2001-01-01,2001-12-31,181,'716,Zimbabwe,515,'01341,Apples,5539,Producer Price Index (2014-2016 = 100),2001,2001,7021,Annual value,,18.290000,E
ZWE,2002-01-01,2002-12-31,181,'716,Zimbabwe,515,'01341,Apples,5539,Producer Price Index (2014-2016 = 100),2002,2002,7021,Annual value,,23.420000,E
ZWE,2003-01-01,2003-12-31,181,'716,Zimbabwe,515,'01341,Apples,5539,Producer Price Index (2014-2016 = 100),2003,2003,7021,Annual value,,304.210000,E
ZWE,2004-01-01,2004-12-31,181,'716,Zimbabwe,515,'01341,Apples,5539,Producer Price Index (2014-2016 = 100),2004,2004,7021,Annual value,,1649.950000,E
ZWE,2005-01-01,2005-12-31,181,'716,Zimbabwe,515,'01341,Apples,5539,Producer Price Index (2014-2016 = 100),2005,2005,7021,Annual value,,6782.380000,E
ZWE,2006-01-01,2006-12-31,181,'716,Zimbabwe,515,'01341,Apples,5539,Producer Price Index (2014-2016 = 100),2006,2006,7021,Annual value,,94433.350000,E
ZWE,2007-01-01,2007-12-31,181,'716,Zimbabwe,515,'01341,Apples,5539,Producer Price Index (2014-2016 = 100),2007,2007,7021,Annual value,,336501.060000,E
ZWE,2015-01-01,2015-12-31,181,'716,Zimbabwe,515,'01341,Apples,5539,Producer Price Index (2014-2016 = 100),2015,2015,7021,Annual value,,102.930000,E
ZWE,2016-01-01,2016-12-31,181,'716,Zimbabwe,515,'01341,Apples,5539,Producer Price Index (2014-2016 = 100),2016,2016,7021,Annual value,,97.070000,E
ZWE,2017-01-01,2017-12-31,181,'716,Zimbabwe,515,'01341,Apples,5539,Producer Price Index (2014-2016 = 100),2017,2017,7021,Annual value,,101.190000,E
ZWE,2018-01-01,2018-12-31,181,'716,Zimbabwe,515,'01341,Apples,5539,Producer Price Index (2014-2016 = 100),2018,2018,7021,Annual value,,111.130000,E
ZWE,2000-01-01,2000-12-31,181,'716,Zimbabwe,367,'01211,Asparagus,5530,Producer Price (LCU/tonne),2000,2000,7021,Annual value,LCU,8500.000000,A
ZWE,2001-01-01,2001-12-31,181,'716,Zimbabwe,367,'01211,Asparagus,5530,Producer Price (LCU/tonne),2001,2001,7021,Annual value,LCU,14462.000000,I
ZWE,2002-01-01,2002-12-31,181,'716,Zimbabwe,367,'01211,Asparagus,5530,Producer Price (LCU/tonne),2002,2002,7021,Annual value,LCU,40000.000000,A
ZWE,2003-01-01,2003-12-31,181,'716,Zimbabwe,367,'01211,Asparagus,5530,Producer Price (LCU/tonne),2003,2003,7021,Annual value,LCU,1120000.000000,A
ZWE,2000-01-01,2000-12-31,181,'716,Zimbabwe,367,'01211,Asparagus,5531,Producer Price (SLC/tonne),2000,2000,7021,Annual value,SLC,23.500000,A
ZWE,2001-01-01,2001-12-31,181,'716,Zimbabwe,367,'01211,Asparagus,5531,Producer Price (SLC/tonne),2001,2001,7021,Annual value,SLC,40.000000,I
ZWE,2002-01-01,2002-12-31,181,'716,Zimbabwe,367,'01211,Asparagus,5531,Producer Price (SLC/tonne),2002,2002,7021,Annual value,SLC,110.500000,A
ZWE,2003-01-01,2003-12-31,181,'716,Zimbabwe,367,'01211,Asparagus,5531,Producer Price (SLC/tonne),2003,2003,7021,Annual value,SLC,3094.800000,A
ZWE,2015-01-01,2015-12-31,181,'716,Zimbabwe,572,'01311,Avocados,5530,Producer Price (LCU/tonne),2015,2015,7021,Annual value,LCU,1009.000000,A
ZWE,2016-01-01,2016-12-31,181,'716,Zimbabwe,572,'01311,Avocados,5530,Producer Price (LCU/tonne),2016,2016,7021,Annual value,LCU,1007.000000,A
ZWE,2017-01-01,2017-12-31,181,'716,Zimbabwe,572,'01311,Avocados,5530,Producer Price (LCU/tonne),2017,2017,7021,Annual value,LCU,1158.000000,A
ZWE,2017-01-01,2017-01-31,181,'716,Zimbabwe,572,'01311,Avocados,5530,Producer Price (LCU/tonne),2017,2017,7001,January,LCU,1110.000000,A
ZWE,2017-02-01,2017-02-28,181,'716,Zimbabwe,572,'01311,Avocados,5530,Producer Price (LCU/tonne),2017,2017,7002,February,LCU,1240.000000,A
ZWE,2017-03-01,2017-03-31,181,'716,Zimbabwe,572,'01311,Avocados,5530,Producer Price (LCU/tonne),2017,2017,7003,March,LCU,1310.000000,A
ZWE,2017-04-01,2017-04-30,181,'716,Zimbabwe,572,'01311,Avocados,5530,Producer Price (LCU/tonne),2017,2017,7004,April,LCU,1370.000000,A
ZWE,2017-05-01,2017-05-31,181,'716,Zimbabwe,572,'01311,Avocados,5530,Producer Price (LCU/tonne),2017,2017,7005,May,LCU,1210.000000,A
ZWE,2017-06-01,2017-06-30,181,'716,Zimbabwe,572,'01311,Avocados,5530,Producer Price (LCU/tonne),2017,2017,7006,June,LCU,1070.000000,A
ZWE,2017-07-01,2017-07-31,181,'716,Zimbabwe,572,'01311,Avocados,5530,Producer Price (LCU/tonne),2017,2017,7007,July,LCU,1070.000000,A
ZWE,2017-08-01,2017-08-31,181,'716,Zimbabwe,572,'01311,Avocados,5530,Producer Price (LCU/tonne),2017,2017,7008,August,LCU,1050.000000,A
ZWE,2017-09-01,2017-09-30,181,'716,Zimbabwe,572,'01311,Avocados,5530,Producer Price (LCU/tonne),2017,2017,7009,September,LCU,1020.000000,A
ZWE,2017-10-01,2017-10-31,181,'716,Zimbabwe,572,'01311,Avocados,5530,Producer Price (LCU/tonne),2017,2017,7010,October,LCU,1120.000000,A
ZWE,2017-11-01,2017-11-30,181,'716,Zimbabwe,572,'01311,Avocados,5530,Producer Price (LCU/tonne),2017,2017,7011,November,LCU,1150.000000,A
ZWE,2017-12-01,2017-12-31,181,'716,Zimbabwe,572,'01311,Avocados,5530,Producer Price (LCU/tonne),2017,2017,7012,December,LCU,1180.000000,A
ZWE,2018-01-01,2018-01-31,181,'716,Zimbabwe,572,'01311,Avocados,5530,Producer Price (LCU/tonne),2018,2018,7001,January,LCU,1210.000000,A
ZWE,2015-01-01,2015-12-31,181,'716,Zimbabwe,572,'01311,Avocados,5531,Producer Price (SLC/tonne),2015,2015,7021,Annual value,SLC,1009.000000,A
ZWE,2016-01-01,2016-12-31,181,'716,Zimbabwe,572,'01311,Avocados,5531,Producer Price (SLC/tonne),2016,2016,7021,Annual value,SLC,1007.000000,A
ZWE,2017-01-01,2017-12-31,181,'716,Zimbabwe,572,'01311,Avocados,5531,Producer Price (SLC/tonne),2017,2017,7021,Annual value,SLC,1158.000000,A
ZWE,2018-01-01,2018-12-31,181,'716,Zimbabwe,572,'01311,Avocados,5531,Producer Price (SLC/tonne),2018,2018,7021,Annual value,SLC,1271.700000,A
ZWE,2015-01-01,2015-12-31,181,'716,Zimbabwe,572,'01311,Avocados,5532,Producer Price (USD/tonne),2015,2015,7021,Annual value,USD,1009.000000,A
ZWE,2016-01-01,2016-12-31,181,'716,Zimbabwe,572,'01311,Avocados,5532,Producer Price (USD/tonne),2016,2016,7021,Annual value,USD,1007.000000,A
ZWE,2017-01-01,2017-12-31,181,'716,Zimbabwe,572,'01311,Avocados,5532,Producer Price (USD/tonne),2017,2017,7021,Annual value,USD,1158.000000,A
ZWE,1991-01-01,1991-12-31,181,'716,Zimbabwe,572,'01311,Avocados,5539,Producer Price Index (2014-2016 = 100),1991,1991,7021,Annual value,,0.790000,E
ZWE,1992-01-01,1992-12-31,181,'716,Zimbabwe,572,'01311,Avocados,5539,Producer Price Index (2014-2016 = 100),1992,1992,7021,Annual value,,0.790000,E
ZWE,1993-01-01,1993-12-31,181,'716,Zimbabwe,572,'01311,Avocados,5539,Producer Price Index (2014-2016 = 100),1993,1993,7021,Annual value,,0.790000,E
ZWE,1994-01-01,1994-12-31,181,'716,Zimbabwe,572,'01311,Avocados,5539,Producer Price Index (2014-2016 = 100),1994,1994,7021,Annual value,,0.790000,E
ZWE,1995-01-01,1995-12-31,181,'716,Zimbabwe,572,'01311,Avocados,5539,Producer Price Index (2014-2016 = 100),1995,1995,7021,Annual value,,0.920000,E
ZWE,1996-01-01,1996-12-31,181,'716,Zimbabwe,572,'01311,Avocados,5539,Producer Price Index (2014-2016 = 100),1996,1996,7021,Annual value,,1.050000,E
ZWE,1997-01-01,1997-12-31,181,'716,Zimbabwe,572,'01311,Avocados,5539,Producer Price Index (2014-2016 = 100),1997,1997,7021,Annual value,,1.050000,E
ZWE,1998-01-01,1998-12-31,181,'716,Zimbabwe,572,'01311,Avocados,5539,Producer Price Index (2014-2016 = 100),1998,1998,7021,Annual value,,2.530000,E
ZWE,1999-01-01,1999-12-31,181,'716,Zimbabwe,572,'01311,Avocados,5539,Producer Price Index (2014-2016 = 100),1999,1999,7021,Annual value,,3.670000,E
ZWE,2000-01-01,2000-12-31,181,'716,Zimbabwe,572,'01311,Avocados,5539,Producer Price Index (2014-2016 = 100),2000,2000,7021,Annual value,,6.550000,E
ZWE,2001-01-01,2001-12-31,181,'716,Zimbabwe,572,'01311,Avocados,5539,Producer Price Index (2014-2016 = 100),2001,2001,7021,Annual value,,22.700000,E
ZWE,2002-01-01,2002-12-31,181,'716,Zimbabwe,572,'01311,Avocados,5539,Producer Price Index (2014-2016 = 100),2002,2002,7021,Annual value,,34.540000,E
ZWE,2003-01-01,2003-12-31,181,'716,Zimbabwe,572,'01311,Avocados,5539,Producer Price Index (2014-2016 = 100),2003,2003,7021,Annual value,,221.810000,E
ZWE,2004-01-01,2004-12-31,181,'716,Zimbabwe,572,'01311,Avocados,5539,Producer Price Index (2014-2016 = 100),2004,2004,7021,Annual value,,921.090000,E
ZWE,2005-01-01,2005-12-31,181,'716,Zimbabwe,572,'01311,Avocados,5539,Producer Price Index (2014-2016 = 100),2005,2005,7021,Annual value,,2823.470000,E
ZWE,2006-01-01,2006-12-31,181,'716,Zimbabwe,572,'01311,Avocados,5539,Producer Price Index (2014-2016 = 100),2006,2006,7021,Annual value,,39312.200000,E
ZWE,2007-01-01,2007-12-31,181,'716,Zimbabwe,572,'01311,Avocados,5539,Producer Price Index (2014-2016 = 100),2007,2007,7021,Annual value,,118836.000000,E
ZWE,2015-01-01,2015-12-31,181,'716,Zimbabwe,572,'01311,Avocados,5539,Producer Price Index (2014-2016 = 100),2015,2015,7021,Annual value,,100.100000,E
ZWE,2016-01-01,2016-12-31,181,'716,Zimbabwe,572,'01311,Avocados,5539,Producer Price Index (2014-2016 = 100),2016,2016,7021,Annual value,,99.900000,E
ZWE,2017-01-01,2017-12-31,181,'716,Zimbabwe,572,'01311,Avocados,5539,Producer Price Index (2014-2016 = 100),2017,2017,7021,Annual value,,114.880000,E
ZWE,2018-01-01,2018-12-31,181,'716,Zimbabwe,572,'01311,Avocados,5539,Producer Price Index (2014-2016 = 100),2018,2018,7021,Annual value,,126.160000,E
ZWE,1991-01-01,1991-12-31,181,'716,Zimbabwe,486,'01312,Bananas,5530,Producer Price (LCU/tonne),1991,1991,7021,Annual value,LCU,1100.000000,A
ZWE,1992-01-01,1992-12-31,181,'716,Zimbabwe,486,'01312,Bananas,5530,Producer Price (LCU/tonne),1992,1992,7021,Annual value,LCU,1100.000000,A
ZWE,1993-01-01,1993-12-31,181,'716,Zimbabwe,486,'01312,Bananas,5530,Producer Price (LCU/tonne),1993,1993,7021,Annual value,LCU,1250.000000,A
ZWE,1994-01-01,1994-12-31,181,'716,Zimbabwe,486,'01312,Bananas,5530,Producer Price (LCU/tonne),1994,1994,7021,Annual value,LCU,1300.000000,X
ZWE,2000-01-01,2000-12-31,181,'716,Zimbabwe,486,'01312,Bananas,5530,Producer Price (LCU/tonne),2000,2000,7021,Annual value,LCU,8600.000000,A
ZWE,2001-01-01,2001-12-31,181,'716,Zimbabwe,486,'01312,Bananas,5530,Producer Price (LCU/tonne),2001,2001,7021,Annual value,LCU,19500.000000,A
ZWE,2002-01-01,2002-12-31,181,'716,Zimbabwe,486,'01312,Bananas,5530,Producer Price (LCU/tonne),2002,2002,7021,Annual value,LCU,29090.000000,A
ZWE,2003-01-01,2003-12-31,181,'716,Zimbabwe,486,'01312,Bananas,5530,Producer Price (LCU/tonne),2003,2003,7021,Annual value,LCU,395000.000000,A
ZWE,2015-01-01,2015-12-31,181,'716,Zimbabwe,486,'01312,Bananas,5530,Producer Price (LCU/tonne),2015,2015,7021,Annual value,LCU,566.000000,A
ZWE,2016-01-01,2016-12-31,181,'716,Zimbabwe,486,'01312,Bananas,5530,Producer Price (LCU/tonne),2016,2016,7021,Annual value,LCU,631.000000,A
ZWE,2017-01-01,2017-12-31,181,'716,Zimbabwe,486,'01312,Bananas,5530,Producer Price (LCU/tonne),2017,2017,7021,Annual value,LCU,946.000000,A
ZWE,2017-01-01,2017-01-31,181,'716,Zimbabwe,486,'01312,Bananas,5530,Producer Price (LCU/tonne),2017,2017,7001,January,LCU,1315.000000,A
ZWE,2017-02-01,2017-02-28,181,'716,Zimbabwe,486,'01312,Bananas,5530,Producer Price (LCU/tonne),2017,2017,7002,February,LCU,988.000000,A
ZWE,2017-03-01,2017-03-31,181,'716,Zimbabwe,486,'01312,Bananas,5530,Producer Price (LCU/tonne),2017,2017,7003,March,LCU,817.000000,A
ZWE,2017-04-01,2017-04-30,181,'716,Zimbabwe,486,'01312,Bananas,5530,Producer Price (LCU/tonne),2017,2017,7004,April,LCU,1370.000000,A
ZWE,2017-05-01,2017-05-31,181,'716,Zimbabwe,486,'01312,Bananas,5530,Producer Price (LCU/tonne),2017,2017,7005,May,LCU,958.000000,A
ZWE,2017-06-01,2017-06-30,181,'716,Zimbabwe,486,'01312,Bananas,5530,Producer Price (LCU/tonne),2017,2017,7006,June,LCU,690.000000,A
ZWE,2017-07-01,2017-07-31,181,'716,Zimbabwe,486,'01312,Bananas,5530,Producer Price (LCU/tonne),2017,2017,7007,July,LCU,443.000000,A
ZWE,2017-08-01,2017-08-31,181,'716,Zimbabwe,486,'01312,Bananas,5530,Producer Price (LCU/tonne),2017,2017,7008,August,LCU,875.000000,A
ZWE,2017-09-01,2017-09-30,181,'716,Zimbabwe,486,'01312,Bananas,5530,Producer Price (LCU/tonne),2017,2017,7009,September,LCU,967.000000,A
ZWE,2017-10-01,2017-10-31,181,'716,Zimbabwe,486,'01312,Bananas,5530,Producer Price (LCU/tonne),2017,2017,7010,October,LCU,950.000000,A
ZWE,2017-11-01,2017-11-30,181,'716,Zimbabwe,486,'01312,Bananas,5530,Producer Price (LCU/tonne),2017,2017,7011,November,LCU,1000.000000,A
ZWE,2017-12-01,2017-12-31,181,'716,Zimbabwe,486,'01312,Bananas,5530,Producer Price (LCU/tonne),2017,2017,7012,December,LCU,975.000000,A
ZWE,2018-01-01,2018-01-31,181,'716,Zimbabwe,486,'01312,Bananas,5530,Producer Price (LCU/tonne),2018,2018,7001,January,LCU,790.000000,A
ZWE,1991-01-01,1991-12-31,181,'716,Zimbabwe,486,'01312,Bananas,5531,Producer Price (SLC/tonne),1991,1991,7021,Annual value,SLC,3.000000,A
ZWE,1992-01-01,1992-12-31,181,'716,Zimbabwe,486,'01312,Bananas,5531,Producer Price (SLC/tonne),1992,1992,7021,Annual value,SLC,3.000000,A
ZWE,1993-01-01,1993-12-31,181,'716,Zimbabwe,486,'01312,Bananas,5531,Producer Price (SLC/tonne),1993,1993,7021,Annual value,SLC,3.500000,A
ZWE,1994-01-01,1994-12-31,181,'716,Zimbabwe,486,'01312,Bananas,5531,Producer Price (SLC/tonne),1994,1994,7021,Annual value,SLC,3.600000,X
ZWE,2000-01-01,2000-12-31,181,'716,Zimbabwe,486,'01312,Bananas,5531,Producer Price (SLC/tonne),2000,2000,7021,Annual value,SLC,23.800000,A
ZWE,2001-01-01,2001-12-31,181,'716,Zimbabwe,486,'01312,Bananas,5531,Producer Price (SLC/tonne),2001,2001,7021,Annual value,SLC,53.900000,A
ZWE,2002-01-01,2002-12-31,181,'716,Zimbabwe,486,'01312,Bananas,5531,Producer Price (SLC/tonne),2002,2002,7021,Annual value,SLC,80.400000,A
ZWE,2003-01-01,2003-12-31,181,'716,Zimbabwe,486,'01312,Bananas,5531,Producer Price (SLC/tonne),2003,2003,7021,Annual value,SLC,1091.500000,A
ZWE,2015-01-01,2015-12-31,181,'716,Zimbabwe,486,'01312,Bananas,5531,Producer Price (SLC/tonne),2015,2015,7021,Annual value,SLC,566.000000,A
ZWE,2016-01-01,2016-12-31,181,'716,Zimbabwe,486,'01312,Bananas,5531,Producer Price (SLC/tonne),2016,2016,7021,Annual value,SLC,631.000000,A
ZWE,2017-01-01,2017-12-31,181,'716,Zimbabwe,486,'01312,Bananas,5531,Producer Price (SLC/tonne),2017,2017,7021,Annual value,SLC,946.000000,A
ZWE,2018-01-01,2018-12-31,181,'716,Zimbabwe,486,'01312,Bananas,5531,Producer Price (SLC/tonne),2018,2018,7021,Annual value,SLC,1038.900000,A
ZWE,2015-01-01,2015-12-31,181,'716,Zimbabwe,486,'01312,Bananas,5532,Producer Price (USD/tonne),2015,2015,7021,Annual value,USD,566.000000,A
ZWE,2016-01-01,2016-12-31,181,'716,Zimbabwe,486,'01312,Bananas,5532,Producer Price (USD/tonne),2016,2016,7021,Annual value,USD,631.000000,A
ZWE,2017-01-01,2017-12-31,181,'716,Zimbabwe,486,'01312,Bananas,5532,Producer Price (USD/tonne),2017,2017,7021,Annual value,USD,946.000000,A
ZWE,1991-01-01,1991-12-31,181,'716,Zimbabwe,486,'01312,Bananas,5539,Producer Price Index (2014-2016 = 100),1991,1991,7021,Annual value,,0.510000,E
ZWE,1992-01-01,1992-12-31,181,'716,Zimbabwe,486,'01312,Bananas,5539,Producer Price Index (2014-2016 = 100),1992,1992,7021,Annual value,,0.510000,E
ZWE,1993-01-01,1993-12-31,181,'716,Zimbabwe,486,'01312,Bananas,5539,Producer Price Index (2014-2016 = 100),1993,1993,7021,Annual value,,0.580000,E
ZWE,1994-01-01,1994-12-31,181,'716,Zimbabwe,486,'01312,Bananas,5539,Producer Price Index (2014-2016 = 100),1994,1994,7021,Annual value,,0.600000,E
ZWE,1995-01-01,1995-12-31,181,'716,Zimbabwe,486,'01312,Bananas,5539,Producer Price Index (2014-2016 = 100),1995,1995,7021,Annual value,,0.700000,E
ZWE,1996-01-01,1996-12-31,181,'716,Zimbabwe,486,'01312,Bananas,5539,Producer Price Index (2014-2016 = 100),1996,1996,7021,Annual value,,0.800000,E
ZWE,1997-01-01,1997-12-31,181,'716,Zimbabwe,486,'01312,Bananas,5539,Producer Price Index (2014-2016 = 100),1997,1997,7021,Annual value,,0.800000,E
ZWE,1998-01-01,1998-12-31,181,'716,Zimbabwe,486,'01312,Bananas,5539,Producer Price Index (2014-2016 = 100),1998,1998,7021,Annual value,,1.930000,E
ZWE,1999-01-01,1999-12-31,181,'716,Zimbabwe,486,'01312,Bananas,5539,Producer Price Index (2014-2016 = 100),1999,1999,7021,Annual value,,2.800000,E
ZWE,2000-01-01,2000-12-31,181,'716,Zimbabwe,486,'01312,Bananas,5539,Producer Price Index (2014-2016 = 100),2000,2000,7021,Annual value,,3.970000,E
ZWE,2001-01-01,2001-12-31,181,'716,Zimbabwe,486,'01312,Bananas,5539,Producer Price Index (2014-2016 = 100),2001,2001,7021,Annual value,,9.000000,E
ZWE,2002-01-01,2002-12-31,181,'716,Zimbabwe,486,'01312,Bananas,5539,Producer Price Index (2014-2016 = 100),2002,2002,7021,Annual value,,13.430000,E
ZWE,2003-01-01,2003-12-31,181,'716,Zimbabwe,486,'01312,Bananas,5539,Producer Price Index (2014-2016 = 100),2003,2003,7021,Annual value,,182.370000,E
ZWE,2004-01-01,2004-12-31,181,'716,Zimbabwe,486,'01312,Bananas,5539,Producer Price Index (2014-2016 = 100),2004,2004,7021,Annual value,,937.460000,E
ZWE,2005-01-01,2005-12-31,181,'716,Zimbabwe,486,'01312,Bananas,5539,Producer Price Index (2014-2016 = 100),2005,2005,7021,Annual value,,3979.970000,E
ZWE,2006-01-01,2006-12-31,181,'716,Zimbabwe,486,'01312,Bananas,5539,Producer Price Index (2014-2016 = 100),2006,2006,7021,Annual value,,55414.540000,E
ZWE,2007-01-01,2007-12-31,181,'716,Zimbabwe,486,'01312,Bananas,5539,Producer Price Index (2014-2016 = 100),2007,2007,7021,Annual value,,180300.100000,E
ZWE,2015-01-01,2015-12-31,181,'716,Zimbabwe,486,'01312,Bananas,5539,Producer Price Index (2014-2016 = 100),2015,2015,7021,Annual value,,94.570000,E
ZWE,2016-01-01,2016-12-31,181,'716,Zimbabwe,486,'01312,Bananas,5539,Producer Price Index (2014-2016 = 100),2016,2016,7021,Annual value,,105.430000,E
ZWE,2017-01-01,2017-12-31,181,'716,Zimbabwe,486,'01312,Bananas,5539,Producer Price Index (2014-2016 = 100),2017,2017,7021,Annual value,,158.060000,E
ZWE,2018-01-01,2018-12-31,181,'716,Zimbabwe,486,'01312,Bananas,5539,Producer Price Index (2014-2016 = 100),2018,2018,7021,Annual value,,173.590000,E
ZWE,1991-01-01,1991-12-31,181,'716,Zimbabwe,44,'0115,Barley,5530,Producer Price (LCU/tonne),1991,1991,7021,Annual value,LCU,520.000000,A
ZWE,1992-01-01,1992-12-31,181,'716,Zimbabwe,44,'0115,Barley,5530,Producer Price (LCU/tonne),1992,1992,7021,Annual value,LCU,1200.000000,A
ZWE,1993-01-01,1993-12-31,181,'716,Zimbabwe,44,'0115,Barley,5530,Producer Price (LCU/tonne),1993,1993,7021,Annual value,LCU,1550.000000,A
ZWE,1994-01-01,1994-12-31,181,'716,Zimbabwe,44,'0115,Barley,5530,Producer Price (LCU/tonne),1994,1994,7021,Annual value,LCU,1550.000000,A
ZWE,1995-01-01,1995-12-31,181,'716,Zimbabwe,44,'0115,Barley,5530,Producer Price (LCU/tonne),1995,1995,7021,Annual value,LCU,1900.000000,A
ZWE,1996-01-01,1996-12-31,181,'716,Zimbabwe,44,'0115,Barley,5530,Producer Price (LCU/tonne),1996,1996,7021,Annual value,LCU,2200.000000,A
ZWE,1997-01-01,1997-12-31,181,'716,Zimbabwe,44,'0115,Barley,5530,Producer Price (LCU/tonne),1997,1997,7021,Annual value,LCU,5000.000000,A
ZWE,1998-01-01,1998-12-31,181,'716,Zimbabwe,44,'0115,Barley,5530,Producer Price (LCU/tonne),1998,1998,7021,Annual value,LCU,7000.000000,A
ZWE,1999-01-01,1999-12-31,181,'716,Zimbabwe,44,'0115,Barley,5530,Producer Price (LCU/tonne),1999,1999,7021,Annual value,LCU,7500.000000,A
ZWE,2000-01-01,2000-12-31,181,'716,Zimbabwe,44,'0115,Barley,5530,Producer Price (LCU/tonne),2000,2000,7021,Annual value,LCU,9900.000000,A
ZWE,2001-01-01,2001-12-31,181,'716,Zimbabwe,44,'0115,Barley,5530,Producer Price (LCU/tonne),2001,2001,7021,Annual value,LCU,25000.000000,A
ZWE,2002-01-01,2002-12-31,181,'716,Zimbabwe,44,'0115,Barley,5530,Producer Price (LCU/tonne),2002,2002,7021,Annual value,LCU,68500.000000,A
ZWE,2003-01-01,2003-12-31,181,'716,Zimbabwe,44,'0115,Barley,5530,Producer Price (LCU/tonne),2003,2003,7021,Annual value,LCU,770000.000000,A
ZWE,1991-01-01,1991-12-31,181,'716,Zimbabwe,44,'0115,Barley,5531,Producer Price (SLC/tonne),1991,1991,7021,Annual value,SLC,1.400000,A
ZWE,1992-01-01,1992-12-31,181,'716,Zimbabwe,44,'0115,Barley,5531,Producer Price (SLC/tonne),1992,1992,7021,Annual value,SLC,3.300000,A
ZWE,1993-01-01,1993-12-31,181,'716,Zimbabwe,44,'0115,Barley,5531,Producer Price (SLC/tonne),1993,1993,7021,Annual value,SLC,4.300000,A
ZWE,1994-01-01,1994-12-31,181,'716,Zimbabwe,44,'0115,Barley,5531,Producer Price (SLC/tonne),1994,1994,7021,Annual value,SLC,4.300000,A
ZWE,1995-01-01,1995-12-31,181,'716,Zimbabwe,44,'0115,Barley,5531,Producer Price (SLC/tonne),1995,1995,7021,Annual value,SLC,5.300000,A
ZWE,1996-01-01,1996-12-31,181,'716,Zimbabwe,44,'0115,Barley,5531,Producer Price (SLC/tonne),1996,1996,7021,Annual value,SLC,6.100000,A
ZWE,1997-01-01,1997-12-31,181,'716,Zimbabwe,44,'0115,Barley,5531,Producer Price (SLC/tonne),1997,1997,7021,Annual value,SLC,13.800000,A
ZWE,1998-01-01,1998-12-31,181,'716,Zimbabwe,44,'0115,Barley,5531,Producer Price (SLC/tonne),1998,1998,7021,Annual value,SLC,19.300000,A
ZWE,1999-01-01,1999-12-31,181,'716,Zimbabwe,44,'0115,Barley,5531,Producer Price (SLC/tonne),1999,1999,7021,Annual value,SLC,20.700000,A
ZWE,2000-01-01,2000-12-31,181,'716,Zimbabwe,44,'0115,Barley,5531,Producer Price (SLC/tonne),2000,2000,7021,Annual value,SLC,27.400000,A
ZWE,2001-01-01,2001-12-31,181,'716,Zimbabwe,44,'0115,Barley,5531,Producer Price (SLC/tonne),2001,2001,7021,Annual value,SLC,69.100000,A
ZWE,2002-01-01,2002-12-31,181,'716,Zimbabwe,44,'0115,Barley,5531,Producer Price (SLC/tonne),2002,2002,7021,Annual value,SLC,189.300000,A
ZWE,2003-01-01,2003-12-31,181,'716,Zimbabwe,44,'0115,Barley,5531,Producer Price (SLC/tonne),2003,2003,7021,Annual value,SLC,2127.700000,A
ZWE,1991-01-01,1991-12-31,181,'716,Zimbabwe,176,'01701,"Beans, dry",5530,Producer Price (LCU/tonne),1991,1991,7021,Annual value,LCU,450.000000,A
ZWE,1992-01-01,1992-12-31,181,'716,Zimbabwe,176,'01701,"Beans, dry",5530,Producer Price (LCU/tonne),1992,1992,7021,Annual value,LCU,450.000000,A
ZWE,1995-01-01,1995-12-31,181,'716,Zimbabwe,176,'01701,"Beans, dry",5530,Producer Price (LCU/tonne),1995,1995,7021,Annual value,LCU,4300.000000,A
ZWE,1996-01-01,1996-12-31,181,'716,Zimbabwe,176,'01701,"Beans, dry",5530,Producer Price (LCU/tonne),1996,1996,7021,Annual value,LCU,6500.000000,A
ZWE,1997-01-01,1997-12-31,181,'716,Zimbabwe,176,'01701,"Beans, dry",5530,Producer Price (LCU/tonne),1997,1997,7021,Annual value,LCU,6330.000000,A
ZWE,1998-01-01,1998-12-31,181,'716,Zimbabwe,176,'01701,"Beans, dry",5530,Producer Price (LCU/tonne),1998,1998,7021,Annual value,LCU,4818.000000,A
ZWE,1999-01-01,1999-12-31,181,'716,Zimbabwe,176,'01701,"Beans, dry",5530,Producer Price (LCU/tonne),1999,1999,7021,Annual value,LCU,8500.000000,A
ZWE,2000-01-01,2000-12-31,181,'716,Zimbabwe,176,'01701,"Beans, dry",5530,Producer Price (LCU/tonne),2000,2000,7021,Annual value,LCU,30000.000000,A
ZWE,2001-01-01,2001-12-31,181,'716,Zimbabwe,176,'01701,"Beans, dry",5530,Producer Price (LCU/tonne),2001,2001,7021,Annual value,LCU,52000.000000,A
ZWE,2002-01-01,2002-12-31,181,'716,Zimbabwe,176,'01701,"Beans, dry",5530,Producer Price (LCU/tonne),2002,2002,7021,Annual value,LCU,245000.000000,A
ZWE,2003-01-01,2003-12-31,181,'716,Zimbabwe,176,'01701,"Beans, dry",5530,Producer Price (LCU/tonne),2003,2003,7021,Annual value,LCU,900000.000000,A
ZWE,2004-01-01,2004-12-31,181,'716,Zimbabwe,176,'01701,"Beans, dry",5530,Producer Price (LCU/tonne),2004,2004,7021,Annual value,LCU,10000000.000000,A
ZWE,2005-01-01,2005-12-31,181,'716,Zimbabwe,176,'01701,"Beans, dry",5530,Producer Price (LCU/tonne),2005,2005,7021,Annual value,LCU,19000000.000000,A
ZWE,2013-01-01,2013-12-31,181,'716,Zimbabwe,176,'01701,"Beans, dry",5530,Producer Price (LCU/tonne),2013,2013,7021,Annual value,LCU,361900.000000,A
ZWE,2013-01-01,2013-01-31,181,'716,Zimbabwe,176,'01701,"Beans, dry",5530,Producer Price (LCU/tonne),2013,2013,7001,January,LCU,361900.000000,A
ZWE,2013-02-01,2013-02-28,181,'716,Zimbabwe,176,'01701,"Beans, dry",5530,Producer Price (LCU/tonne),2013,2013,7002,February,LCU,361900.000000,A
ZWE,2013-03-01,2013-03-31,181,'716,Zimbabwe,176,'01701,"Beans, dry",5530,Producer Price (LCU/tonne),2013,2013,7003,March,LCU,361900.000000,A
ZWE,2013-04-01,2013-04-30,181,'716,Zimbabwe,176,'01701,"Beans, dry",5530,Producer Price (LCU/tonne),2013,2013,7004,April,LCU,361900.000000,A
ZWE,2013-05-01,2013-05-31,181,'716,Zimbabwe,176,'01701,"Beans, dry",5530,Producer Price (LCU/tonne),2013,2013,7005,May,LCU,361900.000000,A
ZWE,2013-06-01,2013-06-30,181,'716,Zimbabwe,176,'01701,"Beans, dry",5530,Producer Price (LCU/tonne),2013,2013,7006,June,LCU,361900.000000,A
ZWE,2013-07-01,2013-07-31,181,'716,Zimbabwe,176,'01701,"Beans, dry",5530,Producer Price (LCU/tonne),2013,2013,7007,July,LCU,361900.000000,A
ZWE,2013-08-01,2013-08-31,181,'716,Zimbabwe,176,'01701,"Beans, dry",5530,Producer Price (LCU/tonne),2013,2013,7008,August,LCU,361900.000000,A
ZWE,2013-09-01,2013-09-30,181,'716,Zimbabwe,176,'01701,"Beans, dry",5530,Producer Price (LCU/tonne),2013,2013,7009,September,LCU,361900.000000,A
ZWE,2013-10-01,2013-10-31,181,'716,Zimbabwe,176,'01701,"Beans, dry",5530,Producer Price (LCU/tonne),2013,2013,7010,October,LCU,361900.000000,A
ZWE,2013-11-01,2013-11-30,181,'716,Zimbabwe,176,'01701,"Beans, dry",5530,Producer Price (LCU/tonne),2013,2013,7011,November,LCU,361900.000000,A
ZWE,2013-12-01,2013-12-31,181,'716,Zimbabwe,176,'01701,"Beans, dry",5530,Producer Price (LCU/tonne),2013,2013,7012,December,LCU,361900.000000,A
ZWE,2014-01-01,2014-12-31,181,'716,Zimbabwe,176,'01701,"Beans, dry",5530,Producer Price (LCU/tonne),2014,2014,7021,Annual value,LCU,1300.000000,A
ZWE,2014-01-01,2014-01-31,181,'716,Zimbabwe,176,'01701,"Beans, dry",5530,Producer Price (LCU/tonne),2014,2014,7001,January,LCU,1300.000000,A
ZWE,2014-02-01,2014-02-28,181,'716,Zimbabwe,176,'01701,"Beans, dry",5530,Producer Price (LCU/tonne),2014,2014,7002,February,LCU,1300.000000,A
ZWE,2014-03-01,2014-03-31,181,'716,Zimbabwe,176,'01701,"Beans, dry",5530,Producer Price (LCU/tonne),2014,2014,7003,March,LCU,1300.000000,A
ZWE,2014-04-01,2014-04-30,181,'716,Zimbabwe,176,'01701,"Beans, dry",5530,Producer Price (LCU/tonne),2014,2014,7004,April,LCU,1300.000000,A
ZWE,2014-05-01,2014-05-31,181,'716,Zimbabwe,176,'01701,"Beans, dry",5530,Producer Price (LCU/tonne),2014,2014,7005,May,LCU,1300.000000,A
ZWE,2014-06-01,2014-06-30,181,'716,Zimbabwe,176,'01701,"Beans, dry",5530,Producer Price (LCU/tonne),2014,2014,7006,June,LCU,1300.000000,A
ZWE,2014-07-01,2014-07-31,181,'716,Zimbabwe,176,'01701,"Beans, dry",5530,Producer Price (LCU/tonne),2014,2014,7007,July,LCU,1300.000000,A
ZWE,2014-08-01,2014-08-31,181,'716,Zimbabwe,176,'01701,"Beans, dry",5530,Producer Price (LCU/tonne),2014,2014,7008,August,LCU,1300.000000,A
ZWE,2014-09-01,2014-09-30,181,'716,Zimbabwe,176,'01701,"Beans, dry",5530,Producer Price (LCU/tonne),2014,2014,7009,September,LCU,1300.000000,A
ZWE,2014-10-01,2014-10-31,181,'716,Zimbabwe,176,'01701,"Beans, dry",5530,Producer Price (LCU/tonne),2014,2014,7010,October,LCU,1300.000000,A
ZWE,2014-11-01,2014-11-30,181,'716,Zimbabwe,176,'01701,"Beans, dry",5530,Producer Price (LCU/tonne),2014,2014,7011,November,LCU,1300.000000,A
ZWE,2014-12-01,2014-12-31,181,'716,Zimbabwe,176,'01701,"Beans, dry",5530,Producer Price (LCU/tonne),2014,2014,7012,December,LCU,1300.000000,A
ZWE,2015-01-01,2015-12-31,181,'716,Zimbabwe,176,'01701,"Beans, dry",5530,Producer Price (LCU/tonne),2015,2015,7021,Annual value,LCU,900.000000,A
ZWE,2015-01-01,2015-01-31,181,'716,Zimbabwe,176,'01701,"Beans, dry",5530,Producer Price (LCU/tonne),2015,2015,7001,January,LCU,1300.000000,A
ZWE,2016-01-01,2016-12-31,181,'716,Zimbabwe,176,'01701,"Beans, dry",5530,Producer Price (LCU/tonne),2016,2016,7021,Annual value,LCU,1150.000000,A
ZWE,2016-01-01,2016-01-31,181,'716,Zimbabwe,176,'01701,"Beans, dry",5530,Producer Price (LCU/tonne),2016,2016,7001,January,LCU,1300.000000,A
ZWE,2016-02-01,2016-02-29,181,'716,Zimbabwe,176,'01701,"Beans, dry",5530,Producer Price (LCU/tonne),2016,2016,7002,February,LCU,1300.000000,A
ZWE,2016-03-01,2016-03-31,181,'716,Zimbabwe,176,'01701,"Beans, dry",5530,Producer Price (LCU/tonne),2016,2016,7003,March,LCU,1300.000000,A
ZWE,2016-04-01,2016-04-30,181,'716,Zimbabwe,176,'01701,"Beans, dry",5530,Producer Price (LCU/tonne),2016,2016,7004,April,LCU,900.000000,A
ZWE,2016-05-01,2016-05-31,181,'716,Zimbabwe,176,'01701,"Beans, dry",5530,Producer Price (LCU/tonne),2016,2016,7005,May,LCU,900.000000,A
ZWE,2016-06-01,2016-06-30,181,'716,Zimbabwe,176,'01701,"Beans, dry",5530,Producer Price (LCU/tonne),2016,2016,7006,June,LCU,900.000000,A
ZWE,2016-07-01,2016-07-31,181,'716,Zimbabwe,176,'01701,"Beans, dry",5530,Producer Price (LCU/tonne),2016,2016,7007,July,LCU,900.000000,A
ZWE,2016-08-01,2016-08-31,181,'716,Zimbabwe,176,'01701,"Beans, dry",5530,Producer Price (LCU/tonne),2016,2016,7008,August,LCU,900.000000,A
ZWE,2016-09-01,2016-09-30,181,'716,Zimbabwe,176,'01701,"Beans, dry",5530,Producer Price (LCU/tonne),2016,2016,7009,September,LCU,900.000000,A
ZWE,2016-10-01,2016-10-31,181,'716,Zimbabwe,176,'01701,"Beans, dry",5530,Producer Price (LCU/tonne),2016,2016,7010,October,LCU,900.000000,A
ZWE,2016-11-01,2016-11-30,181,'716,Zimbabwe,176,'01701,"Beans, dry",5530,Producer Price (LCU/tonne),2016,2016,7011,November,LCU,900.000000,A
ZWE,2016-12-01,2016-12-31,181,'716,Zimbabwe,176,'01701,"Beans, dry",5530,Producer Price (LCU/tonne),2016,2016,7012,December,LCU,900.000000,A
ZWE,2017-01-01,2017-12-31,181,'716,Zimbabwe,176,'01701,"Beans, dry",5530,Producer Price (LCU/tonne),2017,2017,7021,Annual value,LCU,1150.000000,A
ZWE,2017-01-01,2017-01-31,181,'716,Zimbabwe,176,'01701,"Beans, dry",5530,Producer Price (LCU/tonne),2017,2017,7001,January,LCU,1150.000000,A
ZWE,2017-02-01,2017-02-28,181,'716,Zimbabwe,176,'01701,"Beans, dry",5530,Producer Price (LCU/tonne),2017,2017,7002,February,LCU,1150.000000,A
ZWE,2017-03-01,2017-03-31,181,'716,Zimbabwe,176,'01701,"Beans, dry",5530,Producer Price (LCU/tonne),2017,2017,7003,March,LCU,1150.000000,A
ZWE,2017-04-01,2017-04-30,181,'716,Zimbabwe,176,'01701,"Beans, dry",5530,Producer Price (LCU/tonne),2017,2017,7004,April,LCU,1150.000000,A
ZWE,2017-05-01,2017-05-31,181,'716,Zimbabwe,176,'01701,"Beans, dry",5530,Producer Price (LCU/tonne),2017,2017,7005,May,LCU,1150.000000,A
ZWE,2017-06-01,2017-06-30,181,'716,Zimbabwe,176,'01701,"Beans, dry",5530,Producer Price (LCU/tonne),2017,2017,7006,June,LCU,1150.000000,A
ZWE,2017-07-01,2017-07-31,181,'716,Zimbabwe,176,'01701,"Beans, dry",5530,Producer Price (LCU/tonne),2017,2017,7007,July,LCU,1150.000000,A
ZWE,2017-08-01,2017-08-31,181,'716,Zimbabwe,176,'01701,"Beans, dry",5530,Producer Price (LCU/tonne),2017,2017,7008,August,LCU,1150.000000,A
ZWE,2017-09-01,2017-09-30,181,'716,Zimbabwe,176,'01701,"Beans, dry",5530,Producer Price (LCU/tonne),2017,2017,7009,September,LCU,1150.000000,A
ZWE,2017-10-01,2017-10-31,181,'716,Zimbabwe,176,'01701,"Beans, dry",5530,Producer Price (LCU/tonne),2017,2017,7010,October,LCU,1150.000000,A
ZWE,2017-11-01,2017-11-30,181,'716,Zimbabwe,176,'01701,"Beans, dry",5530,Producer Price (LCU/tonne),2017,2017,7011,November,LCU,1150.000000,A
ZWE,2017-12-01,2017-12-31,181,'716,Zimbabwe,176,'01701,"Beans, dry",5530,Producer Price (LCU/tonne),2017,2017,7012,December,LCU,1150.000000,A
ZWE,2018-01-01,2018-12-31,181,'716,Zimbabwe,176,'01701,"Beans, dry",5530,Producer Price (LCU/tonne),2018,2018,7021,Annual value,LCU,1025.000000,A
ZWE,2018-01-01,2018-01-31,181,'716,Zimbabwe,176,'01701,"Beans, dry",5530,Producer Price (LCU/tonne),2018,2018,7001,January,LCU,1150.000000,A
ZWE,1991-01-01,1991-12-31,181,'716,Zimbabwe,176,'01701,"Beans, dry",5531,Producer Price (SLC/tonne),1991,1991,7021,Annual value,SLC,1.200000,A
ZWE,1992-01-01,1992-12-31,181,'716,Zimbabwe,176,'01701,"Beans, dry",5531,Producer Price (SLC/tonne),1992,1992,7021,Annual value,SLC,1.200000,A
ZWE,1995-01-01,1995-12-31,181,'716,Zimbabwe,176,'01701,"Beans, dry",5531,Producer Price (SLC/tonne),1995,1995,7021,Annual value,SLC,11.900000,A
ZWE,1996-01-01,1996-12-31,181,'716,Zimbabwe,176,'01701,"Beans, dry",5531,Producer Price (SLC/tonne),1996,1996,7021,Annual value,SLC,18.000000,A
ZWE,1997-01-01,1997-12-31,181,'716,Zimbabwe,176,'01701,"Beans, dry",5531,Producer Price (SLC/tonne),1997,1997,7021,Annual value,SLC,17.500000,A
ZWE,1998-01-01,1998-12-31,181,'716,Zimbabwe,176,'01701,"Beans, dry",5531,Producer Price (SLC/tonne),1998,1998,7021,Annual value,SLC,13.300000,A
ZWE,1999-01-01,1999-12-31,181,'716,Zimbabwe,176,'01701,"Beans, dry",5531,Producer Price (SLC/tonne),1999,1999,7021,Annual value,SLC,23.500000,A
ZWE,2000-01-01,2000-12-31,181,'716,Zimbabwe,176,'01701,"Beans, dry",5531,Producer Price (SLC/tonne),2000,2000,7021,Annual value,SLC,82.900000,A
ZWE,2001-01-01,2001-12-31,181,'716,Zimbabwe,176,'01701,"Beans, dry",5531,Producer Price (SLC/tonne),2001,2001,7021,Annual value,SLC,143.700000,A
ZWE,2002-01-01,2002-12-31,181,'716,Zimbabwe,176,'01701,"Beans, dry",5531,Producer Price (SLC/tonne),2002,2002,7021,Annual value,SLC,677.000000,A
ZWE,2003-01-01,2003-12-31,181,'716,Zimbabwe,176,'01701,"Beans, dry",5531,Producer Price (SLC/tonne),2003,2003,7021,Annual value,SLC,2486.900000,A
ZWE,2004-01-01,2004-12-31,181,'716,Zimbabwe,176,'01701,"Beans, dry",5531,Producer Price (SLC/tonne),2004,2004,7021,Annual value,SLC,27631.900000,A
ZWE,2005-01-01,2005-12-31,181,'716,Zimbabwe,176,'01701,"Beans, dry",5531,Producer Price (SLC/tonne),2005,2005,7021,Annual value,SLC,52500.700000,A
ZWE,2013-01-01,2013-12-31,181,'716,Zimbabwe,176,'01701,"Beans, dry",5531,Producer Price (SLC/tonne),2013,2013,7021,Annual value,SLC,1000.000000,A
ZWE,2014-01-01,2014-12-31,181,'716,Zimbabwe,176,'01701,"Beans, dry",5531,Producer Price (SLC/tonne),2014,2014,7021,Annual value,SLC,1300.000000,A
ZWE,2015-01-01,2015-12-31,181,'716,Zimbabwe,176,'01701,"Beans, dry",5531,Producer Price (SLC/tonne),2015,2015,7021,Annual value,SLC,900.000000,A
ZWE,2016-01-01,2016-12-31,181,'716,Zimbabwe,176,'01701,"Beans, dry",5531,Producer Price (SLC/tonne),2016,2016,7021,Annual value,SLC,1150.000000,A
ZWE,2017-01-01,2017-12-31,181,'716,Zimbabwe,176,'01701,"Beans, dry",5531,Producer Price (SLC/tonne),2017,2017,7021,Annual value,SLC,1150.000000,A
ZWE,2018-01-01,2018-12-31,181,'716,Zimbabwe,176,'01701,"Beans, dry",5531,Producer Price (SLC/tonne),2018,2018,7021,Annual value,SLC,1025.000000,A
ZWE,2010-01-01,2010-12-31,181,'716,Zimbabwe,176,'01701,"Beans, dry",5532,Producer Price (USD/tonne),2010,2010,7021,Annual value,USD,800.000000,A
ZWE,2011-01-01,2011-12-31,181,'716,Zimbabwe,176,'01701,"Beans, dry",5532,Producer Price (USD/tonne),2011,2011,7021,Annual value,USD,800.000000,A
ZWE,2012-01-01,2012-12-31,181,'716,Zimbabwe,176,'01701,"Beans, dry",5532,Producer Price (USD/tonne),2012,2012,7021,Annual value,USD,1000.000000,A
ZWE,2013-01-01,2013-12-31,181,'716,Zimbabwe,176,'01701,"Beans, dry",5532,Producer Price (USD/tonne),2013,2013,7021,Annual value,USD,1000.000000,A
ZWE,2014-01-01,2014-12-31,181,'716,Zimbabwe,176,'01701,"Beans, dry",5532,Producer Price (USD/tonne),2014,2014,7021,Annual value,USD,1300.000000,A
ZWE,2015-01-01,2015-12-31,181,'716,Zimbabwe,176,'01701,"Beans, dry",5532,Producer Price (USD/tonne),2015,2015,7021,Annual value,USD,900.000000,A
ZWE,2016-01-01,2016-12-31,181,'716,Zimbabwe,176,'01701,"Beans, dry",5532,Producer Price (USD/tonne),2016,2016,7021,Annual value,USD,1150.000000,A
ZWE,2017-01-01,2017-12-31,181,'716,Zimbabwe,176,'01701,"Beans, dry",5532,Producer Price (USD/tonne),2017,2017,7021,Annual value,USD,1150.000000,A
ZWE,2018-01-01,2018-12-31,181,'716,Zimbabwe,176,'01701,"Beans, dry",5532,Producer Price (USD/tonne),2018,2018,7021,Annual value,USD,1025.000000,A
ZWE,1991-01-01,1991-12-31,181,'716,Zimbabwe,176,'01701,"Beans, dry",5539,Producer Price Index (2014-2016 = 100),1991,1991,7021,Annual value,,0.110000,E
ZWE,1992-01-01,1992-12-31,181,'716,Zimbabwe,176,'01701,"Beans, dry",5539,Producer Price Index (2014-2016 = 100),1992,1992,7021,Annual value,,0.110000,E
ZWE,1993-01-01,1993-12-31,181,'716,Zimbabwe,176,'01701,"Beans, dry",5539,Producer Price Index (2014-2016 = 100),1993,1993,7021,Annual value,,0.640000,E
ZWE,1994-01-01,1994-12-31,181,'716,Zimbabwe,176,'01701,"Beans, dry",5539,Producer Price Index (2014-2016 = 100),1994,1994,7021,Annual value,,0.680000,E
ZWE,1995-01-01,1995-12-31,181,'716,Zimbabwe,176,'01701,"Beans, dry",5539,Producer Price Index (2014-2016 = 100),1995,1995,7021,Annual value,,1.060000,E
ZWE,1996-01-01,1996-12-31,181,'716,Zimbabwe,176,'01701,"Beans, dry",5539,Producer Price Index (2014-2016 = 100),1996,1996,7021,Annual value,,1.610000,E
ZWE,1997-01-01,1997-12-31,181,'716,Zimbabwe,176,'01701,"Beans, dry",5539,Producer Price Index (2014-2016 = 100),1997,1997,7021,Annual value,,1.570000,E
ZWE,1998-01-01,1998-12-31,181,'716,Zimbabwe,176,'01701,"Beans, dry",5539,Producer Price Index (2014-2016 = 100),1998,1998,7021,Annual value,,1.190000,E
ZWE,1999-01-01,1999-12-31,181,'716,Zimbabwe,176,'01701,"Beans, dry",5539,Producer Price Index (2014-2016 = 100),1999,1999,7021,Annual value,,2.100000,E
ZWE,2000-01-01,2000-12-31,181,'716,Zimbabwe,176,'01701,"Beans, dry",5539,Producer Price Index (2014-2016 = 100),2000,2000,7021,Annual value,,7.420000,E
ZWE,2001-01-01,2001-12-31,181,'716,Zimbabwe,176,'01701,"Beans, dry",5539,Producer Price Index (2014-2016 = 100),2001,2001,7021,Annual value,,12.870000,E
ZWE,2002-01-01,2002-12-31,181,'716,Zimbabwe,176,'01701,"Beans, dry",5539,Producer Price Index (2014-2016 = 100),2002,2002,7021,Annual value,,60.630000,E
ZWE,2003-01-01,2003-12-31,181,'716,Zimbabwe,176,'01701,"Beans, dry",5539,Producer Price Index (2014-2016 = 100),2003,2003,7021,Annual value,,222.710000,E
ZWE,2004-01-01,2004-12-31,181,'716,Zimbabwe,176,'01701,"Beans, dry",5539,Producer Price Index (2014-2016 = 100),2004,2004,7021,Annual value,,2474.500000,E
ZWE,2005-01-01,2005-12-31,181,'716,Zimbabwe,176,'01701,"Beans, dry",5539,Producer Price Index (2014-2016 = 100),2005,2005,7021,Annual value,,4701.550000,E
ZWE,2006-01-01,2006-12-31,181,'716,Zimbabwe,176,'01701,"Beans, dry",5539,Producer Price Index (2014-2016 = 100),2006,2006,7021,Annual value,,65461.340000,E
ZWE,2007-01-01,2007-12-31,181,'716,Zimbabwe,176,'01701,"Beans, dry",5539,Producer Price Index (2014-2016 = 100),2007,2007,7021,Annual value,,221096.420000,E
ZWE,2010-01-01,2010-12-31,181,'716,Zimbabwe,176,'01701,"Beans, dry",5539,Producer Price Index (2014-2016 = 100),2010,2010,7021,Annual value,,71.640000,E
ZWE,2011-01-01,2011-12-31,181,'716,Zimbabwe,176,'01701,"Beans, dry",5539,Producer Price Index (2014-2016 = 100),2011,2011,7021,Annual value,,71.640000,E
ZWE,2012-01-01,2012-12-31,181,'716,Zimbabwe,176,'01701,"Beans, dry",5539,Producer Price Index (2014-2016 = 100),2012,2012,7021,Annual value,,89.550000,E
ZWE,2013-01-01,2013-12-31,181,'716,Zimbabwe,176,'01701,"Beans, dry",5539,Producer Price Index (2014-2016 = 100),2013,2013,7021,Annual value,,89.550000,E
ZWE,2014-01-01,2014-12-31,181,'716,Zimbabwe,176,'01701,"Beans, dry",5539,Producer Price Index (2014-2016 = 100),2014,2014,7021,Annual value,,116.420000,E
ZWE,2015-01-01,2015-12-31,181,'716,Zimbabwe,176,'01701,"Beans, dry",5539,Producer Price Index (2014-2016 = 100),2015,2015,7021,Annual value,,80.600000,E
ZWE,2016-01-01,2016-12-31,181,'716,Zimbabwe,176,'01701,"Beans, dry",5539,Producer Price Index (2014-2016 = 100),2016,2016,7021,Annual value,,102.990000,E
ZWE,2017-01-01,2017-12-31,181,'716,Zimbabwe,176,'01701,"Beans, dry",5539,Producer Price Index (2014-2016 = 100),2017,2017,7021,Annual value,,102.990000,E
ZWE,2018-01-01,2018-12-31,181,'716,Zimbabwe,176,'01701,"Beans, dry",5539,Producer Price Index (2014-2016 = 100),2018,2018,7021,Annual value,,91.790000,E
ZWE,2000-01-01,2000-12-31,181,'716,Zimbabwe,358,'01212,Cabbages,5530,Producer Price (LCU/tonne),2000,2000,7021,Annual value,LCU,5000.000000,A
ZWE,2001-01-01,2001-12-31,181,'716,Zimbabwe,358,'01212,Cabbages,5530,Producer Price (LCU/tonne),2001,2001,7021,Annual value,LCU,16000.000000,A
ZWE,2002-01-01,2002-12-31,181,'716,Zimbabwe,358,'01212,Cabbages,5530,Producer Price (LCU/tonne),2002,2002,7021,Annual value,LCU,34640.000000,A
ZWE,2003-01-01,2003-12-31,181,'716,Zimbabwe,358,'01212,Cabbages,5530,Producer Price (LCU/tonne),2003,2003,7021,Annual value,LCU,245000.000000,A
ZWE,2015-01-01,2015-12-31,181,'716,Zimbabwe,358,'01212,Cabbages,5530,Producer Price (LCU/tonne),2015,2015,7021,Annual value,LCU,605.000000,A
ZWE,2016-01-01,2016-12-31,181,'716,Zimbabwe,358,'01212,Cabbages,5530,Producer Price (LCU/tonne),2016,2016,7021,Annual value,LCU,620.000000,A
ZWE,2017-01-01,2017-12-31,181,'716,Zimbabwe,358,'01212,Cabbages,5530,Producer Price (LCU/tonne),2017,2017,7021,Annual value,LCU,645.000000,A
ZWE,2017-01-01,2017-01-31,181,'716,Zimbabwe,358,'01212,Cabbages,5530,Producer Price (LCU/tonne),2017,2017,7001,January,LCU,580.000000,A
ZWE,2017-02-01,2017-02-28,181,'716,Zimbabwe,358,'01212,Cabbages,5530,Producer Price (LCU/tonne),2017,2017,7002,February,LCU,610.000000,A
ZWE,2017-03-01,2017-03-31,181,'716,Zimbabwe,358,'01212,Cabbages,5530,Producer Price (LCU/tonne),2017,2017,7003,March,LCU,640.000000,A
ZWE,2017-04-01,2017-04-30,181,'716,Zimbabwe,358,'01212,Cabbages,5530,Producer Price (LCU/tonne),2017,2017,7004,April,LCU,700.000000,A
ZWE,2017-05-01,2017-05-31,181,'716,Zimbabwe,358,'01212,Cabbages,5530,Producer Price (LCU/tonne),2017,2017,7005,May,LCU,780.000000,A
ZWE,2017-06-01,2017-06-30,181,'716,Zimbabwe,358,'01212,Cabbages,5530,Producer Price (LCU/tonne),2017,2017,7006,June,LCU,730.000000,A
ZWE,2017-07-01,2017-07-31,181,'716,Zimbabwe,358,'01212,Cabbages,5530,Producer Price (LCU/tonne),2017,2017,7007,July,LCU,700.000000,A
ZWE,2017-08-01,2017-08-31,181,'716,Zimbabwe,358,'01212,Cabbages,5530,Producer Price (LCU/tonne),2017,2017,7008,August,LCU,660.000000,A
ZWE,2017-09-01,2017-09-30,181,'716,Zimbabwe,358,'01212,Cabbages,5530,Producer Price (LCU/tonne),2017,2017,7009,September,LCU,620.000000,A
ZWE,2017-10-01,2017-10-31,181,'716,Zimbabwe,358,'01212,Cabbages,5530,Producer Price (LCU/tonne),2017,2017,7010,October,LCU,590.000000,A
ZWE,2017-11-01,2017-11-30,181,'716,Zimbabwe,358,'01212,Cabbages,5530,Producer Price (LCU/tonne),2017,2017,7011,November,LCU,570.000000,A
ZWE,2017-12-01,2017-12-31,181,'716,Zimbabwe,358,'01212,Cabbages,5530,Producer Price (LCU/tonne),2017,2017,7012,December,LCU,560.000000,A
ZWE,2018-01-01,2018-01-31,181,'716,Zimbabwe,358,'01212,Cabbages,5530,Producer Price (LCU/tonne),2018,2018,7001,January,LCU,580.000000,A
ZWE,2000-01-01,2000-12-31,181,'716,Zimbabwe,358,'01212,Cabbages,5531,Producer Price (SLC/tonne),2000,2000,7021,Annual value,SLC,13.800000,A
ZWE,2001-01-01,2001-12-31,181,'716,Zimbabwe,358,'01212,Cabbages,5531,Producer Price (SLC/tonne),2001,2001,7021,Annual value,SLC,44.200000,A
ZWE,2002-01-01,2002-12-31,181,'716,Zimbabwe,358,'01212,Cabbages,5531,Producer Price (SLC/tonne),2002,2002,7021,Annual value,SLC,95.700000,A
ZWE,2003-01-01,2003-12-31,181,'716,Zimbabwe,358,'01212,Cabbages,5531,Producer Price (SLC/tonne),2003,2003,7021,Annual value,SLC,677.000000,A
ZWE,2015-01-01,2015-12-31,181,'716,Zimbabwe,358,'01212,Cabbages,5531,Producer Price (SLC/tonne),2015,2015,7021,Annual value,SLC,605.000000,A
ZWE,2016-01-01,2016-12-31,181,'716,Zimbabwe,358,'01212,Cabbages,5531,Producer Price (SLC/tonne),2016,2016,7021,Annual value,SLC,620.000000,A
ZWE,2017-01-01,2017-12-31,181,'716,Zimbabwe,358,'01212,Cabbages,5531,Producer Price (SLC/tonne),2017,2017,7021,Annual value,SLC,645.000000,A
ZWE,2018-01-01,2018-12-31,181,'716,Zimbabwe,358,'01212,Cabbages,5531,Producer Price (SLC/tonne),2018,2018,7021,Annual value,SLC,708.400000,A
ZWE,2015-01-01,2015-12-31,181,'716,Zimbabwe,358,'01212,Cabbages,5532,Producer Price (USD/tonne),2015,2015,7021,Annual value,USD,605.000000,A
ZWE,2016-01-01,2016-12-31,181,'716,Zimbabwe,358,'01212,Cabbages,5532,Producer Price (USD/tonne),2016,2016,7021,Annual value,USD,620.000000,A
ZWE,2017-01-01,2017-12-31,181,'716,Zimbabwe,358,'01212,Cabbages,5532,Producer Price (USD/tonne),2017,2017,7021,Annual value,USD,645.000000,A
ZWE,1991-01-01,1991-12-31,181,'716,Zimbabwe,358,'01212,Cabbages,5539,Producer Price Index (2014-2016 = 100),1991,1991,7021,Annual value,,0.230000,E
ZWE,1992-01-01,1992-12-31,181,'716,Zimbabwe,358,'01212,Cabbages,5539,Producer Price Index (2014-2016 = 100),1992,1992,7021,Annual value,,0.300000,E
ZWE,1993-01-01,1993-12-31,181,'716,Zimbabwe,358,'01212,Cabbages,5539,Producer Price Index (2014-2016 = 100),1993,1993,7021,Annual value,,0.360000,E
ZWE,1994-01-01,1994-12-31,181,'716,Zimbabwe,358,'01212,Cabbages,5539,Producer Price Index (2014-2016 = 100),1994,1994,7021,Annual value,,0.440000,E
ZWE,1995-01-01,1995-12-31,181,'716,Zimbabwe,358,'01212,Cabbages,5539,Producer Price Index (2014-2016 = 100),1995,1995,7021,Annual value,,0.480000,E
ZWE,1996-01-01,1996-12-31,181,'716,Zimbabwe,358,'01212,Cabbages,5539,Producer Price Index (2014-2016 = 100),1996,1996,7021,Annual value,,0.600000,E
ZWE,1997-01-01,1997-12-31,181,'716,Zimbabwe,358,'01212,Cabbages,5539,Producer Price Index (2014-2016 = 100),1997,1997,7021,Annual value,,0.700000,E
ZWE,1998-01-01,1998-12-31,181,'716,Zimbabwe,358,'01212,Cabbages,5539,Producer Price Index (2014-2016 = 100),1998,1998,7021,Annual value,,0.900000,E
ZWE,1999-01-01,1999-12-31,181,'716,Zimbabwe,358,'01212,Cabbages,5539,Producer Price Index (2014-2016 = 100),1999,1999,7021,Annual value,,1.410000,E
ZWE,2000-01-01,2000-12-31,181,'716,Zimbabwe,358,'01212,Cabbages,5539,Producer Price Index (2014-2016 = 100),2000,2000,7021,Annual value,,2.260000,E
ZWE,2001-01-01,2001-12-31,181,'716,Zimbabwe,358,'01212,Cabbages,5539,Producer Price Index (2014-2016 = 100),2001,2001,7021,Annual value,,7.220000,E
ZWE,2002-01-01,2002-12-31,181,'716,Zimbabwe,358,'01212,Cabbages,5539,Producer Price Index (2014-2016 = 100),2002,2002,7021,Annual value,,15.630000,E
ZWE,2003-01-01,2003-12-31,181,'716,Zimbabwe,358,'01212,Cabbages,5539,Producer Price Index (2014-2016 = 100),2003,2003,7021,Annual value,,110.530000,E
ZWE,2004-01-01,2004-12-31,181,'716,Zimbabwe,358,'01212,Cabbages,5539,Producer Price Index (2014-2016 = 100),2004,2004,7021,Annual value,,477.910000,E
ZWE,2005-01-01,2005-12-31,181,'716,Zimbabwe,358,'01212,Cabbages,5539,Producer Price Index (2014-2016 = 100),2005,2005,7021,Annual value,,1567.300000,E
ZWE,2006-01-01,2006-12-31,181,'716,Zimbabwe,358,'01212,Cabbages,5539,Producer Price Index (2014-2016 = 100),2006,2006,7021,Annual value,,21822.070000,E
ZWE,2007-01-01,2007-12-31,181,'716,Zimbabwe,358,'01212,Cabbages,5539,Producer Price Index (2014-2016 = 100),2007,2007,7021,Annual value,,67746.100000,E
ZWE,2015-01-01,2015-12-31,181,'716,Zimbabwe,358,'01212,Cabbages,5539,Producer Price Index (2014-2016 = 100),2015,2015,7021,Annual value,,98.780000,E
ZWE,2016-01-01,2016-12-31,181,'716,Zimbabwe,358,'01212,Cabbages,5539,Producer Price Index (2014-2016 = 100),2016,2016,7021,Annual value,,101.220000,E
ZWE,2017-01-01,2017-12-31,181,'716,Zimbabwe,358,'01212,Cabbages,5539,Producer Price Index (2014-2016 = 100),2017,2017,7021,Annual value,,105.310000,E
ZWE,2018-01-01,2018-12-31,181,'716,Zimbabwe,358,'01212,Cabbages,5539,Producer Price Index (2014-2016 = 100),2018,2018,7021,Annual value,,115.650000,E
ZWE,2015-01-01,2015-12-31,181,'716,Zimbabwe,568,'01229,Cantaloupes and other melons,5530,Producer Price (LCU/tonne),2015,2015,7021,Annual value,LCU,1002.000000,A
ZWE,2016-01-01,2016-12-31,181,'716,Zimbabwe,568,'01229,Cantaloupes and other melons,5530,Producer Price (LCU/tonne),2016,2016,7021,Annual value,LCU,888.000000,A
ZWE,2017-01-01,2017-12-31,181,'716,Zimbabwe,568,'01229,Cantaloupes and other melons,5530,Producer Price (LCU/tonne),2017,2017,7021,Annual value,LCU,1168.000000,A
ZWE,2017-01-01,2017-01-31,181,'716,Zimbabwe,568,'01229,Cantaloupes and other melons,5530,Producer Price (LCU/tonne),2017,2017,7001,January,LCU,990.000000,A
ZWE,2017-02-01,2017-02-28,181,'716,Zimbabwe,568,'01229,Cantaloupes and other melons,5530,Producer Price (LCU/tonne),2017,2017,7002,February,LCU,1020.000000,A
ZWE,2017-03-01,2017-03-31,181,'716,Zimbabwe,568,'01229,Cantaloupes and other melons,5530,Producer Price (LCU/tonne),2017,2017,7003,March,LCU,1040.000000,A
ZWE,2017-04-01,2017-04-30,181,'716,Zimbabwe,568,'01229,Cantaloupes and other melons,5530,Producer Price (LCU/tonne),2017,2017,7004,April,LCU,1060.000000,A
ZWE,2017-05-01,2017-05-31,181,'716,Zimbabwe,568,'01229,Cantaloupes and other melons,5530,Producer Price (LCU/tonne),2017,2017,7005,May,LCU,1090.000000,A
ZWE,2017-06-01,2017-06-30,181,'716,Zimbabwe,568,'01229,Cantaloupes and other melons,5530,Producer Price (LCU/tonne),2017,2017,7006,June,LCU,1140.000000,A
ZWE,2017-07-01,2017-07-31,181,'716,Zimbabwe,568,'01229,Cantaloupes and other melons,5530,Producer Price (LCU/tonne),2017,2017,7007,July,LCU,1150.000000,A
ZWE,2017-08-01,2017-08-31,181,'716,Zimbabwe,568,'01229,Cantaloupes and other melons,5530,Producer Price (LCU/tonne),2017,2017,7008,August,LCU,1170.000000,A
ZWE,2017-09-01,2017-09-30,181,'716,Zimbabwe,568,'01229,Cantaloupes and other melons,5530,Producer Price (LCU/tonne),2017,2017,7009,September,LCU,1270.000000,A
ZWE,2017-10-01,2017-10-31,181,'716,Zimbabwe,568,'01229,Cantaloupes and other melons,5530,Producer Price (LCU/tonne),2017,2017,7010,October,LCU,1450.000000,A
ZWE,2017-11-01,2017-11-30,181,'716,Zimbabwe,568,'01229,Cantaloupes and other melons,5530,Producer Price (LCU/tonne),2017,2017,7011,November,LCU,1420.000000,A
ZWE,2017-12-01,2017-12-31,181,'716,Zimbabwe,568,'01229,Cantaloupes and other melons,5530,Producer Price (LCU/tonne),2017,2017,7012,December,LCU,1210.000000,A
ZWE,2018-01-01,2018-01-31,181,'716,Zimbabwe,568,'01229,Cantaloupes and other melons,5530,Producer Price (LCU/tonne),2018,2018,7001,January,LCU,1200.000000,A
ZWE,2015-01-01,2015-12-31,181,'716,Zimbabwe,568,'01229,Cantaloupes and other melons,5531,Producer Price (SLC/tonne),2015,2015,7021,Annual value,SLC,1002.000000,A
ZWE,2016-01-01,2016-12-31,181,'716,Zimbabwe,568,'01229,Cantaloupes and other melons,5531,Producer Price (SLC/tonne),2016,2016,7021,Annual value,SLC,888.000000,A
ZWE,2017-01-01,2017-12-31,181,'716,Zimbabwe,568,'01229,Cantaloupes and other melons,5531,Producer Price (SLC/tonne),2017,2017,7021,Annual value,SLC,1168.000000,A
ZWE,2018-01-01,2018-12-31,181,'716,Zimbabwe,568,'01229,Cantaloupes and other melons,5531,Producer Price (SLC/tonne),2018,2018,7021,Annual value,SLC,1282.700000,A
ZWE,2015-01-01,2015-12-31,181,'716,Zimbabwe,568,'01229,Cantaloupes and other melons,5532,Producer Price (USD/tonne),2015,2015,7021,Annual value,USD,1002.000000,A
ZWE,2016-01-01,2016-12-31,181,'716,Zimbabwe,568,'01229,Cantaloupes and other melons,5532,Producer Price (USD/tonne),2016,2016,7021,Annual value,USD,888.000000,A
ZWE,2017-01-01,2017-12-31,181,'716,Zimbabwe,568,'01229,Cantaloupes and other melons,5532,Producer Price (USD/tonne),2017,2017,7021,Annual value,USD,1168.000000,A
ZWE,1991-01-01,1991-12-31,181,'716,Zimbabwe,568,'01229,Cantaloupes and other melons,5539,Producer Price Index (2014-2016 = 100),1991,1991,7021,Annual value,,0.260000,E
ZWE,1992-01-01,1992-12-31,181,'716,Zimbabwe,568,'01229,Cantaloupes and other melons,5539,Producer Price Index (2014-2016 = 100),1992,1992,7021,Annual value,,0.260000,E
ZWE,1993-01-01,1993-12-31,181,'716,Zimbabwe,568,'01229,Cantaloupes and other melons,5539,Producer Price Index (2014-2016 = 100),1993,1993,7021,Annual value,,0.260000,E
ZWE,1994-01-01,1994-12-31,181,'716,Zimbabwe,568,'01229,Cantaloupes and other melons,5539,Producer Price Index (2014-2016 = 100),1994,1994,7021,Annual value,,0.260000,E
ZWE,1995-01-01,1995-12-31,181,'716,Zimbabwe,568,'01229,Cantaloupes and other melons,5539,Producer Price Index (2014-2016 = 100),1995,1995,7021,Annual value,,0.300000,E
ZWE,1996-01-01,1996-12-31,181,'716,Zimbabwe,568,'01229,Cantaloupes and other melons,5539,Producer Price Index (2014-2016 = 100),1996,1996,7021,Annual value,,0.350000,E
ZWE,1997-01-01,1997-12-31,181,'716,Zimbabwe,568,'01229,Cantaloupes and other melons,5539,Producer Price Index (2014-2016 = 100),1997,1997,7021,Annual value,,0.350000,E
ZWE,1998-01-01,1998-12-31,181,'716,Zimbabwe,568,'01229,Cantaloupes and other melons,5539,Producer Price Index (2014-2016 = 100),1998,1998,7021,Annual value,,0.840000,E
ZWE,1999-01-01,1999-12-31,181,'716,Zimbabwe,568,'01229,Cantaloupes and other melons,5539,Producer Price Index (2014-2016 = 100),1999,1999,7021,Annual value,,1.220000,E
ZWE,2000-01-01,2000-12-31,181,'716,Zimbabwe,568,'01229,Cantaloupes and other melons,5539,Producer Price Index (2014-2016 = 100),2000,2000,7021,Annual value,,2.170000,E
ZWE,2001-01-01,2001-12-31,181,'716,Zimbabwe,568,'01229,Cantaloupes and other melons,5539,Producer Price Index (2014-2016 = 100),2001,2001,7021,Annual value,,7.540000,E
ZWE,2002-01-01,2002-12-31,181,'716,Zimbabwe,568,'01229,Cantaloupes and other melons,5539,Producer Price Index (2014-2016 = 100),2002,2002,7021,Annual value,,11.470000,E
ZWE,2003-01-01,2003-12-31,181,'716,Zimbabwe,568,'01229,Cantaloupes and other melons,5539,Producer Price Index (2014-2016 = 100),2003,2003,7021,Annual value,,73.660000,E
ZWE,2004-01-01,2004-12-31,181,'716,Zimbabwe,568,'01229,Cantaloupes and other melons,5539,Producer Price Index (2014-2016 = 100),2004,2004,7021,Annual value,,305.870000,E
ZWE,2005-01-01,2005-12-31,181,'716,Zimbabwe,568,'01229,Cantaloupes and other melons,5539,Producer Price Index (2014-2016 = 100),2005,2005,7021,Annual value,,937.620000,E
ZWE,2006-01-01,2006-12-31,181,'716,Zimbabwe,568,'01229,Cantaloupes and other melons,5539,Producer Price Index (2014-2016 = 100),2006,2006,7021,Annual value,,13054.750000,E
ZWE,2007-01-01,2007-12-31,181,'716,Zimbabwe,568,'01229,Cantaloupes and other melons,5539,Producer Price Index (2014-2016 = 100),2007,2007,7021,Annual value,,39462.990000,E
ZWE,2015-01-01,2015-12-31,181,'716,Zimbabwe,568,'01229,Cantaloupes and other melons,5539,Producer Price Index (2014-2016 = 100),2015,2015,7021,Annual value,,106.030000,E
ZWE,2016-01-01,2016-12-31,181,'716,Zimbabwe,568,'01229,Cantaloupes and other melons,5539,Producer Price Index (2014-2016 = 100),2016,2016,7021,Annual value,,93.970000,E
ZWE,2017-01-01,2017-12-31,181,'716,Zimbabwe,568,'01229,Cantaloupes and other melons,5539,Producer Price Index (2014-2016 = 100),2017,2017,7021,Annual value,,123.600000,E
ZWE,2018-01-01,2018-12-31,181,'716,Zimbabwe,568,'01229,Cantaloupes and other melons,5539,Producer Price Index (2014-2016 = 100),2018,2018,7021,Annual value,,135.740000,E
ZWE,2000-01-01,2000-12-31,181,'716,Zimbabwe,426,'01251,Carrots and turnips,5530,Producer Price (LCU/tonne),2000,2000,7021,Annual value,LCU,16500.000000,A
ZWE,2001-01-01,2001-12-31,181,'716,Zimbabwe,426,'01251,Carrots and turnips,5530,Producer Price (LCU/tonne),2001,2001,7021,Annual value,LCU,40000.000000,A
ZWE,2002-01-01,2002-12-31,181,'716,Zimbabwe,426,'01251,Carrots and turnips,5530,Producer Price (LCU/tonne),2002,2002,7021,Annual value,LCU,156090.000000,A
ZWE,2003-01-01,2003-12-31,181,'716,Zimbabwe,426,'01251,Carrots and turnips,5530,Producer Price (LCU/tonne),2003,2003,7021,Annual value,LCU,513500.000000,A
ZWE,2015-01-01,2015-12-31,181,'716,Zimbabwe,426,'01251,Carrots and turnips,5530,Producer Price (LCU/tonne),2015,2015,7021,Annual value,LCU,513.000000,A
ZWE,2016-01-01,2016-12-31,181,'716,Zimbabwe,426,'01251,Carrots and turnips,5530,Producer Price (LCU/tonne),2016,2016,7021,Annual value,LCU,686.000000,A
ZWE,2017-01-01,2017-12-31,181,'716,Zimbabwe,426,'01251,Carrots and turnips,5530,Producer Price (LCU/tonne),2017,2017,7021,Annual value,LCU,651.000000,A
ZWE,2017-01-01,2017-01-31,181,'716,Zimbabwe,426,'01251,Carrots and turnips,5530,Producer Price (LCU/tonne),2017,2017,7001,January,LCU,765.000000,A
ZWE,2017-02-01,2017-02-28,181,'716,Zimbabwe,426,'01251,Carrots and turnips,5530,Producer Price (LCU/tonne),2017,2017,7002,February,LCU,775.000000,A
ZWE,2017-03-01,2017-03-31,181,'716,Zimbabwe,426,'01251,Carrots and turnips,5530,Producer Price (LCU/tonne),2017,2017,7003,March,LCU,1013.000000,A
ZWE,2017-04-01,2017-04-30,181,'716,Zimbabwe,426,'01251,Carrots and turnips,5530,Producer Price (LCU/tonne),2017,2017,7004,April,LCU,725.000000,A
ZWE,2017-05-01,2017-05-31,181,'716,Zimbabwe,426,'01251,Carrots and turnips,5530,Producer Price (LCU/tonne),2017,2017,7005,May,LCU,538.000000,A
ZWE,2017-06-01,2017-06-30,181,'716,Zimbabwe,426,'01251,Carrots and turnips,5530,Producer Price (LCU/tonne),2017,2017,7006,June,LCU,475.000000,A
ZWE,2017-07-01,2017-07-31,181,'716,Zimbabwe,426,'01251,Carrots and turnips,5530,Producer Price (LCU/tonne),2017,2017,7007,July,LCU,488.000000,A
ZWE,2017-08-01,2017-08-31,181,'716,Zimbabwe,426,'01251,Carrots and turnips,5530,Producer Price (LCU/tonne),2017,2017,7008,August,LCU,500.000000,A
ZWE,2017-09-01,2017-09-30,181,'716,Zimbabwe,426,'01251,Carrots and turnips,5530,Producer Price (LCU/tonne),2017,2017,7009,September,LCU,467.000000,A
ZWE,2017-10-01,2017-10-31,181,'716,Zimbabwe,426,'01251,Carrots and turnips,5530,Producer Price (LCU/tonne),2017,2017,7010,October,LCU,675.000000,A
ZWE,2017-11-01,2017-11-30,181,'716,Zimbabwe,426,'01251,Carrots and turnips,5530,Producer Price (LCU/tonne),2017,2017,7011,November,LCU,700.000000,A
ZWE,2017-12-01,2017-12-31,181,'716,Zimbabwe,426,'01251,Carrots and turnips,5530,Producer Price (LCU/tonne),2017,2017,7012,December,LCU,688.000000,A
ZWE,2018-01-01,2018-01-31,181,'716,Zimbabwe,426,'01251,Carrots and turnips,5530,Producer Price (LCU/tonne),2018,2018,7001,January,LCU,595.000000,A
ZWE,2000-01-01,2000-12-31,181,'716,Zimbabwe,426,'01251,Carrots and turnips,5531,Producer Price (SLC/tonne),2000,2000,7021,Annual value,SLC,45.600000,A
ZWE,2001-01-01,2001-12-31,181,'716,Zimbabwe,426,'01251,Carrots and turnips,5531,Producer Price (SLC/tonne),2001,2001,7021,Annual value,SLC,110.500000,A
ZWE,2002-01-01,2002-12-31,181,'716,Zimbabwe,426,'01251,Carrots and turnips,5531,Producer Price (SLC/tonne),2002,2002,7021,Annual value,SLC,431.300000,A
ZWE,2003-01-01,2003-12-31,181,'716,Zimbabwe,426,'01251,Carrots and turnips,5531,Producer Price (SLC/tonne),2003,2003,7021,Annual value,SLC,1418.900000,A
ZWE,2015-01-01,2015-12-31,181,'716,Zimbabwe,426,'01251,Carrots and turnips,5531,Producer Price (SLC/tonne),2015,2015,7021,Annual value,SLC,513.000000,A
ZWE,2016-01-01,2016-12-31,181,'716,Zimbabwe,426,'01251,Carrots and turnips,5531,Producer Price (SLC/tonne),2016,2016,7021,Annual value,SLC,686.000000,A
ZWE,2017-01-01,2017-12-31,181,'716,Zimbabwe,426,'01251,Carrots and turnips,5531,Producer Price (SLC/tonne),2017,2017,7021,Annual value,SLC,651.000000,A
ZWE,2018-01-01,2018-12-31,181,'716,Zimbabwe,426,'01251,Carrots and turnips,5531,Producer Price (SLC/tonne),2018,2018,7021,Annual value,SLC,714.900000,A
ZWE,2015-01-01,2015-12-31,181,'716,Zimbabwe,426,'01251,Carrots and turnips,5532,Producer Price (USD/tonne),2015,2015,7021,Annual value,USD,513.000000,A
ZWE,2016-01-01,2016-12-31,181,'716,Zimbabwe,426,'01251,Carrots and turnips,5532,Producer Price (USD/tonne),2016,2016,7021,Annual value,USD,686.000000,A
ZWE,2017-01-01,2017-12-31,181,'716,Zimbabwe,426,'01251,Carrots and turnips,5532,Producer Price (USD/tonne),2017,2017,7021,Annual value,USD,651.000000,A
ZWE,1991-01-01,1991-12-31,181,'716,Zimbabwe,426,'01251,Carrots and turnips,5539,Producer Price Index (2014-2016 = 100),1991,1991,7021,Annual value,,0.780000,E
ZWE,1992-01-01,1992-12-31,181,'716,Zimbabwe,426,'01251,Carrots and turnips,5539,Producer Price Index (2014-2016 = 100),1992,1992,7021,Annual value,,1.000000,E
ZWE,1993-01-01,1993-12-31,181,'716,Zimbabwe,426,'01251,Carrots and turnips,5539,Producer Price Index (2014-2016 = 100),1993,1993,7021,Annual value,,1.220000,E
ZWE,1994-01-01,1994-12-31,181,'716,Zimbabwe,426,'01251,Carrots and turnips,5539,Producer Price Index (2014-2016 = 100),1994,1994,7021,Annual value,,1.470000,E
ZWE,1995-01-01,1995-12-31,181,'716,Zimbabwe,426,'01251,Carrots and turnips,5539,Producer Price Index (2014-2016 = 100),1995,1995,7021,Annual value,,1.610000,E
ZWE,1996-01-01,1996-12-31,181,'716,Zimbabwe,426,'01251,Carrots and turnips,5539,Producer Price Index (2014-2016 = 100),1996,1996,7021,Annual value,,2.030000,E
ZWE,1997-01-01,1997-12-31,181,'716,Zimbabwe,426,'01251,Carrots and turnips,5539,Producer Price Index (2014-2016 = 100),1997,1997,7021,Annual value,,2.360000,E
ZWE,1998-01-01,1998-12-31,181,'716,Zimbabwe,426,'01251,Carrots and turnips,5539,Producer Price Index (2014-2016 = 100),1998,1998,7021,Annual value,,3.050000,E
ZWE,1999-01-01,1999-12-31,181,'716,Zimbabwe,426,'01251,Carrots and turnips,5539,Producer Price Index (2014-2016 = 100),1999,1999,7021,Annual value,,4.760000,E
ZWE,2000-01-01,2000-12-31,181,'716,Zimbabwe,426,'01251,Carrots and turnips,5539,Producer Price Index (2014-2016 = 100),2000,2000,7021,Annual value,,7.610000,E
ZWE,2001-01-01,2001-12-31,181,'716,Zimbabwe,426,'01251,Carrots and turnips,5539,Producer Price Index (2014-2016 = 100),2001,2001,7021,Annual value,,18.440000,E
ZWE,2002-01-01,2002-12-31,181,'716,Zimbabwe,426,'01251,Carrots and turnips,5539,Producer Price Index (2014-2016 = 100),2002,2002,7021,Annual value,,71.940000,E
ZWE,2003-01-01,2003-12-31,181,'716,Zimbabwe,426,'01251,Carrots and turnips,5539,Producer Price Index (2014-2016 = 100),2003,2003,7021,Annual value,,236.680000,E
ZWE,2004-01-01,2004-12-31,181,'716,Zimbabwe,426,'01251,Carrots and turnips,5539,Producer Price Index (2014-2016 = 100),2004,2004,7021,Annual value,,912.080000,E
ZWE,2005-01-01,2005-12-31,181,'716,Zimbabwe,426,'01251,Carrots and turnips,5539,Producer Price Index (2014-2016 = 100),2005,2005,7021,Annual value,,2684.480000,E
ZWE,2006-01-01,2006-12-31,181,'716,Zimbabwe,426,'01251,Carrots and turnips,5539,Producer Price Index (2014-2016 = 100),2006,2006,7021,Annual value,,37376.880000,E
ZWE,2007-01-01,2007-12-31,181,'716,Zimbabwe,426,'01251,Carrots and turnips,5539,Producer Price Index (2014-2016 = 100),2007,2007,7021,Annual value,,106303.460000,E
ZWE,2015-01-01,2015-12-31,181,'716,Zimbabwe,426,'01251,Carrots and turnips,5539,Producer Price Index (2014-2016 = 100),2015,2015,7021,Annual value,,85.570000,E
ZWE,2016-01-01,2016-12-31,181,'716,Zimbabwe,426,'01251,Carrots and turnips,5539,Producer Price Index (2014-2016 = 100),2016,2016,7021,Annual value,,114.430000,E
ZWE,2017-01-01,2017-12-31,181,'716,Zimbabwe,426,'01251,Carrots and turnips,5539,Producer Price Index (2014-2016 = 100),2017,2017,7021,Annual value,,108.590000,E
ZWE,2018-01-01,2018-12-31,181,'716,Zimbabwe,426,'01251,Carrots and turnips,5539,Producer Price Index (2014-2016 = 100),2018,2018,7021,Annual value,,119.260000,E
ZWE,2000-01-01,2000-12-31,181,'716,Zimbabwe,393,'01213,Cauliflowers and broccoli,5530,Producer Price (LCU/tonne),2000,2000,7021,Annual value,LCU,18000.000000,A
ZWE,2001-01-01,2001-12-31,181,'716,Zimbabwe,393,'01213,Cauliflowers and broccoli,5530,Producer Price (LCU/tonne),2001,2001,7021,Annual value,LCU,27000.000000,A
ZWE,2002-01-01,2002-12-31,181,'716,Zimbabwe,393,'01213,Cauliflowers and broccoli,5530,Producer Price (LCU/tonne),2002,2002,7021,Annual value,LCU,69090.000000,A
ZWE,2003-01-01,2003-12-31,181,'716,Zimbabwe,393,'01213,Cauliflowers and broccoli,5530,Producer Price (LCU/tonne),2003,2003,7021,Annual value,LCU,820000.000000,A
ZWE,2000-01-01,2000-12-31,181,'716,Zimbabwe,393,'01213,Cauliflowers and broccoli,5531,Producer Price (SLC/tonne),2000,2000,7021,Annual value,SLC,49.700000,A
ZWE,2001-01-01,2001-12-31,181,'716,Zimbabwe,393,'01213,Cauliflowers and broccoli,5531,Producer Price (SLC/tonne),2001,2001,7021,Annual value,SLC,74.600000,A
ZWE,2002-01-01,2002-12-31,181,'716,Zimbabwe,393,'01213,Cauliflowers and broccoli,5531,Producer Price (SLC/tonne),2002,2002,7021,Annual value,SLC,190.900000,A
ZWE,2003-01-01,2003-12-31,181,'716,Zimbabwe,393,'01213,Cauliflowers and broccoli,5531,Producer Price (SLC/tonne),2003,2003,7021,Annual value,SLC,2265.800000,A
ZWE,2014-01-01,2014-12-31,181,'716,Zimbabwe,108,'01199.90,Cereals n.e.c.,5530,Producer Price (LCU/tonne),2014,2014,7021,Annual value,LCU,344.000000,A
ZWE,2014-01-01,2014-01-31,181,'716,Zimbabwe,108,'01199.90,Cereals n.e.c.,5530,Producer Price (LCU/tonne),2014,2014,7001,January,LCU,310.000000,A
ZWE,2014-02-01,2014-02-28,181,'716,Zimbabwe,108,'01199.90,Cereals n.e.c.,5530,Producer Price (LCU/tonne),2014,2014,7002,February,LCU,310.000000,A
ZWE,2014-03-01,2014-03-31,181,'716,Zimbabwe,108,'01199.90,Cereals n.e.c.,5530,Producer Price (LCU/tonne),2014,2014,7003,March,LCU,310.000000,A
ZWE,2014-04-01,2014-04-30,181,'716,Zimbabwe,108,'01199.90,Cereals n.e.c.,5530,Producer Price (LCU/tonne),2014,2014,7004,April,LCU,344.000000,A
ZWE,2014-05-01,2014-05-31,181,'716,Zimbabwe,108,'01199.90,Cereals n.e.c.,5530,Producer Price (LCU/tonne),2014,2014,7005,May,LCU,344.000000,A
ZWE,2014-06-01,2014-06-30,181,'716,Zimbabwe,108,'01199.90,Cereals n.e.c.,5530,Producer Price (LCU/tonne),2014,2014,7006,June,LCU,344.000000,A
ZWE,2014-07-01,2014-07-31,181,'716,Zimbabwe,108,'01199.90,Cereals n.e.c.,5530,Producer Price (LCU/tonne),2014,2014,7007,July,LCU,344.000000,A
ZWE,2014-08-01,2014-08-31,181,'716,Zimbabwe,108,'01199.90,Cereals n.e.c.,5530,Producer Price (LCU/tonne),2014,2014,7008,August,LCU,344.000000,A
ZWE,2014-09-01,2014-09-30,181,'716,Zimbabwe,108,'01199.90,Cereals n.e.c.,5530,Producer Price (LCU/tonne),2014,2014,7009,September,LCU,344.000000,A
ZWE,2014-10-01,2014-10-31,181,'716,Zimbabwe,108,'01199.90,Cereals n.e.c.,5530,Producer Price (LCU/tonne),2014,2014,7010,October,LCU,344.000000,A
ZWE,2014-11-01,2014-11-30,181,'716,Zimbabwe,108,'01199.90,Cereals n.e.c.,5530,Producer Price (LCU/tonne),2014,2014,7011,November,LCU,344.000000,A
ZWE,2014-12-01,2014-12-31,181,'716,Zimbabwe,108,'01199.90,Cereals n.e.c.,5530,Producer Price (LCU/tonne),2014,2014,7012,December,LCU,344.000000,A
ZWE,2015-01-01,2015-01-31,181,'716,Zimbabwe,108,'01199.90,Cereals n.e.c.,5530,Producer Price (LCU/tonne),2015,2015,7001,January,LCU,344.000000,A
ZWE,2014-01-01,2014-12-31,181,'716,Zimbabwe,108,'01199.90,Cereals n.e.c.,5531,Producer Price (SLC/tonne),2014,2014,7021,Annual value,SLC,344.000000,A
ZWE,2015-01-01,2015-12-31,181,'716,Zimbabwe,108,'01199.90,Cereals n.e.c.,5531,Producer Price (SLC/tonne),2015,2015,7021,Annual value,SLC,352.000000,A
ZWE,2016-01-01,2016-12-31,181,'716,Zimbabwe,108,'01199.90,Cereals n.e.c.,5531,Producer Price (SLC/tonne),2016,2016,7021,Annual value,SLC,358.300000,A
ZWE,2017-01-01,2017-12-31,181,'716,Zimbabwe,108,'01199.90,Cereals n.e.c.,5531,Producer Price (SLC/tonne),2017,2017,7021,Annual value,SLC,443.800000,A
ZWE,2018-01-01,2018-12-31,181,'716,Zimbabwe,108,'01199.90,Cereals n.e.c.,5531,Producer Price (SLC/tonne),2018,2018,7021,Annual value,SLC,487.400000,A
ZWE,2014-01-01,2014-12-31,181,'716,Zimbabwe,108,'01199.90,Cereals n.e.c.,5532,Producer Price (USD/tonne),2014,2014,7021,Annual value,USD,344.000000,A
ZWE,2015-01-01,2015-12-31,181,'716,Zimbabwe,108,'01199.90,Cereals n.e.c.,5532,Producer Price (USD/tonne),2015,2015,7021,Annual value,USD,352.000000,A
ZWE,2016-01-01,2016-12-31,181,'716,Zimbabwe,108,'01199.90,Cereals n.e.c.,5532,Producer Price (USD/tonne),2016,2016,7021,Annual value,USD,358.300000,A
ZWE,2017-01-01,2017-12-31,181,'716,Zimbabwe,108,'01199.90,Cereals n.e.c.,5532,Producer Price (USD/tonne),2017,2017,7021,Annual value,USD,443.800000,A
ZWE,1991-01-01,1991-12-31,181,'716,Zimbabwe,108,'01199.90,Cereals n.e.c.,5539,Producer Price Index (2014-2016 = 100),1991,1991,7021,Annual value,,0.370000,E
ZWE,1992-01-01,1992-12-31,181,'716,Zimbabwe,108,'01199.90,Cereals n.e.c.,5539,Producer Price Index (2014-2016 = 100),1992,1992,7021,Annual value,,0.750000,E
ZWE,1993-01-01,1993-12-31,181,'716,Zimbabwe,108,'01199.90,Cereals n.e.c.,5539,Producer Price Index (2014-2016 = 100),1993,1993,7021,Annual value,,1.230000,E
ZWE,1994-01-01,1994-12-31,181,'716,Zimbabwe,108,'01199.90,Cereals n.e.c.,5539,Producer Price Index (2014-2016 = 100),1994,1994,7021,Annual value,,1.230000,E
ZWE,1995-01-01,1995-12-31,181,'716,Zimbabwe,108,'01199.90,Cereals n.e.c.,5539,Producer Price Index (2014-2016 = 100),1995,1995,7021,Annual value,,1.440000,E
ZWE,1996-01-01,1996-12-31,181,'716,Zimbabwe,108,'01199.90,Cereals n.e.c.,5539,Producer Price Index (2014-2016 = 100),1996,1996,7021,Annual value,,1.650000,E
ZWE,1997-01-01,1997-12-31,181,'716,Zimbabwe,108,'01199.90,Cereals n.e.c.,5539,Producer Price Index (2014-2016 = 100),1997,1997,7021,Annual value,,1.650000,E
ZWE,1998-01-01,1998-12-31,181,'716,Zimbabwe,108,'01199.90,Cereals n.e.c.,5539,Producer Price Index (2014-2016 = 100),1998,1998,7021,Annual value,,3.980000,E
ZWE,1999-01-01,1999-12-31,181,'716,Zimbabwe,108,'01199.90,Cereals n.e.c.,5539,Producer Price Index (2014-2016 = 100),1999,1999,7021,Annual value,,5.760000,E
ZWE,2000-01-01,2000-12-31,181,'716,Zimbabwe,108,'01199.90,Cereals n.e.c.,5539,Producer Price Index (2014-2016 = 100),2000,2000,7021,Annual value,,7.550000,E
ZWE,2001-01-01,2001-12-31,181,'716,Zimbabwe,108,'01199.90,Cereals n.e.c.,5539,Producer Price Index (2014-2016 = 100),2001,2001,7021,Annual value,,20.580000,E
ZWE,2002-01-01,2002-12-31,181,'716,Zimbabwe,108,'01199.90,Cereals n.e.c.,5539,Producer Price Index (2014-2016 = 100),2002,2002,7021,Annual value,,38.420000,E
ZWE,2003-01-01,2003-12-31,181,'716,Zimbabwe,108,'01199.90,Cereals n.e.c.,5539,Producer Price Index (2014-2016 = 100),2003,2003,7021,Annual value,,411.630000,E
ZWE,2004-01-01,2004-12-31,181,'716,Zimbabwe,108,'01199.90,Cereals n.e.c.,5539,Producer Price Index (2014-2016 = 100),2004,2004,7021,Annual value,,1976.750000,E
ZWE,2005-01-01,2005-12-31,181,'716,Zimbabwe,108,'01199.90,Cereals n.e.c.,5539,Producer Price Index (2014-2016 = 100),2005,2005,7021,Annual value,,7576.640000,E
ZWE,2006-01-01,2006-12-31,181,'716,Zimbabwe,108,'01199.90,Cereals n.e.c.,5539,Producer Price Index (2014-2016 = 100),2006,2006,7021,Annual value,,105492.110000,E
ZWE,2007-01-01,2007-12-31,181,'716,Zimbabwe,108,'01199.90,Cereals n.e.c.,5539,Producer Price Index (2014-2016 = 100),2007,2007,7021,Annual value,,342442.350000,E
ZWE,2014-01-01,2014-12-31,181,'716,Zimbabwe,108,'01199.90,Cereals n.e.c.,5539,Producer Price Index (2014-2016 = 100),2014,2014,7021,Annual value,,97.890000,E
ZWE,2015-01-01,2015-12-31,181,'716,Zimbabwe,108,'01199.90,Cereals n.e.c.,5539,Producer Price Index (2014-2016 = 100),2015,2015,7021,Annual value,,100.160000,E
ZWE,2016-01-01,2016-12-31,181,'716,Zimbabwe,108,'01199.90,Cereals n.e.c.,5539,Producer Price Index (2014-2016 = 100),2016,2016,7021,Annual value,,101.950000,E
ZWE,2017-01-01,2017-12-31,181,'716,Zimbabwe,108,'01199.90,Cereals n.e.c.,5539,Producer Price Index (2014-2016 = 100),2017,2017,7021,Annual value,,126.280000,E
ZWE,2018-01-01,2018-12-31,181,'716,Zimbabwe,108,'01199.90,Cereals n.e.c.,5539,Producer Price Index (2014-2016 = 100),2018,2018,7021,Annual value,,138.680000,E
ZWE,2000-01-01,2000-12-31,181,'716,Zimbabwe,401,'01231,"Chillies and peppers, green (Capsicum spp. and Pimenta spp.)",5530,Producer Price (LCU/tonne),2000,2000,7021,Annual value,LCU,10000.000000,A
ZWE,2001-01-01,2001-12-31,181,'716,Zimbabwe,401,'01231,"Chillies and peppers, green (Capsicum spp. and Pimenta spp.)",5530,Producer Price (LCU/tonne),2001,2001,7021,Annual value,LCU,19500.000000,A
ZWE,2002-01-01,2002-12-31,181,'716,Zimbabwe,401,'01231,"Chillies and peppers, green (Capsicum spp. and Pimenta spp.)",5530,Producer Price (LCU/tonne),2002,2002,7021,Annual value,LCU,29180.000000,A
ZWE,2003-01-01,2003-12-31,181,'716,Zimbabwe,401,'01231,"Chillies and peppers, green (Capsicum spp. and Pimenta spp.)",5530,Producer Price (LCU/tonne),2003,2003,7021,Annual value,LCU,461000.000000,A
ZWE,2015-01-01,2015-12-31,181,'716,Zimbabwe,401,'01231,"Chillies and peppers, green (Capsicum spp. and Pimenta spp.)",5530,Producer Price (LCU/tonne),2015,2015,7021,Annual value,LCU,2219.000000,A
ZWE,2016-01-01,2016-12-31,181,'716,Zimbabwe,401,'01231,"Chillies and peppers, green (Capsicum spp. and Pimenta spp.)",5530,Producer Price (LCU/tonne),2016,2016,7021,Annual value,LCU,2627.000000,A
ZWE,2017-01-01,2017-12-31,181,'716,Zimbabwe,401,'01231,"Chillies and peppers, green (Capsicum spp. and Pimenta spp.)",5530,Producer Price (LCU/tonne),2017,2017,7021,Annual value,LCU,1910.000000,A
ZWE,2017-01-01,2017-01-31,181,'716,Zimbabwe,401,'01231,"Chillies and peppers, green (Capsicum spp. and Pimenta spp.)",5530,Producer Price (LCU/tonne),2017,2017,7001,January,LCU,1780.000000,A
ZWE,2017-02-01,2017-02-28,181,'716,Zimbabwe,401,'01231,"Chillies and peppers, green (Capsicum spp. and Pimenta spp.)",5530,Producer Price (LCU/tonne),2017,2017,7002,February,LCU,1770.000000,A
ZWE,2017-03-01,2017-03-31,181,'716,Zimbabwe,401,'01231,"Chillies and peppers, green (Capsicum spp. and Pimenta spp.)",5530,Producer Price (LCU/tonne),2017,2017,7003,March,LCU,1960.000000,A
ZWE,2017-04-01,2017-04-30,181,'716,Zimbabwe,401,'01231,"Chillies and peppers, green (Capsicum spp. and Pimenta spp.)",5530,Producer Price (LCU/tonne),2017,2017,7004,April,LCU,1900.000000,A
ZWE,2017-05-01,2017-05-31,181,'716,Zimbabwe,401,'01231,"Chillies and peppers, green (Capsicum spp. and Pimenta spp.)",5530,Producer Price (LCU/tonne),2017,2017,7005,May,LCU,1940.000000,A
ZWE,2017-06-01,2017-06-30,181,'716,Zimbabwe,401,'01231,"Chillies and peppers, green (Capsicum spp. and Pimenta spp.)",5530,Producer Price (LCU/tonne),2017,2017,7006,June,LCU,1920.000000,A
ZWE,2017-07-01,2017-07-31,181,'716,Zimbabwe,401,'01231,"Chillies and peppers, green (Capsicum spp. and Pimenta spp.)",5530,Producer Price (LCU/tonne),2017,2017,7007,July,LCU,1970.000000,A
ZWE,2017-08-01,2017-08-31,181,'716,Zimbabwe,401,'01231,"Chillies and peppers, green (Capsicum spp. and Pimenta spp.)",5530,Producer Price (LCU/tonne),2017,2017,7008,August,LCU,1940.000000,A
ZWE,2017-09-01,2017-09-30,181,'716,Zimbabwe,401,'01231,"Chillies and peppers, green (Capsicum spp. and Pimenta spp.)",5530,Producer Price (LCU/tonne),2017,2017,7009,September,LCU,1890.000000,A
ZWE,2017-10-01,2017-10-31,181,'716,Zimbabwe,401,'01231,"Chillies and peppers, green (Capsicum spp. and Pimenta spp.)",5530,Producer Price (LCU/tonne),2017,2017,7010,October,LCU,1880.000000,A
ZWE,2017-11-01,2017-11-30,181,'716,Zimbabwe,401,'01231,"Chillies and peppers, green (Capsicum spp. and Pimenta spp.)",5530,Producer Price (LCU/tonne),2017,2017,7011,November,LCU,1940.000000,A
ZWE,2017-12-01,2017-12-31,181,'716,Zimbabwe,401,'01231,"Chillies and peppers, green (Capsicum spp. and Pimenta spp.)",5530,Producer Price (LCU/tonne),2017,2017,7012,December,LCU,2030.000000,A
ZWE,2018-01-01,2018-01-31,181,'716,Zimbabwe,401,'01231,"Chillies and peppers, green (Capsicum spp. and Pimenta spp.)",5530,Producer Price (LCU/tonne),2018,2018,7001,January,LCU,2030.000000,A
ZWE,2000-01-01,2000-12-31,181,'716,Zimbabwe,401,'01231,"Chillies and peppers, green (Capsicum spp. and Pimenta spp.)",5531,Producer Price (SLC/tonne),2000,2000,7021,Annual value,SLC,27.600000,A
ZWE,2001-01-01,2001-12-31,181,'716,Zimbabwe,401,'01231,"Chillies and peppers, green (Capsicum spp. and Pimenta spp.)",5531,Producer Price (SLC/tonne),2001,2001,7021,Annual value,SLC,53.900000,A
ZWE,2002-01-01,2002-12-31,181,'716,Zimbabwe,401,'01231,"Chillies and peppers, green (Capsicum spp. and Pimenta spp.)",5531,Producer Price (SLC/tonne),2002,2002,7021,Annual value,SLC,80.600000,A
ZWE,2003-01-01,2003-12-31,181,'716,Zimbabwe,401,'01231,"Chillies and peppers, green (Capsicum spp. and Pimenta spp.)",5531,Producer Price (SLC/tonne),2003,2003,7021,Annual value,SLC,1273.800000,A
ZWE,2015-01-01,2015-12-31,181,'716,Zimbabwe,401,'01231,"Chillies and peppers, green (Capsicum spp. and Pimenta spp.)",5531,Producer Price (SLC/tonne),2015,2015,7021,Annual value,SLC,2219.000000,A
ZWE,2016-01-01,2016-12-31,181,'716,Zimbabwe,401,'01231,"Chillies and peppers, green (Capsicum spp. and Pimenta spp.)",5531,Producer Price (SLC/tonne),2016,2016,7021,Annual value,SLC,2627.000000,A
ZWE,2017-01-01,2017-12-31,181,'716,Zimbabwe,401,'01231,"Chillies and peppers, green (Capsicum spp. and Pimenta spp.)",5531,Producer Price (SLC/tonne),2017,2017,7021,Annual value,SLC,1910.000000,A
ZWE,2018-01-01,2018-12-31,181,'716,Zimbabwe,401,'01231,"Chillies and peppers, green (Capsicum spp. and Pimenta spp.)",5531,Producer Price (SLC/tonne),2018,2018,7021,Annual value,SLC,2097.600000,A
ZWE,2015-01-01,2015-12-31,181,'716,Zimbabwe,401,'01231,"Chillies and peppers, green (Capsicum spp. and Pimenta spp.)",5532,Producer Price (USD/tonne),2015,2015,7021,Annual value,USD,2219.000000,A
ZWE,2016-01-01,2016-12-31,181,'716,Zimbabwe,401,'01231,"Chillies and peppers, green (Capsicum spp. and Pimenta spp.)",5532,Producer Price (USD/tonne),2016,2016,7021,Annual value,USD,2627.000000,A
ZWE,2017-01-01,2017-12-31,181,'716,Zimbabwe,401,'01231,"Chillies and peppers, green (Capsicum spp. and Pimenta spp.)",5532,Producer Price (USD/tonne),2017,2017,7021,Annual value,USD,1910.000000,A
ZWE,1991-01-01,1991-12-31,181,'716,Zimbabwe,401,'01231,"Chillies and peppers, green (Capsicum spp. and Pimenta spp.)",5539,Producer Price Index (2014-2016 = 100),1991,1991,7021,Annual value,,0.120000,E
ZWE,1992-01-01,1992-12-31,181,'716,Zimbabwe,401,'01231,"Chillies and peppers, green (Capsicum spp. and Pimenta spp.)",5539,Producer Price Index (2014-2016 = 100),1992,1992,7021,Annual value,,0.150000,E
ZWE,1993-01-01,1993-12-31,181,'716,Zimbabwe,401,'01231,"Chillies and peppers, green (Capsicum spp. and Pimenta spp.)",5539,Producer Price Index (2014-2016 = 100),1993,1993,7021,Annual value,,0.180000,E
ZWE,1994-01-01,1994-12-31,181,'716,Zimbabwe,401,'01231,"Chillies and peppers, green (Capsicum spp. and Pimenta spp.)",5539,Producer Price Index (2014-2016 = 100),1994,1994,7021,Annual value,,0.220000,E
ZWE,1995-01-01,1995-12-31,181,'716,Zimbabwe,401,'01231,"Chillies and peppers, green (Capsicum spp. and Pimenta spp.)",5539,Producer Price Index (2014-2016 = 100),1995,1995,7021,Annual value,,0.240000,E
ZWE,1996-01-01,1996-12-31,181,'716,Zimbabwe,401,'01231,"Chillies and peppers, green (Capsicum spp. and Pimenta spp.)",5539,Producer Price Index (2014-2016 = 100),1996,1996,7021,Annual value,,0.300000,E
ZWE,1997-01-01,1997-12-31,181,'716,Zimbabwe,401,'01231,"Chillies and peppers, green (Capsicum spp. and Pimenta spp.)",5539,Producer Price Index (2014-2016 = 100),1997,1997,7021,Annual value,,0.350000,E
ZWE,1998-01-01,1998-12-31,181,'716,Zimbabwe,401,'01231,"Chillies and peppers, green (Capsicum spp. and Pimenta spp.)",5539,Producer Price Index (2014-2016 = 100),1998,1998,7021,Annual value,,0.460000,E
ZWE,1999-01-01,1999-12-31,181,'716,Zimbabwe,401,'01231,"Chillies and peppers, green (Capsicum spp. and Pimenta spp.)",5539,Producer Price Index (2014-2016 = 100),1999,1999,7021,Annual value,,0.710000,E
ZWE,2000-01-01,2000-12-31,181,'716,Zimbabwe,401,'01231,"Chillies and peppers, green (Capsicum spp. and Pimenta spp.)",5539,Producer Price Index (2014-2016 = 100),2000,2000,7021,Annual value,,1.140000,E
ZWE,2001-01-01,2001-12-31,181,'716,Zimbabwe,401,'01231,"Chillies and peppers, green (Capsicum spp. and Pimenta spp.)",5539,Producer Price Index (2014-2016 = 100),2001,2001,7021,Annual value,,2.220000,E
ZWE,2002-01-01,2002-12-31,181,'716,Zimbabwe,401,'01231,"Chillies and peppers, green (Capsicum spp. and Pimenta spp.)",5539,Producer Price Index (2014-2016 = 100),2002,2002,7021,Annual value,,3.330000,E
ZWE,2003-01-01,2003-12-31,181,'716,Zimbabwe,401,'01231,"Chillies and peppers, green (Capsicum spp. and Pimenta spp.)",5539,Producer Price Index (2014-2016 = 100),2003,2003,7021,Annual value,,52.570000,E
ZWE,2004-01-01,2004-12-31,181,'716,Zimbabwe,401,'01231,"Chillies and peppers, green (Capsicum spp. and Pimenta spp.)",5539,Producer Price Index (2014-2016 = 100),2004,2004,7021,Annual value,,286.960000,E
ZWE,2005-01-01,2005-12-31,181,'716,Zimbabwe,401,'01231,"Chillies and peppers, green (Capsicum spp. and Pimenta spp.)",5539,Producer Price Index (2014-2016 = 100),2005,2005,7021,Annual value,,1324.140000,E
ZWE,2006-01-01,2006-12-31,181,'716,Zimbabwe,401,'01231,"Chillies and peppers, green (Capsicum spp. and Pimenta spp.)",5539,Producer Price Index (2014-2016 = 100),2006,2006,7021,Annual value,,18436.490000,E
ZWE,2007-01-01,2007-12-31,181,'716,Zimbabwe,401,'01231,"Chillies and peppers, green (Capsicum spp. and Pimenta spp.)",5539,Producer Price Index (2014-2016 = 100),2007,2007,7021,Annual value,,60269.900000,E
ZWE,2015-01-01,2015-12-31,181,'716,Zimbabwe,401,'01231,"Chillies and peppers, green (Capsicum spp. and Pimenta spp.)",5539,Producer Price Index (2014-2016 = 100),2015,2015,7021,Annual value,,91.580000,E
ZWE,2016-01-01,2016-12-31,181,'716,Zimbabwe,401,'01231,"Chillies and peppers, green (Capsicum spp. and Pimenta spp.)",5539,Producer Price Index (2014-2016 = 100),2016,2016,7021,Annual value,,108.420000,E
ZWE,2017-01-01,2017-12-31,181,'716,Zimbabwe,401,'01231,"Chillies and peppers, green (Capsicum spp. and Pimenta spp.)",5539,Producer Price Index (2014-2016 = 100),2017,2017,7021,Annual value,,78.830000,E
ZWE,2018-01-01,2018-12-31,181,'716,Zimbabwe,401,'01231,"Chillies and peppers, green (Capsicum spp. and Pimenta spp.)",5539,Producer Price Index (2014-2016 = 100),2018,2018,7021,Annual value,,86.570000,E
ZWE,1991-01-01,1991-12-31,181,'716,Zimbabwe,656,'01610,"Coffee, green",5530,Producer Price (LCU/tonne),1991,1991,7021,Annual value,LCU,5790.000000,A
ZWE,1992-01-01,1992-12-31,181,'716,Zimbabwe,656,'01610,"Coffee, green",5530,Producer Price (LCU/tonne),1992,1992,7021,Annual value,LCU,4920.000000,A
ZWE,1993-01-01,1993-12-31,181,'716,Zimbabwe,656,'01610,"Coffee, green",5530,Producer Price (LCU/tonne),1993,1993,7021,Annual value,LCU,3881.000000,A
ZWE,1994-01-01,1994-12-31,181,'716,Zimbabwe,656,'01610,"Coffee, green",5530,Producer Price (LCU/tonne),1994,1994,7021,Annual value,LCU,13300.000000,A
ZWE,1995-01-01,1995-12-31,181,'716,Zimbabwe,656,'01610,"Coffee, green",5530,Producer Price (LCU/tonne),1995,1995,7021,Annual value,LCU,11200.000000,A
ZWE,1996-01-01,1996-12-31,181,'716,Zimbabwe,656,'01610,"Coffee, green",5530,Producer Price (LCU/tonne),1996,1996,7021,Annual value,LCU,10090.000000,A
ZWE,1997-01-01,1997-12-31,181,'716,Zimbabwe,656,'01610,"Coffee, green",5530,Producer Price (LCU/tonne),1997,1997,7021,Annual value,LCU,12700.000000,A
ZWE,1998-01-01,1998-12-31,181,'716,Zimbabwe,656,'01610,"Coffee, green",5530,Producer Price (LCU/tonne),1998,1998,7021,Annual value,LCU,22995.000000,A
ZWE,1999-01-01,1999-12-31,181,'716,Zimbabwe,656,'01610,"Coffee, green",5530,Producer Price (LCU/tonne),1999,1999,7021,Annual value,LCU,80000.000000,A
ZWE,2000-01-01,2000-12-31,181,'716,Zimbabwe,656,'01610,"Coffee, green",5530,Producer Price (LCU/tonne),2000,2000,7021,Annual value,LCU,80000.000000,A
ZWE,2002-01-01,2002-12-31,181,'716,Zimbabwe,656,'01610,"Coffee, green",5530,Producer Price (LCU/tonne),2002,2002,7021,Annual value,LCU,380000.000000,A
ZWE,2003-01-01,2003-12-31,181,'716,Zimbabwe,656,'01610,"Coffee, green",5530,Producer Price (LCU/tonne),2003,2003,7021,Annual value,LCU,1200000.000000,A
ZWE,1991-01-01,1991-12-31,181,'716,Zimbabwe,656,'01610,"Coffee, green",5531,Producer Price (SLC/tonne),1991,1991,7021,Annual value,SLC,16.000000,A
ZWE,1992-01-01,1992-12-31,181,'716,Zimbabwe,656,'01610,"Coffee, green",5531,Producer Price (SLC/tonne),1992,1992,7021,Annual value,SLC,13.600000,A
ZWE,1993-01-01,1993-12-31,181,'716,Zimbabwe,656,'01610,"Coffee, green",5531,Producer Price (SLC/tonne),1993,1993,7021,Annual value,SLC,10.700000,A
ZWE,1994-01-01,1994-12-31,181,'716,Zimbabwe,656,'01610,"Coffee, green",5531,Producer Price (SLC/tonne),1994,1994,7021,Annual value,SLC,36.800000,A
ZWE,1995-01-01,1995-12-31,181,'716,Zimbabwe,656,'01610,"Coffee, green",5531,Producer Price (SLC/tonne),1995,1995,7021,Annual value,SLC,30.900000,A
ZWE,1996-01-01,1996-12-31,181,'716,Zimbabwe,656,'01610,"Coffee, green",5531,Producer Price (SLC/tonne),1996,1996,7021,Annual value,SLC,27.900000,A
ZWE,1997-01-01,1997-12-31,181,'716,Zimbabwe,656,'01610,"Coffee, green",5531,Producer Price (SLC/tonne),1997,1997,7021,Annual value,SLC,35.100000,A
ZWE,1998-01-01,1998-12-31,181,'716,Zimbabwe,656,'01610,"Coffee, green",5531,Producer Price (SLC/tonne),1998,1998,7021,Annual value,SLC,63.500000,A
ZWE,1999-01-01,1999-12-31,181,'716,Zimbabwe,656,'01610,"Coffee, green",5531,Producer Price (SLC/tonne),1999,1999,7021,Annual value,SLC,221.100000,A
ZWE,2000-01-01,2000-12-31,181,'716,Zimbabwe,656,'01610,"Coffee, green",5531,Producer Price (SLC/tonne),2000,2000,7021,Annual value,SLC,221.100000,A
ZWE,2002-01-01,2002-12-31,181,'716,Zimbabwe,656,'01610,"Coffee, green",5531,Producer Price (SLC/tonne),2002,2002,7021,Annual value,SLC,1050.000000,A
ZWE,2003-01-01,2003-12-31,181,'716,Zimbabwe,656,'01610,"Coffee, green",5531,Producer Price (SLC/tonne),2003,2003,7021,Annual value,SLC,3315.800000,A
ZWE,1991-01-01,1991-12-31,181,'716,Zimbabwe,767,'01921.02,"Cotton lint, ginned",5530,Producer Price (LCU/tonne),1991,1991,7021,Annual value,LCU,5354.000000,A
ZWE,1992-01-01,1992-12-31,181,'716,Zimbabwe,767,'01921.02,"Cotton lint, ginned",5530,Producer Price (LCU/tonne),1992,1992,7021,Annual value,LCU,5713.000000,A
ZWE,1993-01-01,1993-12-31,181,'716,Zimbabwe,767,'01921.02,"Cotton lint, ginned",5530,Producer Price (LCU/tonne),1993,1993,7021,Annual value,LCU,6700.000000,A
ZWE,1994-01-01,1994-12-31,181,'716,Zimbabwe,767,'01921.02,"Cotton lint, ginned",5530,Producer Price (LCU/tonne),1994,1994,7021,Annual value,LCU,10500.000000,X
ZWE,1991-01-01,1991-12-31,181,'716,Zimbabwe,767,'01921.02,"Cotton lint, ginned",5531,Producer Price (SLC/tonne),1991,1991,7021,Annual value,SLC,14.800000,A
ZWE,1992-01-01,1992-12-31,181,'716,Zimbabwe,767,'01921.02,"Cotton lint, ginned",5531,Producer Price (SLC/tonne),1992,1992,7021,Annual value,SLC,15.800000,A
ZWE,1993-01-01,1993-12-31,181,'716,Zimbabwe,767,'01921.02,"Cotton lint, ginned",5531,Producer Price (SLC/tonne),1993,1993,7021,Annual value,SLC,18.500000,A
ZWE,1994-01-01,1994-12-31,181,'716,Zimbabwe,767,'01921.02,"Cotton lint, ginned",5531,Producer Price (SLC/tonne),1994,1994,7021,Annual value,SLC,29.000000,X
ZWE,1991-01-01,1991-12-31,181,'716,Zimbabwe,329,'0143,Cotton seed,5530,Producer Price (LCU/tonne),1991,1991,7021,Annual value,LCU,420.000000,A
ZWE,1992-01-01,1992-12-31,181,'716,Zimbabwe,329,'0143,Cotton seed,5530,Producer Price (LCU/tonne),1992,1992,7021,Annual value,LCU,706.000000,A
ZWE,2015-01-01,2015-12-31,181,'716,Zimbabwe,329,'0143,Cotton seed,5530,Producer Price (LCU/tonne),2015,2015,7021,Annual value,LCU,258.000000,A
ZWE,2016-01-01,2016-12-31,181,'716,Zimbabwe,329,'0143,Cotton seed,5530,Producer Price (LCU/tonne),2016,2016,7021,Annual value,LCU,258.000000,A
ZWE,2017-01-01,2017-12-31,181,'716,Zimbabwe,329,'0143,Cotton seed,5530,Producer Price (LCU/tonne),2017,2017,7021,Annual value,LCU,570.000000,A
ZWE,2017-01-01,2017-01-31,181,'716,Zimbabwe,329,'0143,Cotton seed,5530,Producer Price (LCU/tonne),2017,2017,7001,January,LCU,570.000000,A
ZWE,2017-02-01,2017-02-28,181,'716,Zimbabwe,329,'0143,Cotton seed,5530,Producer Price (LCU/tonne),2017,2017,7002,February,LCU,570.000000,A
ZWE,2017-03-01,2017-03-31,181,'716,Zimbabwe,329,'0143,Cotton seed,5530,Producer Price (LCU/tonne),2017,2017,7003,March,LCU,570.000000,A
ZWE,2017-04-01,2017-04-30,181,'716,Zimbabwe,329,'0143,Cotton seed,5530,Producer Price (LCU/tonne),2017,2017,7004,April,LCU,570.000000,A
ZWE,2017-05-01,2017-05-31,181,'716,Zimbabwe,329,'0143,Cotton seed,5530,Producer Price (LCU/tonne),2017,2017,7005,May,LCU,570.000000,A
ZWE,2017-06-01,2017-06-30,181,'716,Zimbabwe,329,'0143,Cotton seed,5530,Producer Price (LCU/tonne),2017,2017,7006,June,LCU,570.000000,A
ZWE,2017-07-01,2017-07-31,181,'716,Zimbabwe,329,'0143,Cotton seed,5530,Producer Price (LCU/tonne),2017,2017,7007,July,LCU,570.000000,A
ZWE,2017-08-01,2017-08-31,181,'716,Zimbabwe,329,'0143,Cotton seed,5530,Producer Price (LCU/tonne),2017,2017,7008,August,LCU,570.000000,A
ZWE,2017-09-01,2017-09-30,181,'716,Zimbabwe,329,'0143,Cotton seed,5530,Producer Price (LCU/tonne),2017,2017,7009,September,LCU,570.000000,A
ZWE,2017-10-01,2017-10-31,181,'716,Zimbabwe,329,'0143,Cotton seed,5530,Producer Price (LCU/tonne),2017,2017,7010,October,LCU,570.000000,A
ZWE,2017-11-01,2017-11-30,181,'716,Zimbabwe,329,'0143,Cotton seed,5530,Producer Price (LCU/tonne),2017,2017,7011,November,LCU,570.000000,A
ZWE,2017-12-01,2017-12-31,181,'716,Zimbabwe,329,'0143,Cotton seed,5530,Producer Price (LCU/tonne),2017,2017,7012,December,LCU,570.000000,A
ZWE,2018-01-01,2018-01-31,181,'716,Zimbabwe,329,'0143,Cotton seed,5530,Producer Price (LCU/tonne),2018,2018,7001,January,LCU,570.000000,A
ZWE,1991-01-01,1991-12-31,181,'716,Zimbabwe,329,'0143,Cotton seed,5531,Producer Price (SLC/tonne),1991,1991,7021,Annual value,SLC,1.200000,A
ZWE,1992-01-01,1992-12-31,181,'716,Zimbabwe,329,'0143,Cotton seed,5531,Producer Price (SLC/tonne),1992,1992,7021,Annual value,SLC,2.000000,A
ZWE,2015-01-01,2015-12-31,181,'716,Zimbabwe,329,'0143,Cotton seed,5531,Producer Price (SLC/tonne),2015,2015,7021,Annual value,SLC,258.000000,A
ZWE,2016-01-01,2016-12-31,181,'716,Zimbabwe,329,'0143,Cotton seed,5531,Producer Price (SLC/tonne),2016,2016,7021,Annual value,SLC,258.000000,A
ZWE,2017-01-01,2017-12-31,181,'716,Zimbabwe,329,'0143,Cotton seed,5531,Producer Price (SLC/tonne),2017,2017,7021,Annual value,SLC,570.000000,A
ZWE,2018-01-01,2018-12-31,181,'716,Zimbabwe,329,'0143,Cotton seed,5531,Producer Price (SLC/tonne),2018,2018,7021,Annual value,SLC,626.000000,A
ZWE,2015-01-01,2015-12-31,181,'716,Zimbabwe,329,'0143,Cotton seed,5532,Producer Price (USD/tonne),2015,2015,7021,Annual value,USD,258.000000,A
ZWE,2016-01-01,2016-12-31,181,'716,Zimbabwe,329,'0143,Cotton seed,5532,Producer Price (USD/tonne),2016,2016,7021,Annual value,USD,258.000000,A
ZWE,2017-01-01,2017-12-31,181,'716,Zimbabwe,329,'0143,Cotton seed,5532,Producer Price (USD/tonne),2017,2017,7021,Annual value,USD,570.000000,A
ZWE,1991-01-01,1991-12-31,181,'716,Zimbabwe,329,'0143,Cotton seed,5539,Producer Price Index (2014-2016 = 100),1991,1991,7021,Annual value,,0.450000,E
ZWE,1992-01-01,1992-12-31,181,'716,Zimbabwe,329,'0143,Cotton seed,5539,Producer Price Index (2014-2016 = 100),1992,1992,7021,Annual value,,0.760000,E
ZWE,1993-01-01,1993-12-31,181,'716,Zimbabwe,329,'0143,Cotton seed,5539,Producer Price Index (2014-2016 = 100),1993,1993,7021,Annual value,,1.460000,E
ZWE,1994-01-01,1994-12-31,181,'716,Zimbabwe,329,'0143,Cotton seed,5539,Producer Price Index (2014-2016 = 100),1994,1994,7021,Annual value,,1.640000,E
ZWE,1995-01-01,1995-12-31,181,'716,Zimbabwe,329,'0143,Cotton seed,5539,Producer Price Index (2014-2016 = 100),1995,1995,7021,Annual value,,3.020000,E
ZWE,1996-01-01,1996-12-31,181,'716,Zimbabwe,329,'0143,Cotton seed,5539,Producer Price Index (2014-2016 = 100),1996,1996,7021,Annual value,,3.290000,E
ZWE,1997-01-01,1997-12-31,181,'716,Zimbabwe,329,'0143,Cotton seed,5539,Producer Price Index (2014-2016 = 100),1997,1997,7021,Annual value,,3.200000,E
ZWE,1998-01-01,1998-12-31,181,'716,Zimbabwe,329,'0143,Cotton seed,5539,Producer Price Index (2014-2016 = 100),1998,1998,7021,Annual value,,3.020000,E
ZWE,1999-01-01,1999-12-31,181,'716,Zimbabwe,329,'0143,Cotton seed,5539,Producer Price Index (2014-2016 = 100),1999,1999,7021,Annual value,,4.850000,E
ZWE,2000-01-01,2000-12-31,181,'716,Zimbabwe,329,'0143,Cotton seed,5539,Producer Price Index (2014-2016 = 100),2000,2000,7021,Annual value,,8.800000,E
ZWE,2001-01-01,2001-12-31,181,'716,Zimbabwe,329,'0143,Cotton seed,5539,Producer Price Index (2014-2016 = 100),2001,2001,7021,Annual value,,10.080000,E
ZWE,2002-01-01,2002-12-31,181,'716,Zimbabwe,329,'0143,Cotton seed,5539,Producer Price Index (2014-2016 = 100),2002,2002,7021,Annual value,,12.530000,E
ZWE,2003-01-01,2003-12-31,181,'716,Zimbabwe,329,'0143,Cotton seed,5539,Producer Price Index (2014-2016 = 100),2003,2003,7021,Annual value,,31.190000,E
ZWE,2004-01-01,2004-12-31,181,'716,Zimbabwe,329,'0143,Cotton seed,5539,Producer Price Index (2014-2016 = 100),2004,2004,7021,Annual value,,96.940000,E
ZWE,2005-01-01,2005-12-31,181,'716,Zimbabwe,329,'0143,Cotton seed,5539,Producer Price Index (2014-2016 = 100),2005,2005,7021,Annual value,,96.030000,E
ZWE,2006-01-01,2006-12-31,181,'716,Zimbabwe,329,'0143,Cotton seed,5539,Producer Price Index (2014-2016 = 100),2006,2006,7021,Annual value,,106.110000,E
ZWE,2007-01-01,2007-12-31,181,'716,Zimbabwe,329,'0143,Cotton seed,5539,Producer Price Index (2014-2016 = 100),2007,2007,7021,Annual value,,122.250000,E
ZWE,2015-01-01,2015-12-31,181,'716,Zimbabwe,329,'0143,Cotton seed,5539,Producer Price Index (2014-2016 = 100),2015,2015,7021,Annual value,,100.000000,E
ZWE,2016-01-01,2016-12-31,181,'716,Zimbabwe,329,'0143,Cotton seed,5539,Producer Price Index (2014-2016 = 100),2016,2016,7021,Annual value,,100.000000,E
ZWE,2017-01-01,2017-12-31,181,'716,Zimbabwe,329,'0143,Cotton seed,5539,Producer Price Index (2014-2016 = 100),2017,2017,7021,Annual value,,220.930000,E
ZWE,2018-01-01,2018-12-31,181,'716,Zimbabwe,329,'0143,Cotton seed,5539,Producer Price Index (2014-2016 = 100),2018,2018,7021,Annual value,,242.630000,E
ZWE,2014-01-01,2014-12-31,181,'716,Zimbabwe,195,'01706,"Cow peas, dry",5530,Producer Price (LCU/tonne),2014,2014,7021,Annual value,LCU,350.000000,A
ZWE,2015-01-01,2015-12-31,181,'716,Zimbabwe,195,'01706,"Cow peas, dry",5530,Producer Price (LCU/tonne),2015,2015,7021,Annual value,LCU,350.000000,A
ZWE,2016-01-01,2016-12-31,181,'716,Zimbabwe,195,'01706,"Cow peas, dry",5530,Producer Price (LCU/tonne),2016,2016,7021,Annual value,LCU,300.000000,A
ZWE,2016-01-01,2016-01-31,181,'716,Zimbabwe,195,'01706,"Cow peas, dry",5530,Producer Price (LCU/tonne),2016,2016,7001,January,LCU,350.000000,A
ZWE,2016-02-01,2016-02-29,181,'716,Zimbabwe,195,'01706,"Cow peas, dry",5530,Producer Price (LCU/tonne),2016,2016,7002,February,LCU,350.000000,A
ZWE,2016-03-01,2016-03-31,181,'716,Zimbabwe,195,'01706,"Cow peas, dry",5530,Producer Price (LCU/tonne),2016,2016,7003,March,LCU,350.000000,A
ZWE,2016-04-01,2016-04-30,181,'716,Zimbabwe,195,'01706,"Cow peas, dry",5530,Producer Price (LCU/tonne),2016,2016,7004,April,LCU,350.000000,A
ZWE,2016-05-01,2016-05-31,181,'716,Zimbabwe,195,'01706,"Cow peas, dry",5530,Producer Price (LCU/tonne),2016,2016,7005,May,LCU,350.000000,A
ZWE,2016-06-01,2016-06-30,181,'716,Zimbabwe,195,'01706,"Cow peas, dry",5530,Producer Price (LCU/tonne),2016,2016,7006,June,LCU,350.000000,A
ZWE,2016-07-01,2016-07-31,181,'716,Zimbabwe,195,'01706,"Cow peas, dry",5530,Producer Price (LCU/tonne),2016,2016,7007,July,LCU,350.000000,A
ZWE,2016-08-01,2016-08-31,181,'716,Zimbabwe,195,'01706,"Cow peas, dry",5530,Producer Price (LCU/tonne),2016,2016,7008,August,LCU,350.000000,A
ZWE,2016-09-01,2016-09-30,181,'716,Zimbabwe,195,'01706,"Cow peas, dry",5530,Producer Price (LCU/tonne),2016,2016,7009,September,LCU,350.000000,A
ZWE,2016-10-01,2016-10-31,181,'716,Zimbabwe,195,'01706,"Cow peas, dry",5530,Producer Price (LCU/tonne),2016,2016,7010,October,LCU,350.000000,A
ZWE,2016-11-01,2016-11-30,181,'716,Zimbabwe,195,'01706,"Cow peas, dry",5530,Producer Price (LCU/tonne),2016,2016,7011,November,LCU,350.000000,A
ZWE,2016-12-01,2016-12-31,181,'716,Zimbabwe,195,'01706,"Cow peas, dry",5530,Producer Price (LCU/tonne),2016,2016,7012,December,LCU,350.000000,A
ZWE,2017-01-01,2017-12-31,181,'716,Zimbabwe,195,'01706,"Cow peas, dry",5530,Producer Price (LCU/tonne),2017,2017,7021,Annual value,LCU,300.000000,A
ZWE,2017-01-01,2017-01-31,181,'716,Zimbabwe,195,'01706,"Cow peas, dry",5530,Producer Price (LCU/tonne),2017,2017,7001,January,LCU,300.000000,A
ZWE,2017-02-01,2017-02-28,181,'716,Zimbabwe,195,'01706,"Cow peas, dry",5530,Producer Price (LCU/tonne),2017,2017,7002,February,LCU,300.000000,A
ZWE,2017-03-01,2017-03-31,181,'716,Zimbabwe,195,'01706,"Cow peas, dry",5530,Producer Price (LCU/tonne),2017,2017,7003,March,LCU,300.000000,A
ZWE,2017-04-01,2017-04-30,181,'716,Zimbabwe,195,'01706,"Cow peas, dry",5530,Producer Price (LCU/tonne),2017,2017,7004,April,LCU,300.000000,A
ZWE,2017-05-01,2017-05-31,181,'716,Zimbabwe,195,'01706,"Cow peas, dry",5530,Producer Price (LCU/tonne),2017,2017,7005,May,LCU,300.000000,A
ZWE,2017-06-01,2017-06-30,181,'716,Zimbabwe,195,'01706,"Cow peas, dry",5530,Producer Price (LCU/tonne),2017,2017,7006,June,LCU,300.000000,A
ZWE,2017-07-01,2017-07-31,181,'716,Zimbabwe,195,'01706,"Cow peas, dry",5530,Producer Price (LCU/tonne),2017,2017,7007,July,LCU,300.000000,A
ZWE,2017-08-01,2017-08-31,181,'716,Zimbabwe,195,'01706,"Cow peas, dry",5530,Producer Price (LCU/tonne),2017,2017,7008,August,LCU,300.000000,A
ZWE,2017-09-01,2017-09-30,181,'716,Zimbabwe,195,'01706,"Cow peas, dry",5530,Producer Price (LCU/tonne),2017,2017,7009,September,LCU,300.000000,A
ZWE,2017-10-01,2017-10-31,181,'716,Zimbabwe,195,'01706,"Cow peas, dry",5530,Producer Price (LCU/tonne),2017,2017,7010,October,LCU,300.000000,A
ZWE,2017-11-01,2017-11-30,181,'716,Zimbabwe,195,'01706,"Cow peas, dry",5530,Producer Price (LCU/tonne),2017,2017,7011,November,LCU,300.000000,A
ZWE,2017-12-01,2017-12-31,181,'716,Zimbabwe,195,'01706,"Cow peas, dry",5530,Producer Price (LCU/tonne),2017,2017,7012,December,LCU,300.000000,A
ZWE,2018-01-01,2018-12-31,181,'716,Zimbabwe,195,'01706,"Cow peas, dry",5530,Producer Price (LCU/tonne),2018,2018,7021,Annual value,LCU,300.000000,A
ZWE,2018-01-01,2018-01-31,181,'716,Zimbabwe,195,'01706,"Cow peas, dry",5530,Producer Price (LCU/tonne),2018,2018,7001,January,LCU,300.000000,A
ZWE,2014-01-01,2014-12-31,181,'716,Zimbabwe,195,'01706,"Cow peas, dry",5531,Producer Price (SLC/tonne),2014,2014,7021,Annual value,SLC,350.000000,A
ZWE,2015-01-01,2015-12-31,181,'716,Zimbabwe,195,'01706,"Cow peas, dry",5531,Producer Price (SLC/tonne),2015,2015,7021,Annual value,SLC,350.000000,A
ZWE,2016-01-01,2016-12-31,181,'716,Zimbabwe,195,'01706,"Cow peas, dry",5531,Producer Price (SLC/tonne),2016,2016,7021,Annual value,SLC,300.000000,A
ZWE,2017-01-01,2017-12-31,181,'716,Zimbabwe,195,'01706,"Cow peas, dry",5531,Producer Price (SLC/tonne),2017,2017,7021,Annual value,SLC,300.000000,A
ZWE,2018-01-01,2018-12-31,181,'716,Zimbabwe,195,'01706,"Cow peas, dry",5531,Producer Price (SLC/tonne),2018,2018,7021,Annual value,SLC,300.000000,A
ZWE,2014-01-01,2014-12-31,181,'716,Zimbabwe,195,'01706,"Cow peas, dry",5532,Producer Price (USD/tonne),2014,2014,7021,Annual value,USD,350.000000,A
ZWE,2015-01-01,2015-12-31,181,'716,Zimbabwe,195,'01706,"Cow peas, dry",5532,Producer Price (USD/tonne),2015,2015,7021,Annual value,USD,350.000000,A
ZWE,2016-01-01,2016-12-31,181,'716,Zimbabwe,195,'01706,"Cow peas, dry",5532,Producer Price (USD/tonne),2016,2016,7021,Annual value,USD,300.000000,A
ZWE,2017-01-01,2017-12-31,181,'716,Zimbabwe,195,'01706,"Cow peas, dry",5532,Producer Price (USD/tonne),2017,2017,7021,Annual value,USD,300.000000,A
ZWE,2018-01-01,2018-12-31,181,'716,Zimbabwe,195,'01706,"Cow peas, dry",5532,Producer Price (USD/tonne),2018,2018,7021,Annual value,USD,300.000000,A
ZWE,2014-01-01,2014-12-31,181,'716,Zimbabwe,195,'01706,"Cow peas, dry",5539,Producer Price Index (2014-2016 = 100),2014,2014,7021,Annual value,,105.000000,E
ZWE,2015-01-01,2015-12-31,181,'716,Zimbabwe,195,'01706,"Cow peas, dry",5539,Producer Price Index (2014-2016 = 100),2015,2015,7021,Annual value,,105.000000,E
ZWE,2016-01-01,2016-12-31,181,'716,Zimbabwe,195,'01706,"Cow peas, dry",5539,Producer Price Index (2014-2016 = 100),2016,2016,7021,Annual value,,90.000000,E
ZWE,2017-01-01,2017-12-31,181,'716,Zimbabwe,195,'01706,"Cow peas, dry",5539,Producer Price Index (2014-2016 = 100),2017,2017,7021,Annual value,,90.000000,E
ZWE,2018-01-01,2018-12-31,181,'716,Zimbabwe,195,'01706,"Cow peas, dry",5539,Producer Price Index (2014-2016 = 100),2018,2018,7021,Annual value,,90.000000,E
ZWE,2000-01-01,2000-12-31,181,'716,Zimbabwe,397,'01232,Cucumbers and gherkins,5530,Producer Price (LCU/tonne),2000,2000,7021,Annual value,LCU,8000.000000,A
ZWE,2001-01-01,2001-12-31,181,'716,Zimbabwe,397,'01232,Cucumbers and gherkins,5530,Producer Price (LCU/tonne),2001,2001,7021,Annual value,LCU,19000.000000,A
ZWE,2002-01-01,2002-12-31,181,'716,Zimbabwe,397,'01232,Cucumbers and gherkins,5530,Producer Price (LCU/tonne),2002,2002,7021,Annual value,LCU,25550.000000,A
ZWE,2003-01-01,2003-12-31,181,'716,Zimbabwe,397,'01232,Cucumbers and gherkins,5530,Producer Price (LCU/tonne),2003,2003,7021,Annual value,LCU,330000.000000,A
ZWE,2015-01-01,2015-12-31,181,'716,Zimbabwe,397,'01232,Cucumbers and gherkins,5530,Producer Price (LCU/tonne),2015,2015,7021,Annual value,LCU,404.000000,A
ZWE,2016-01-01,2016-12-31,181,'716,Zimbabwe,397,'01232,Cucumbers and gherkins,5530,Producer Price (LCU/tonne),2016,2016,7021,Annual value,LCU,521.000000,A
ZWE,2017-01-01,2017-12-31,181,'716,Zimbabwe,397,'01232,Cucumbers and gherkins,5530,Producer Price (LCU/tonne),2017,2017,7021,Annual value,LCU,730.000000,A
ZWE,2017-01-01,2017-01-31,181,'716,Zimbabwe,397,'01232,Cucumbers and gherkins,5530,Producer Price (LCU/tonne),2017,2017,7001,January,LCU,235.000000,A
ZWE,2017-02-01,2017-02-28,181,'716,Zimbabwe,397,'01232,Cucumbers and gherkins,5530,Producer Price (LCU/tonne),2017,2017,7002,February,LCU,410.000000,A
ZWE,2017-03-01,2017-03-31,181,'716,Zimbabwe,397,'01232,Cucumbers and gherkins,5530,Producer Price (LCU/tonne),2017,2017,7003,March,LCU,383.000000,A
ZWE,2017-04-01,2017-04-30,181,'716,Zimbabwe,397,'01232,Cucumbers and gherkins,5530,Producer Price (LCU/tonne),2017,2017,7004,April,LCU,550.000000,A
ZWE,2017-05-01,2017-05-31,181,'716,Zimbabwe,397,'01232,Cucumbers and gherkins,5530,Producer Price (LCU/tonne),2017,2017,7005,May,LCU,440.000000,A
ZWE,2017-06-01,2017-06-30,181,'716,Zimbabwe,397,'01232,Cucumbers and gherkins,5530,Producer Price (LCU/tonne),2017,2017,7006,June,LCU,508.000000,A
ZWE,2017-07-01,2017-07-31,181,'716,Zimbabwe,397,'01232,Cucumbers and gherkins,5530,Producer Price (LCU/tonne),2017,2017,7007,July,LCU,550.000000,A
ZWE,2017-08-01,2017-08-31,181,'716,Zimbabwe,397,'01232,Cucumbers and gherkins,5530,Producer Price (LCU/tonne),2017,2017,7008,August,LCU,850.000000,A
ZWE,2017-09-01,2017-09-30,181,'716,Zimbabwe,397,'01232,Cucumbers and gherkins,5530,Producer Price (LCU/tonne),2017,2017,7009,September,LCU,1083.000000,A
ZWE,2017-10-01,2017-10-31,181,'716,Zimbabwe,397,'01232,Cucumbers and gherkins,5530,Producer Price (LCU/tonne),2017,2017,7010,October,LCU,1500.000000,A
ZWE,2017-11-01,2017-11-30,181,'716,Zimbabwe,397,'01232,Cucumbers and gherkins,5530,Producer Price (LCU/tonne),2017,2017,7011,November,LCU,1000.000000,A
ZWE,2017-12-01,2017-12-31,181,'716,Zimbabwe,397,'01232,Cucumbers and gherkins,5530,Producer Price (LCU/tonne),2017,2017,7012,December,LCU,1250.000000,A
ZWE,2018-01-01,2018-01-31,181,'716,Zimbabwe,397,'01232,Cucumbers and gherkins,5530,Producer Price (LCU/tonne),2018,2018,7001,January,LCU,900.000000,A
ZWE,2000-01-01,2000-12-31,181,'716,Zimbabwe,397,'01232,Cucumbers and gherkins,5531,Producer Price (SLC/tonne),2000,2000,7021,Annual value,SLC,22.100000,A
ZWE,2001-01-01,2001-12-31,181,'716,Zimbabwe,397,'01232,Cucumbers and gherkins,5531,Producer Price (SLC/tonne),2001,2001,7021,Annual value,SLC,52.500000,A
ZWE,2002-01-01,2002-12-31,181,'716,Zimbabwe,397,'01232,Cucumbers and gherkins,5531,Producer Price (SLC/tonne),2002,2002,7021,Annual value,SLC,70.600000,A
ZWE,2003-01-01,2003-12-31,181,'716,Zimbabwe,397,'01232,Cucumbers and gherkins,5531,Producer Price (SLC/tonne),2003,2003,7021,Annual value,SLC,911.900000,A
ZWE,2015-01-01,2015-12-31,181,'716,Zimbabwe,397,'01232,Cucumbers and gherkins,5531,Producer Price (SLC/tonne),2015,2015,7021,Annual value,SLC,404.000000,A
ZWE,2016-01-01,2016-12-31,181,'716,Zimbabwe,397,'01232,Cucumbers and gherkins,5531,Producer Price (SLC/tonne),2016,2016,7021,Annual value,SLC,521.000000,A
ZWE,2017-01-01,2017-12-31,181,'716,Zimbabwe,397,'01232,Cucumbers and gherkins,5531,Producer Price (SLC/tonne),2017,2017,7021,Annual value,SLC,730.000000,A
ZWE,2018-01-01,2018-12-31,181,'716,Zimbabwe,397,'01232,Cucumbers and gherkins,5531,Producer Price (SLC/tonne),2018,2018,7021,Annual value,SLC,801.700000,A
ZWE,2015-01-01,2015-12-31,181,'716,Zimbabwe,397,'01232,Cucumbers and gherkins,5532,Producer Price (USD/tonne),2015,2015,7021,Annual value,USD,404.000000,A
ZWE,2016-01-01,2016-12-31,181,'716,Zimbabwe,397,'01232,Cucumbers and gherkins,5532,Producer Price (USD/tonne),2016,2016,7021,Annual value,USD,521.000000,A
ZWE,2017-01-01,2017-12-31,181,'716,Zimbabwe,397,'01232,Cucumbers and gherkins,5532,Producer Price (USD/tonne),2017,2017,7021,Annual value,USD,730.000000,A
ZWE,1991-01-01,1991-12-31,181,'716,Zimbabwe,397,'01232,Cucumbers and gherkins,5539,Producer Price Index (2014-2016 = 100),1991,1991,7021,Annual value,,0.490000,E
ZWE,1992-01-01,1992-12-31,181,'716,Zimbabwe,397,'01232,Cucumbers and gherkins,5539,Producer Price Index (2014-2016 = 100),1992,1992,7021,Annual value,,0.630000,E
ZWE,1993-01-01,1993-12-31,181,'716,Zimbabwe,397,'01232,Cucumbers and gherkins,5539,Producer Price Index (2014-2016 = 100),1993,1993,7021,Annual value,,0.760000,E
ZWE,1994-01-01,1994-12-31,181,'716,Zimbabwe,397,'01232,Cucumbers and gherkins,5539,Producer Price Index (2014-2016 = 100),1994,1994,7021,Annual value,,0.920000,E
ZWE,1995-01-01,1995-12-31,181,'716,Zimbabwe,397,'01232,Cucumbers and gherkins,5539,Producer Price Index (2014-2016 = 100),1995,1995,7021,Annual value,,1.010000,E
ZWE,1996-01-01,1996-12-31,181,'716,Zimbabwe,397,'01232,Cucumbers and gherkins,5539,Producer Price Index (2014-2016 = 100),1996,1996,7021,Annual value,,1.270000,E
ZWE,1997-01-01,1997-12-31,181,'716,Zimbabwe,397,'01232,Cucumbers and gherkins,5539,Producer Price Index (2014-2016 = 100),1997,1997,7021,Annual value,,1.480000,E
ZWE,1998-01-01,1998-12-31,181,'716,Zimbabwe,397,'01232,Cucumbers and gherkins,5539,Producer Price Index (2014-2016 = 100),1998,1998,7021,Annual value,,1.910000,E
ZWE,1999-01-01,1999-12-31,181,'716,Zimbabwe,397,'01232,Cucumbers and gherkins,5539,Producer Price Index (2014-2016 = 100),1999,1999,7021,Annual value,,2.990000,E
ZWE,2000-01-01,2000-12-31,181,'716,Zimbabwe,397,'01232,Cucumbers and gherkins,5539,Producer Price Index (2014-2016 = 100),2000,2000,7021,Annual value,,4.780000,E
ZWE,2001-01-01,2001-12-31,181,'716,Zimbabwe,397,'01232,Cucumbers and gherkins,5539,Producer Price Index (2014-2016 = 100),2001,2001,7021,Annual value,,11.350000,E
ZWE,2002-01-01,2002-12-31,181,'716,Zimbabwe,397,'01232,Cucumbers and gherkins,5539,Producer Price Index (2014-2016 = 100),2002,2002,7021,Annual value,,15.260000,E
ZWE,2003-01-01,2003-12-31,181,'716,Zimbabwe,397,'01232,Cucumbers and gherkins,5539,Producer Price Index (2014-2016 = 100),2003,2003,7021,Annual value,,197.160000,E
ZWE,2004-01-01,2004-12-31,181,'716,Zimbabwe,397,'01232,Cucumbers and gherkins,5539,Producer Price Index (2014-2016 = 100),2004,2004,7021,Annual value,,990.420000,E
ZWE,2005-01-01,2005-12-31,181,'716,Zimbabwe,397,'01232,Cucumbers and gherkins,5539,Producer Price Index (2014-2016 = 100),2005,2005,7021,Annual value,,4071.910000,E
ZWE,2006-01-01,2006-12-31,181,'716,Zimbabwe,397,'01232,Cucumbers and gherkins,5539,Producer Price Index (2014-2016 = 100),2006,2006,7021,Annual value,,56694.520000,E
ZWE,2007-01-01,2007-12-31,181,'716,Zimbabwe,397,'01232,Cucumbers and gherkins,5539,Producer Price Index (2014-2016 = 100),2007,2007,7021,Annual value,,178323.550000,E
ZWE,2015-01-01,2015-12-31,181,'716,Zimbabwe,397,'01232,Cucumbers and gherkins,5539,Producer Price Index (2014-2016 = 100),2015,2015,7021,Annual value,,87.350000,E
ZWE,2016-01-01,2016-12-31,181,'716,Zimbabwe,397,'01232,Cucumbers and gherkins,5539,Producer Price Index (2014-2016 = 100),2016,2016,7021,Annual value,,112.650000,E
ZWE,2017-01-01,2017-12-31,181,'716,Zimbabwe,397,'01232,Cucumbers and gherkins,5539,Producer Price Index (2014-2016 = 100),2017,2017,7021,Annual value,,157.840000,E
ZWE,2018-01-01,2018-12-31,181,'716,Zimbabwe,397,'01232,Cucumbers and gherkins,5539,Producer Price Index (2014-2016 = 100),2018,2018,7021,Annual value,,173.340000,E
ZWE,1991-01-01,1991-12-31,181,'716,Zimbabwe,560,'01330,Grapes,5530,Producer Price (LCU/tonne),1991,1991,7021,Annual value,LCU,4200.000000,A
ZWE,1992-01-01,1992-12-31,181,'716,Zimbabwe,560,'01330,Grapes,5530,Producer Price (LCU/tonne),1992,1992,7021,Annual value,LCU,4700.000000,A
ZWE,1993-01-01,1993-12-31,181,'716,Zimbabwe,560,'01330,Grapes,5530,Producer Price (LCU/tonne),1993,1993,7021,Annual value,LCU,5714.000000,A
ZWE,2015-01-01,2015-12-31,181,'716,Zimbabwe,560,'01330,Grapes,5530,Producer Price (LCU/tonne),2015,2015,7021,Annual value,LCU,4229.000000,A
ZWE,2016-01-01,2016-12-31,181,'716,Zimbabwe,560,'01330,Grapes,5530,Producer Price (LCU/tonne),2016,2016,7021,Annual value,LCU,3585.000000,A
ZWE,2017-01-01,2017-12-31,181,'716,Zimbabwe,560,'01330,Grapes,5530,Producer Price (LCU/tonne),2017,2017,7021,Annual value,LCU,3507.000000,A
ZWE,2017-01-01,2017-01-31,181,'716,Zimbabwe,560,'01330,Grapes,5530,Producer Price (LCU/tonne),2017,2017,7001,January,LCU,3720.000000,A
ZWE,2017-02-01,2017-02-28,181,'716,Zimbabwe,560,'01330,Grapes,5530,Producer Price (LCU/tonne),2017,2017,7002,February,LCU,2940.000000,A
ZWE,2017-03-01,2017-03-31,181,'716,Zimbabwe,560,'01330,Grapes,5530,Producer Price (LCU/tonne),2017,2017,7003,March,LCU,2830.000000,A
ZWE,2017-04-01,2017-04-30,181,'716,Zimbabwe,560,'01330,Grapes,5530,Producer Price (LCU/tonne),2017,2017,7004,April,LCU,2640.000000,A
ZWE,2017-05-01,2017-05-31,181,'716,Zimbabwe,560,'01330,Grapes,5530,Producer Price (LCU/tonne),2017,2017,7005,May,LCU,2670.000000,A
ZWE,2017-06-01,2017-06-30,181,'716,Zimbabwe,560,'01330,Grapes,5530,Producer Price (LCU/tonne),2017,2017,7006,June,LCU,2740.000000,A
ZWE,2017-07-01,2017-07-31,181,'716,Zimbabwe,560,'01330,Grapes,5530,Producer Price (LCU/tonne),2017,2017,7007,July,LCU,3490.000000,A
ZWE,2017-08-01,2017-08-31,181,'716,Zimbabwe,560,'01330,Grapes,5530,Producer Price (LCU/tonne),2017,2017,7008,August,LCU,3830.000000,A
ZWE,2017-09-01,2017-09-30,181,'716,Zimbabwe,560,'01330,Grapes,5530,Producer Price (LCU/tonne),2017,2017,7009,September,LCU,3920.000000,A
ZWE,2017-10-01,2017-10-31,181,'716,Zimbabwe,560,'01330,Grapes,5530,Producer Price (LCU/tonne),2017,2017,7010,October,LCU,4370.000000,A
ZWE,2017-11-01,2017-11-30,181,'716,Zimbabwe,560,'01330,Grapes,5530,Producer Price (LCU/tonne),2017,2017,7011,November,LCU,4450.000000,A
ZWE,2017-12-01,2017-12-31,181,'716,Zimbabwe,560,'01330,Grapes,5530,Producer Price (LCU/tonne),2017,2017,7012,December,LCU,4480.000000,A
ZWE,2018-01-01,2018-01-31,181,'716,Zimbabwe,560,'01330,Grapes,5530,Producer Price (LCU/tonne),2018,2018,7001,January,LCU,3910.000000,A
ZWE,1991-01-01,1991-12-31,181,'716,Zimbabwe,560,'01330,Grapes,5531,Producer Price (SLC/tonne),1991,1991,7021,Annual value,SLC,11.600000,A
ZWE,1992-01-01,1992-12-31,181,'716,Zimbabwe,560,'01330,Grapes,5531,Producer Price (SLC/tonne),1992,1992,7021,Annual value,SLC,13.000000,A
ZWE,1993-01-01,1993-12-31,181,'716,Zimbabwe,560,'01330,Grapes,5531,Producer Price (SLC/tonne),1993,1993,7021,Annual value,SLC,15.800000,A
ZWE,2015-01-01,2015-12-31,181,'716,Zimbabwe,560,'01330,Grapes,5531,Producer Price (SLC/tonne),2015,2015,7021,Annual value,SLC,4229.000000,A
ZWE,2016-01-01,2016-12-31,181,'716,Zimbabwe,560,'01330,Grapes,5531,Producer Price (SLC/tonne),2016,2016,7021,Annual value,SLC,3585.000000,A
ZWE,2017-01-01,2017-12-31,181,'716,Zimbabwe,560,'01330,Grapes,5531,Producer Price (SLC/tonne),2017,2017,7021,Annual value,SLC,3507.000000,A
ZWE,2018-01-01,2018-12-31,181,'716,Zimbabwe,560,'01330,Grapes,5531,Producer Price (SLC/tonne),2018,2018,7021,Annual value,SLC,3851.500000,A
ZWE,2015-01-01,2015-12-31,181,'716,Zimbabwe,560,'01330,Grapes,5532,Producer Price (USD/tonne),2015,2015,7021,Annual value,USD,4229.000000,A
ZWE,2016-01-01,2016-12-31,181,'716,Zimbabwe,560,'01330,Grapes,5532,Producer Price (USD/tonne),2016,2016,7021,Annual value,USD,3585.000000,A
ZWE,2017-01-01,2017-12-31,181,'716,Zimbabwe,560,'01330,Grapes,5532,Producer Price (USD/tonne),2017,2017,7021,Annual value,USD,3507.000000,A
ZWE,1991-01-01,1991-12-31,181,'716,Zimbabwe,560,'01330,Grapes,5539,Producer Price Index (2014-2016 = 100),1991,1991,7021,Annual value,,0.300000,E
ZWE,1992-01-01,1992-12-31,181,'716,Zimbabwe,560,'01330,Grapes,5539,Producer Price Index (2014-2016 = 100),1992,1992,7021,Annual value,,0.330000,E
ZWE,1993-01-01,1993-12-31,181,'716,Zimbabwe,560,'01330,Grapes,5539,Producer Price Index (2014-2016 = 100),1993,1993,7021,Annual value,,0.400000,E
ZWE,1994-01-01,1994-12-31,181,'716,Zimbabwe,560,'01330,Grapes,5539,Producer Price Index (2014-2016 = 100),1994,1994,7021,Annual value,,0.410000,E
ZWE,1995-01-01,1995-12-31,181,'716,Zimbabwe,560,'01330,Grapes,5539,Producer Price Index (2014-2016 = 100),1995,1995,7021,Annual value,,0.470000,E
ZWE,1996-01-01,1996-12-31,181,'716,Zimbabwe,560,'01330,Grapes,5539,Producer Price Index (2014-2016 = 100),1996,1996,7021,Annual value,,0.540000,E
ZWE,1997-01-01,1997-12-31,181,'716,Zimbabwe,560,'01330,Grapes,5539,Producer Price Index (2014-2016 = 100),1997,1997,7021,Annual value,,0.540000,E
ZWE,1998-01-01,1998-12-31,181,'716,Zimbabwe,560,'01330,Grapes,5539,Producer Price Index (2014-2016 = 100),1998,1998,7021,Annual value,,1.310000,E
ZWE,1999-01-01,1999-12-31,181,'716,Zimbabwe,560,'01330,Grapes,5539,Producer Price Index (2014-2016 = 100),1999,1999,7021,Annual value,,1.900000,E
ZWE,2000-01-01,2000-12-31,181,'716,Zimbabwe,560,'01330,Grapes,5539,Producer Price Index (2014-2016 = 100),2000,2000,7021,Annual value,,2.490000,E
ZWE,2001-01-01,2001-12-31,181,'716,Zimbabwe,560,'01330,Grapes,5539,Producer Price Index (2014-2016 = 100),2001,2001,7021,Annual value,,6.780000,E
ZWE,2002-01-01,2002-12-31,181,'716,Zimbabwe,560,'01330,Grapes,5539,Producer Price Index (2014-2016 = 100),2002,2002,7021,Annual value,,12.650000,E
ZWE,2003-01-01,2003-12-31,181,'716,Zimbabwe,560,'01330,Grapes,5539,Producer Price Index (2014-2016 = 100),2003,2003,7021,Annual value,,117.760000,E
ZWE,2004-01-01,2004-12-31,181,'716,Zimbabwe,560,'01330,Grapes,5539,Producer Price Index (2014-2016 = 100),2004,2004,7021,Annual value,,537.920000,E
ZWE,2005-01-01,2005-12-31,181,'716,Zimbabwe,560,'01330,Grapes,5539,Producer Price Index (2014-2016 = 100),2005,2005,7021,Annual value,,1936.640000,E
ZWE,2006-01-01,2006-12-31,181,'716,Zimbabwe,560,'01330,Grapes,5539,Producer Price Index (2014-2016 = 100),2006,2006,7021,Annual value,,26964.530000,E
ZWE,2007-01-01,2007-12-31,181,'716,Zimbabwe,560,'01330,Grapes,5539,Producer Price Index (2014-2016 = 100),2007,2007,7021,Annual value,,84696.940000,E
ZWE,2015-01-01,2015-12-31,181,'716,Zimbabwe,560,'01330,Grapes,5539,Producer Price Index (2014-2016 = 100),2015,2015,7021,Annual value,,108.240000,E
ZWE,2016-01-01,2016-12-31,181,'716,Zimbabwe,560,'01330,Grapes,5539,Producer Price Index (2014-2016 = 100),2016,2016,7021,Annual value,,91.760000,E
ZWE,2017-01-01,2017-12-31,181,'716,Zimbabwe,560,'01330,Grapes,5539,Producer Price Index (2014-2016 = 100),2017,2017,7021,Annual value,,89.760000,E
ZWE,2018-01-01,2018-12-31,181,'716,Zimbabwe,560,'01330,Grapes,5539,Producer Price Index (2014-2016 = 100),2018,2018,7021,Annual value,,98.580000,E
ZWE,2015-01-01,2015-12-31,181,'716,Zimbabwe,446,'01290.01,Green corn (maize),5530,Producer Price (LCU/tonne),2015,2015,7021,Annual value,LCU,236.000000,A
ZWE,2016-01-01,2016-12-31,181,'716,Zimbabwe,446,'01290.01,Green corn (maize),5530,Producer Price (LCU/tonne),2016,2016,7021,Annual value,LCU,315.000000,A
ZWE,2017-01-01,2017-12-31,181,'716,Zimbabwe,446,'01290.01,Green corn (maize),5530,Producer Price (LCU/tonne),2017,2017,7021,Annual value,LCU,216.000000,A
ZWE,2017-01-01,2017-01-31,181,'716,Zimbabwe,446,'01290.01,Green corn (maize),5530,Producer Price (LCU/tonne),2017,2017,7001,January,LCU,225.000000,A
ZWE,2017-02-01,2017-02-28,181,'716,Zimbabwe,446,'01290.01,Green corn (maize),5530,Producer Price (LCU/tonne),2017,2017,7002,February,LCU,188.000000,A
ZWE,2017-03-01,2017-03-31,181,'716,Zimbabwe,446,'01290.01,Green corn (maize),5530,Producer Price (LCU/tonne),2017,2017,7003,March,LCU,225.000000,A
ZWE,2017-04-01,2017-04-30,181,'716,Zimbabwe,446,'01290.01,Green corn (maize),5530,Producer Price (LCU/tonne),2017,2017,7004,April,LCU,125.000000,A
ZWE,2017-05-01,2017-05-31,181,'716,Zimbabwe,446,'01290.01,Green corn (maize),5530,Producer Price (LCU/tonne),2017,2017,7005,May,LCU,150.000000,A
ZWE,2017-06-01,2017-06-30,181,'716,Zimbabwe,446,'01290.01,Green corn (maize),5530,Producer Price (LCU/tonne),2017,2017,7006,June,LCU,188.000000,A
ZWE,2017-07-01,2017-07-31,181,'716,Zimbabwe,446,'01290.01,Green corn (maize),5530,Producer Price (LCU/tonne),2017,2017,7007,July,LCU,225.000000,A
ZWE,2017-08-01,2017-08-31,181,'716,Zimbabwe,446,'01290.01,Green corn (maize),5530,Producer Price (LCU/tonne),2017,2017,7008,August,LCU,250.000000,A
ZWE,2017-09-01,2017-09-30,181,'716,Zimbabwe,446,'01290.01,Green corn (maize),5530,Producer Price (LCU/tonne),2017,2017,7009,September,LCU,233.000000,A
ZWE,2017-10-01,2017-10-31,181,'716,Zimbabwe,446,'01290.01,Green corn (maize),5530,Producer Price (LCU/tonne),2017,2017,7010,October,LCU,250.000000,A
ZWE,2017-11-01,2017-11-30,181,'716,Zimbabwe,446,'01290.01,Green corn (maize),5530,Producer Price (LCU/tonne),2017,2017,7011,November,LCU,250.000000,A
ZWE,2017-12-01,2017-12-31,181,'716,Zimbabwe,446,'01290.01,Green corn (maize),5530,Producer Price (LCU/tonne),2017,2017,7012,December,LCU,250.000000,A
ZWE,2018-01-01,2018-01-31,181,'716,Zimbabwe,446,'01290.01,Green corn (maize),5530,Producer Price (LCU/tonne),2018,2018,7001,January,LCU,250.000000,A
ZWE,2015-01-01,2015-12-31,181,'716,Zimbabwe,446,'01290.01,Green corn (maize),5531,Producer Price (SLC/tonne),2015,2015,7021,Annual value,SLC,236.000000,A
ZWE,2016-01-01,2016-12-31,181,'716,Zimbabwe,446,'01290.01,Green corn (maize),5531,Producer Price (SLC/tonne),2016,2016,7021,Annual value,SLC,315.000000,A
ZWE,2017-01-01,2017-12-31,181,'716,Zimbabwe,446,'01290.01,Green corn (maize),5531,Producer Price (SLC/tonne),2017,2017,7021,Annual value,SLC,216.000000,A
ZWE,2018-01-01,2018-12-31,181,'716,Zimbabwe,446,'01290.01,Green corn (maize),5531,Producer Price (SLC/tonne),2018,2018,7021,Annual value,SLC,237.200000,A
ZWE,2015-01-01,2015-12-31,181,'716,Zimbabwe,446,'01290.01,Green corn (maize),5532,Producer Price (USD/tonne),2015,2015,7021,Annual value,USD,236.000000,A
ZWE,2016-01-01,2016-12-31,181,'716,Zimbabwe,446,'01290.01,Green corn (maize),5532,Producer Price (USD/tonne),2016,2016,7021,Annual value,USD,315.000000,A
ZWE,2017-01-01,2017-12-31,181,'716,Zimbabwe,446,'01290.01,Green corn (maize),5532,Producer Price (USD/tonne),2017,2017,7021,Annual value,USD,216.000000,A
ZWE,1991-01-01,1991-12-31,181,'716,Zimbabwe,446,'01290.01,Green corn (maize),5539,Producer Price Index (2014-2016 = 100),1991,1991,7021,Annual value,,1.500000,E
ZWE,1992-01-01,1992-12-31,181,'716,Zimbabwe,446,'01290.01,Green corn (maize),5539,Producer Price Index (2014-2016 = 100),1992,1992,7021,Annual value,,2.010000,E
ZWE,1993-01-01,1993-12-31,181,'716,Zimbabwe,446,'01290.01,Green corn (maize),5539,Producer Price Index (2014-2016 = 100),1993,1993,7021,Annual value,,2.010000,E
ZWE,1994-01-01,1994-12-31,181,'716,Zimbabwe,446,'01290.01,Green corn (maize),5539,Producer Price Index (2014-2016 = 100),1994,1994,7021,Annual value,,2.790000,E
ZWE,1995-01-01,1995-12-31,181,'716,Zimbabwe,446,'01290.01,Green corn (maize),5539,Producer Price Index (2014-2016 = 100),1995,1995,7021,Annual value,,3.010000,E
ZWE,1996-01-01,1996-12-31,181,'716,Zimbabwe,446,'01290.01,Green corn (maize),5539,Producer Price Index (2014-2016 = 100),1996,1996,7021,Annual value,,4.010000,E
ZWE,1997-01-01,1997-12-31,181,'716,Zimbabwe,446,'01290.01,Green corn (maize),5539,Producer Price Index (2014-2016 = 100),1997,1997,7021,Annual value,,6.020000,E
ZWE,1998-01-01,1998-12-31,181,'716,Zimbabwe,446,'01290.01,Green corn (maize),5539,Producer Price Index (2014-2016 = 100),1998,1998,7021,Annual value,,6.020000,E
ZWE,1999-01-01,1999-12-31,181,'716,Zimbabwe,446,'01290.01,Green corn (maize),5539,Producer Price Index (2014-2016 = 100),1999,1999,7021,Annual value,,8.720000,E
ZWE,2000-01-01,2000-12-31,181,'716,Zimbabwe,446,'01290.01,Green corn (maize),5539,Producer Price Index (2014-2016 = 100),2000,2000,7021,Annual value,,11.410000,E
ZWE,2001-01-01,2001-12-31,181,'716,Zimbabwe,446,'01290.01,Green corn (maize),5539,Producer Price Index (2014-2016 = 100),2001,2001,7021,Annual value,,31.130000,E
ZWE,2002-01-01,2002-12-31,181,'716,Zimbabwe,446,'01290.01,Green corn (maize),5539,Producer Price Index (2014-2016 = 100),2002,2002,7021,Annual value,,58.100000,E
ZWE,2003-01-01,2003-12-31,181,'716,Zimbabwe,446,'01290.01,Green corn (maize),5539,Producer Price Index (2014-2016 = 100),2003,2003,7021,Annual value,,540.820000,E
ZWE,2004-01-01,2004-12-31,181,'716,Zimbabwe,446,'01290.01,Green corn (maize),5539,Producer Price Index (2014-2016 = 100),2004,2004,7021,Annual value,,2470.400000,E
ZWE,2005-01-01,2005-12-31,181,'716,Zimbabwe,446,'01290.01,Green corn (maize),5539,Producer Price Index (2014-2016 = 100),2005,2005,7021,Annual value,,8894.070000,E
ZWE,2006-01-01,2006-12-31,181,'716,Zimbabwe,446,'01290.01,Green corn (maize),5539,Producer Price Index (2014-2016 = 100),2006,2006,7021,Annual value,,123835.150000,E
ZWE,2007-01-01,2007-12-31,181,'716,Zimbabwe,446,'01290.01,Green corn (maize),5539,Producer Price Index (2014-2016 = 100),2007,2007,7021,Annual value,,370695.340000,E
ZWE,2015-01-01,2015-12-31,181,'716,Zimbabwe,446,'01290.01,Green corn (maize),5539,Producer Price Index (2014-2016 = 100),2015,2015,7021,Annual value,,85.660000,E
ZWE,2016-01-01,2016-12-31,181,'716,Zimbabwe,446,'01290.01,Green corn (maize),5539,Producer Price Index (2014-2016 = 100),2016,2016,7021,Annual value,,114.340000,E
ZWE,2017-01-01,2017-12-31,181,'716,Zimbabwe,446,'01290.01,Green corn (maize),5539,Producer Price Index (2014-2016 = 100),2017,2017,7021,Annual value,,78.400000,E
ZWE,2018-01-01,2018-12-31,181,'716,Zimbabwe,446,'01290.01,Green corn (maize),5539,Producer Price Index (2014-2016 = 100),2018,2018,7021,Annual value,,86.100000,E
ZWE,2000-01-01,2000-12-31,181,'716,Zimbabwe,406,'01252,Green garlic,5530,Producer Price (LCU/tonne),2000,2000,7021,Annual value,LCU,60000.000000,A
ZWE,2001-01-01,2001-12-31,181,'716,Zimbabwe,406,'01252,Green garlic,5530,Producer Price (LCU/tonne),2001,2001,7021,Annual value,LCU,96000.000000,A
ZWE,2002-01-01,2002-12-31,181,'716,Zimbabwe,406,'01252,Green garlic,5530,Producer Price (LCU/tonne),2002,2002,7021,Annual value,LCU,180900.000000,A
ZWE,2003-01-01,2003-12-31,181,'716,Zimbabwe,406,'01252,Green garlic,5530,Producer Price (LCU/tonne),2003,2003,7021,Annual value,LCU,1869000.000000,A
ZWE,2015-01-01,2015-12-31,181,'716,Zimbabwe,406,'01252,Green garlic,5530,Producer Price (LCU/tonne),2015,2015,7021,Annual value,LCU,3545.000000,A
ZWE,2016-01-01,2016-12-31,181,'716,Zimbabwe,406,'01252,Green garlic,5530,Producer Price (LCU/tonne),2016,2016,7021,Annual value,LCU,4535.000000,A
ZWE,2017-01-01,2017-12-31,181,'716,Zimbabwe,406,'01252,Green garlic,5530,Producer Price (LCU/tonne),2017,2017,7021,Annual value,LCU,3476.000000,A
ZWE,2017-01-01,2017-01-31,181,'716,Zimbabwe,406,'01252,Green garlic,5530,Producer Price (LCU/tonne),2017,2017,7001,January,LCU,4000.000000,A
ZWE,2017-02-01,2017-02-28,181,'716,Zimbabwe,406,'01252,Green garlic,5530,Producer Price (LCU/tonne),2017,2017,7002,February,LCU,4000.000000,A
ZWE,2017-03-01,2017-03-31,181,'716,Zimbabwe,406,'01252,Green garlic,5530,Producer Price (LCU/tonne),2017,2017,7003,March,LCU,4000.000000,A
ZWE,2017-04-01,2017-04-30,181,'716,Zimbabwe,406,'01252,Green garlic,5530,Producer Price (LCU/tonne),2017,2017,7004,April,LCU,4000.000000,A
ZWE,2017-05-01,2017-05-31,181,'716,Zimbabwe,406,'01252,Green garlic,5530,Producer Price (LCU/tonne),2017,2017,7005,May,LCU,3250.000000,A
ZWE,2017-06-01,2017-06-30,181,'716,Zimbabwe,406,'01252,Green garlic,5530,Producer Price (LCU/tonne),2017,2017,7006,June,LCU,2750.000000,A
ZWE,2017-07-01,2017-07-31,181,'716,Zimbabwe,406,'01252,Green garlic,5530,Producer Price (LCU/tonne),2017,2017,7007,July,LCU,3750.000000,A
ZWE,2017-08-01,2017-08-31,181,'716,Zimbabwe,406,'01252,Green garlic,5530,Producer Price (LCU/tonne),2017,2017,7008,August,LCU,3250.000000,A
ZWE,2017-09-01,2017-09-30,181,'716,Zimbabwe,406,'01252,Green garlic,5530,Producer Price (LCU/tonne),2017,2017,7009,September,LCU,3333.000000,A
ZWE,2017-10-01,2017-10-31,181,'716,Zimbabwe,406,'01252,Green garlic,5530,Producer Price (LCU/tonne),2017,2017,7010,October,LCU,3250.000000,A
ZWE,2017-11-01,2017-11-30,181,'716,Zimbabwe,406,'01252,Green garlic,5530,Producer Price (LCU/tonne),2017,2017,7011,November,LCU,3000.000000,A
ZWE,2017-12-01,2017-12-31,181,'716,Zimbabwe,406,'01252,Green garlic,5530,Producer Price (LCU/tonne),2017,2017,7012,December,LCU,3125.000000,A
ZWE,2018-01-01,2018-01-31,181,'716,Zimbabwe,406,'01252,Green garlic,5530,Producer Price (LCU/tonne),2018,2018,7001,January,LCU,4000.000000,A
ZWE,2000-01-01,2000-12-31,181,'716,Zimbabwe,406,'01252,Green garlic,5531,Producer Price (SLC/tonne),2000,2000,7021,Annual value,SLC,165.800000,A
ZWE,2001-01-01,2001-12-31,181,'716,Zimbabwe,406,'01252,Green garlic,5531,Producer Price (SLC/tonne),2001,2001,7021,Annual value,SLC,265.300000,A
ZWE,2002-01-01,2002-12-31,181,'716,Zimbabwe,406,'01252,Green garlic,5531,Producer Price (SLC/tonne),2002,2002,7021,Annual value,SLC,499.900000,A
ZWE,2003-01-01,2003-12-31,181,'716,Zimbabwe,406,'01252,Green garlic,5531,Producer Price (SLC/tonne),2003,2003,7021,Annual value,SLC,5164.400000,A
ZWE,2015-01-01,2015-12-31,181,'716,Zimbabwe,406,'01252,Green garlic,5531,Producer Price (SLC/tonne),2015,2015,7021,Annual value,SLC,3545.000000,A
ZWE,2016-01-01,2016-12-31,181,'716,Zimbabwe,406,'01252,Green garlic,5531,Producer Price (SLC/tonne),2016,2016,7021,Annual value,SLC,4535.000000,A
ZWE,2017-01-01,2017-12-31,181,'716,Zimbabwe,406,'01252,Green garlic,5531,Producer Price (SLC/tonne),2017,2017,7021,Annual value,SLC,3476.000000,A
ZWE,2018-01-01,2018-12-31,181,'716,Zimbabwe,406,'01252,Green garlic,5531,Producer Price (SLC/tonne),2018,2018,7021,Annual value,SLC,3817.400000,A
ZWE,2015-01-01,2015-12-31,181,'716,Zimbabwe,406,'01252,Green garlic,5532,Producer Price (USD/tonne),2015,2015,7021,Annual value,USD,3545.000000,A
ZWE,2016-01-01,2016-12-31,181,'716,Zimbabwe,406,'01252,Green garlic,5532,Producer Price (USD/tonne),2016,2016,7021,Annual value,USD,4535.000000,A
ZWE,2017-01-01,2017-12-31,181,'716,Zimbabwe,406,'01252,Green garlic,5532,Producer Price (USD/tonne),2017,2017,7021,Annual value,USD,3476.000000,A
ZWE,1991-01-01,1991-12-31,181,'716,Zimbabwe,406,'01252,Green garlic,5539,Producer Price Index (2014-2016 = 100),1991,1991,7021,Annual value,,0.420000,E
ZWE,1992-01-01,1992-12-31,181,'716,Zimbabwe,406,'01252,Green garlic,5539,Producer Price Index (2014-2016 = 100),1992,1992,7021,Annual value,,0.540000,E
ZWE,1993-01-01,1993-12-31,181,'716,Zimbabwe,406,'01252,Green garlic,5539,Producer Price Index (2014-2016 = 100),1993,1993,7021,Annual value,,0.660000,E
ZWE,1994-01-01,1994-12-31,181,'716,Zimbabwe,406,'01252,Green garlic,5539,Producer Price Index (2014-2016 = 100),1994,1994,7021,Annual value,,0.790000,E
ZWE,1995-01-01,1995-12-31,181,'716,Zimbabwe,406,'01252,Green garlic,5539,Producer Price Index (2014-2016 = 100),1995,1995,7021,Annual value,,0.870000,E
ZWE,1996-01-01,1996-12-31,181,'716,Zimbabwe,406,'01252,Green garlic,5539,Producer Price Index (2014-2016 = 100),1996,1996,7021,Annual value,,1.090000,E
ZWE,1997-01-01,1997-12-31,181,'716,Zimbabwe,406,'01252,Green garlic,5539,Producer Price Index (2014-2016 = 100),1997,1997,7021,Annual value,,1.270000,E
ZWE,1998-01-01,1998-12-31,181,'716,Zimbabwe,406,'01252,Green garlic,5539,Producer Price Index (2014-2016 = 100),1998,1998,7021,Annual value,,1.640000,E
ZWE,1999-01-01,1999-12-31,181,'716,Zimbabwe,406,'01252,Green garlic,5539,Producer Price Index (2014-2016 = 100),1999,1999,7021,Annual value,,2.570000,E
ZWE,2000-01-01,2000-12-31,181,'716,Zimbabwe,406,'01252,Green garlic,5539,Producer Price Index (2014-2016 = 100),2000,2000,7021,Annual value,,4.100000,E
ZWE,2001-01-01,2001-12-31,181,'716,Zimbabwe,406,'01252,Green garlic,5539,Producer Price Index (2014-2016 = 100),2001,2001,7021,Annual value,,6.570000,E
ZWE,2002-01-01,2002-12-31,181,'716,Zimbabwe,406,'01252,Green garlic,5539,Producer Price Index (2014-2016 = 100),2002,2002,7021,Annual value,,12.370000,E
ZWE,2003-01-01,2003-12-31,181,'716,Zimbabwe,406,'01252,Green garlic,5539,Producer Price Index (2014-2016 = 100),2003,2003,7021,Annual value,,127.830000,E
ZWE,2004-01-01,2004-12-31,181,'716,Zimbabwe,406,'01252,Green garlic,5539,Producer Price Index (2014-2016 = 100),2004,2004,7021,Annual value,,582.090000,E
ZWE,2005-01-01,2005-12-31,181,'716,Zimbabwe,406,'01252,Green garlic,5539,Producer Price Index (2014-2016 = 100),2005,2005,7021,Annual value,,2196.790000,E
ZWE,2006-01-01,2006-12-31,181,'716,Zimbabwe,406,'01252,Green garlic,5539,Producer Price Index (2014-2016 = 100),2006,2006,7021,Annual value,,30586.650000,E
ZWE,2007-01-01,2007-12-31,181,'716,Zimbabwe,406,'01252,Green garlic,5539,Producer Price Index (2014-2016 = 100),2007,2007,7021,Annual value,,90638.890000,E
ZWE,2015-01-01,2015-12-31,181,'716,Zimbabwe,406,'01252,Green garlic,5539,Producer Price Index (2014-2016 = 100),2015,2015,7021,Annual value,,87.750000,E
ZWE,2016-01-01,2016-12-31,181,'716,Zimbabwe,406,'01252,Green garlic,5539,Producer Price Index (2014-2016 = 100),2016,2016,7021,Annual value,,112.250000,E
ZWE,2017-01-01,2017-12-31,181,'716,Zimbabwe,406,'01252,Green garlic,5539,Producer Price Index (2014-2016 = 100),2017,2017,7021,Annual value,,86.040000,E
ZWE,2018-01-01,2018-12-31,181,'716,Zimbabwe,406,'01252,Green garlic,5539,Producer Price Index (2014-2016 = 100),2018,2018,7021,Annual value,,94.490000,E
ZWE,1991-01-01,1991-12-31,181,'716,Zimbabwe,242,'0142,"Groundnuts, excluding shelled",5530,Producer Price (LCU/tonne),1991,1991,7021,Annual value,LCU,813.000000,A
ZWE,1992-01-01,1992-12-31,181,'716,Zimbabwe,242,'0142,"Groundnuts, excluding shelled",5530,Producer Price (LCU/tonne),1992,1992,7021,Annual value,LCU,975.000000,A
ZWE,1993-01-01,1993-12-31,181,'716,Zimbabwe,242,'0142,"Groundnuts, excluding shelled",5530,Producer Price (LCU/tonne),1993,1993,7021,Annual value,LCU,1170.000000,A
ZWE,1994-01-01,1994-12-31,181,'716,Zimbabwe,242,'0142,"Groundnuts, excluding shelled",5530,Producer Price (LCU/tonne),1994,1994,7021,Annual value,LCU,1560.000000,X
ZWE,1995-01-01,1995-12-31,181,'716,Zimbabwe,242,'0142,"Groundnuts, excluding shelled",5530,Producer Price (LCU/tonne),1995,1995,7021,Annual value,LCU,2650.000000,A
ZWE,1996-01-01,1996-12-31,181,'716,Zimbabwe,242,'0142,"Groundnuts, excluding shelled",5530,Producer Price (LCU/tonne),1996,1996,7021,Annual value,LCU,2925.000000,A
ZWE,1997-01-01,1997-12-31,181,'716,Zimbabwe,242,'0142,"Groundnuts, excluding shelled",5530,Producer Price (LCU/tonne),1997,1997,7021,Annual value,LCU,3615.000000,A
ZWE,1998-01-01,1998-12-31,181,'716,Zimbabwe,242,'0142,"Groundnuts, excluding shelled",5530,Producer Price (LCU/tonne),1998,1998,7021,Annual value,LCU,3923.000000,A
ZWE,1999-01-01,1999-12-31,181,'716,Zimbabwe,242,'0142,"Groundnuts, excluding shelled",5530,Producer Price (LCU/tonne),1999,1999,7021,Annual value,LCU,10000.000000,A
ZWE,2000-01-01,2000-12-31,181,'716,Zimbabwe,242,'0142,"Groundnuts, excluding shelled",5530,Producer Price (LCU/tonne),2000,2000,7021,Annual value,LCU,15000.000000,A
ZWE,2001-01-01,2001-12-31,181,'716,Zimbabwe,242,'0142,"Groundnuts, excluding shelled",5530,Producer Price (LCU/tonne),2001,2001,7021,Annual value,LCU,22000.000000,A
ZWE,2002-01-01,2002-12-31,181,'716,Zimbabwe,242,'0142,"Groundnuts, excluding shelled",5530,Producer Price (LCU/tonne),2002,2002,7021,Annual value,LCU,45000.000000,A
ZWE,2003-01-01,2003-12-31,181,'716,Zimbabwe,242,'0142,"Groundnuts, excluding shelled",5530,Producer Price (LCU/tonne),2003,2003,7021,Annual value,LCU,500000.000000,A
ZWE,2004-01-01,2004-12-31,181,'716,Zimbabwe,242,'0142,"Groundnuts, excluding shelled",5530,Producer Price (LCU/tonne),2004,2004,7021,Annual value,LCU,860000.000000,A
ZWE,2005-01-01,2005-12-31,181,'716,Zimbabwe,242,'0142,"Groundnuts, excluding shelled",5530,Producer Price (LCU/tonne),2005,2005,7021,Annual value,LCU,6500000.000000,A
ZWE,2006-01-01,2006-12-31,181,'716,Zimbabwe,242,'0142,"Groundnuts, excluding shelled",5530,Producer Price (LCU/tonne),2006,2006,7021,Annual value,LCU,100000000.000000,A
ZWE,2013-01-01,2013-12-31,181,'716,Zimbabwe,242,'0142,"Groundnuts, excluding shelled",5530,Producer Price (LCU/tonne),2013,2013,7021,Annual value,LCU,180950.000000,A
ZWE,2013-01-01,2013-01-31,181,'716,Zimbabwe,242,'0142,"Groundnuts, excluding shelled",5530,Producer Price (LCU/tonne),2013,2013,7001,January,LCU,180950.000000,A
ZWE,2013-02-01,2013-02-28,181,'716,Zimbabwe,242,'0142,"Groundnuts, excluding shelled",5530,Producer Price (LCU/tonne),2013,2013,7002,February,LCU,180950.000000,A
ZWE,2013-03-01,2013-03-31,181,'716,Zimbabwe,242,'0142,"Groundnuts, excluding shelled",5530,Producer Price (LCU/tonne),2013,2013,7003,March,LCU,180950.000000,A
ZWE,2013-04-01,2013-04-30,181,'716,Zimbabwe,242,'0142,"Groundnuts, excluding shelled",5530,Producer Price (LCU/tonne),2013,2013,7004,April,LCU,180950.000000,A
ZWE,2013-05-01,2013-05-31,181,'716,Zimbabwe,242,'0142,"Groundnuts, excluding shelled",5530,Producer Price (LCU/tonne),2013,2013,7005,May,LCU,180950.000000,A
ZWE,2013-06-01,2013-06-30,181,'716,Zimbabwe,242,'0142,"Groundnuts, excluding shelled",5530,Producer Price (LCU/tonne),2013,2013,7006,June,LCU,180950.000000,A
ZWE,2013-07-01,2013-07-31,181,'716,Zimbabwe,242,'0142,"Groundnuts, excluding shelled",5530,Producer Price (LCU/tonne),2013,2013,7007,July,LCU,180950.000000,A
ZWE,2013-08-01,2013-08-31,181,'716,Zimbabwe,242,'0142,"Groundnuts, excluding shelled",5530,Producer Price (LCU/tonne),2013,2013,7008,August,LCU,180950.000000,A
ZWE,2013-09-01,2013-09-30,181,'716,Zimbabwe,242,'0142,"Groundnuts, excluding shelled",5530,Producer Price (LCU/tonne),2013,2013,7009,September,LCU,180950.000000,A
ZWE,2013-10-01,2013-10-31,181,'716,Zimbabwe,242,'0142,"Groundnuts, excluding shelled",5530,Producer Price (LCU/tonne),2013,2013,7010,October,LCU,180950.000000,A
ZWE,2013-11-01,2013-11-30,181,'716,Zimbabwe,242,'0142,"Groundnuts, excluding shelled",5530,Producer Price (LCU/tonne),2013,2013,7011,November,LCU,180950.000000,A
ZWE,2013-12-01,2013-12-31,181,'716,Zimbabwe,242,'0142,"Groundnuts, excluding shelled",5530,Producer Price (LCU/tonne),2013,2013,7012,December,LCU,180950.000000,A
ZWE,2014-01-01,2014-12-31,181,'716,Zimbabwe,242,'0142,"Groundnuts, excluding shelled",5530,Producer Price (LCU/tonne),2014,2014,7021,Annual value,LCU,500.000000,A
ZWE,2014-01-01,2014-01-31,181,'716,Zimbabwe,242,'0142,"Groundnuts, excluding shelled",5530,Producer Price (LCU/tonne),2014,2014,7001,January,LCU,500.000000,A
ZWE,2014-02-01,2014-02-28,181,'716,Zimbabwe,242,'0142,"Groundnuts, excluding shelled",5530,Producer Price (LCU/tonne),2014,2014,7002,February,LCU,500.000000,A
ZWE,2014-03-01,2014-03-31,181,'716,Zimbabwe,242,'0142,"Groundnuts, excluding shelled",5530,Producer Price (LCU/tonne),2014,2014,7003,March,LCU,500.000000,A
ZWE,2014-04-01,2014-04-30,181,'716,Zimbabwe,242,'0142,"Groundnuts, excluding shelled",5530,Producer Price (LCU/tonne),2014,2014,7004,April,LCU,500.000000,A
ZWE,2014-05-01,2014-05-31,181,'716,Zimbabwe,242,'0142,"Groundnuts, excluding shelled",5530,Producer Price (LCU/tonne),2014,2014,7005,May,LCU,500.000000,A
ZWE,2014-06-01,2014-06-30,181,'716,Zimbabwe,242,'0142,"Groundnuts, excluding shelled",5530,Producer Price (LCU/tonne),2014,2014,7006,June,LCU,500.000000,A
ZWE,2014-07-01,2014-07-31,181,'716,Zimbabwe,242,'0142,"Groundnuts, excluding shelled",5530,Producer Price (LCU/tonne),2014,2014,7007,July,LCU,500.000000,A
ZWE,2014-08-01,2014-08-31,181,'716,Zimbabwe,242,'0142,"Groundnuts, excluding shelled",5530,Producer Price (LCU/tonne),2014,2014,7008,August,LCU,500.000000,A
ZWE,2014-09-01,2014-09-30,181,'716,Zimbabwe,242,'0142,"Groundnuts, excluding shelled",5530,Producer Price (LCU/tonne),2014,2014,7009,September,LCU,500.000000,A
ZWE,2014-10-01,2014-10-31,181,'716,Zimbabwe,242,'0142,"Groundnuts, excluding shelled",5530,Producer Price (LCU/tonne),2014,2014,7010,October,LCU,500.000000,A
ZWE,2014-11-01,2014-11-30,181,'716,Zimbabwe,242,'0142,"Groundnuts, excluding shelled",5530,Producer Price (LCU/tonne),2014,2014,7011,November,LCU,500.000000,A
ZWE,2014-12-01,2014-12-31,181,'716,Zimbabwe,242,'0142,"Groundnuts, excluding shelled",5530,Producer Price (LCU/tonne),2014,2014,7012,December,LCU,500.000000,A
ZWE,2015-01-01,2015-12-31,181,'716,Zimbabwe,242,'0142,"Groundnuts, excluding shelled",5530,Producer Price (LCU/tonne),2015,2015,7021,Annual value,LCU,400.000000,A
ZWE,2015-01-01,2015-01-31,181,'716,Zimbabwe,242,'0142,"Groundnuts, excluding shelled",5530,Producer Price (LCU/tonne),2015,2015,7001,January,LCU,500.000000,A
ZWE,2016-01-01,2016-12-31,181,'716,Zimbabwe,242,'0142,"Groundnuts, excluding shelled",5530,Producer Price (LCU/tonne),2016,2016,7021,Annual value,LCU,500.000000,A
ZWE,2016-01-01,2016-01-31,181,'716,Zimbabwe,242,'0142,"Groundnuts, excluding shelled",5530,Producer Price (LCU/tonne),2016,2016,7001,January,LCU,500.000000,A
ZWE,2016-02-01,2016-02-29,181,'716,Zimbabwe,242,'0142,"Groundnuts, excluding shelled",5530,Producer Price (LCU/tonne),2016,2016,7002,February,LCU,500.000000,A
ZWE,2016-03-01,2016-03-31,181,'716,Zimbabwe,242,'0142,"Groundnuts, excluding shelled",5530,Producer Price (LCU/tonne),2016,2016,7003,March,LCU,500.000000,A
ZWE,2016-04-01,2016-04-30,181,'716,Zimbabwe,242,'0142,"Groundnuts, excluding shelled",5530,Producer Price (LCU/tonne),2016,2016,7004,April,LCU,400.000000,A
ZWE,2016-05-01,2016-05-31,181,'716,Zimbabwe,242,'0142,"Groundnuts, excluding shelled",5530,Producer Price (LCU/tonne),2016,2016,7005,May,LCU,400.000000,A
ZWE,2016-06-01,2016-06-30,181,'716,Zimbabwe,242,'0142,"Groundnuts, excluding shelled",5530,Producer Price (LCU/tonne),2016,2016,7006,June,LCU,400.000000,A
ZWE,2016-07-01,2016-07-31,181,'716,Zimbabwe,242,'0142,"Groundnuts, excluding shelled",5530,Producer Price (LCU/tonne),2016,2016,7007,July,LCU,400.000000,A
ZWE,2016-08-01,2016-08-31,181,'716,Zimbabwe,242,'0142,"Groundnuts, excluding shelled",5530,Producer Price (LCU/tonne),2016,2016,7008,August,LCU,400.000000,A
ZWE,2016-09-01,2016-09-30,181,'716,Zimbabwe,242,'0142,"Groundnuts, excluding shelled",5530,Producer Price (LCU/tonne),2016,2016,7009,September,LCU,400.000000,A
ZWE,2016-10-01,2016-10-31,181,'716,Zimbabwe,242,'0142,"Groundnuts, excluding shelled",5530,Producer Price (LCU/tonne),2016,2016,7010,October,LCU,400.000000,A
ZWE,2016-11-01,2016-11-30,181,'716,Zimbabwe,242,'0142,"Groundnuts, excluding shelled",5530,Producer Price (LCU/tonne),2016,2016,7011,November,LCU,400.000000,A
ZWE,2016-12-01,2016-12-31,181,'716,Zimbabwe,242,'0142,"Groundnuts, excluding shelled",5530,Producer Price (LCU/tonne),2016,2016,7012,December,LCU,400.000000,A
ZWE,2017-01-01,2017-12-31,181,'716,Zimbabwe,242,'0142,"Groundnuts, excluding shelled",5530,Producer Price (LCU/tonne),2017,2017,7021,Annual value,LCU,500.000000,A
ZWE,2017-01-01,2017-01-31,181,'716,Zimbabwe,242,'0142,"Groundnuts, excluding shelled",5530,Producer Price (LCU/tonne),2017,2017,7001,January,LCU,500.000000,A
ZWE,2017-02-01,2017-02-28,181,'716,Zimbabwe,242,'0142,"Groundnuts, excluding shelled",5530,Producer Price (LCU/tonne),2017,2017,7002,February,LCU,500.000000,A
ZWE,2017-03-01,2017-03-31,181,'716,Zimbabwe,242,'0142,"Groundnuts, excluding shelled",5530,Producer Price (LCU/tonne),2017,2017,7003,March,LCU,500.000000,A
ZWE,2017-04-01,2017-04-30,181,'716,Zimbabwe,242,'0142,"Groundnuts, excluding shelled",5530,Producer Price (LCU/tonne),2017,2017,7004,April,LCU,500.000000,A
ZWE,2017-05-01,2017-05-31,181,'716,Zimbabwe,242,'0142,"Groundnuts, excluding shelled",5530,Producer Price (LCU/tonne),2017,2017,7005,May,LCU,500.000000,A
ZWE,2017-06-01,2017-06-30,181,'716,Zimbabwe,242,'0142,"Groundnuts, excluding shelled",5530,Producer Price (LCU/tonne),2017,2017,7006,June,LCU,500.000000,A
ZWE,2017-07-01,2017-07-31,181,'716,Zimbabwe,242,'0142,"Groundnuts, excluding shelled",5530,Producer Price (LCU/tonne),2017,2017,7007,July,LCU,500.000000,A
ZWE,2017-08-01,2017-08-31,181,'716,Zimbabwe,242,'0142,"Groundnuts, excluding shelled",5530,Producer Price (LCU/tonne),2017,2017,7008,August,LCU,500.000000,A
ZWE,2017-09-01,2017-09-30,181,'716,Zimbabwe,242,'0142,"Groundnuts, excluding shelled",5530,Producer Price (LCU/tonne),2017,2017,7009,September,LCU,500.000000,A
ZWE,2017-10-01,2017-10-31,181,'716,Zimbabwe,242,'0142,"Groundnuts, excluding shelled",5530,Producer Price (LCU/tonne),2017,2017,7010,October,LCU,500.000000,A
ZWE,2017-11-01,2017-11-30,181,'716,Zimbabwe,242,'0142,"Groundnuts, excluding shelled",5530,Producer Price (LCU/tonne),2017,2017,7011,November,LCU,500.000000,A
ZWE,2017-12-01,2017-12-31,181,'716,Zimbabwe,242,'0142,"Groundnuts, excluding shelled",5530,Producer Price (LCU/tonne),2017,2017,7012,December,LCU,500.000000,A
ZWE,2018-01-01,2018-12-31,181,'716,Zimbabwe,242,'0142,"Groundnuts, excluding shelled",5530,Producer Price (LCU/tonne),2018,2018,7021,Annual value,LCU,550.000000,A
ZWE,2018-01-01,2018-01-31,181,'716,Zimbabwe,242,'0142,"Groundnuts, excluding shelled",5530,Producer Price (LCU/tonne),2018,2018,7001,January,LCU,500.000000,A
ZWE,2021-01-01,2021-12-31,181,'716,Zimbabwe,242,'0142,"Groundnuts, excluding shelled",5530,Producer Price (LCU/tonne),2021,2021,7021,Annual value,LCU,113498.000000,A
ZWE,2022-01-01,2022-12-31,181,'716,Zimbabwe,242,'0142,"Groundnuts, excluding shelled",5530,Producer Price (LCU/tonne),2022,2022,7021,Annual value,LCU,204500.000000,A
ZWE,2023-01-01,2023-12-31,181,'716,Zimbabwe,242,'0142,"Groundnuts, excluding shelled",5530,Producer Price (LCU/tonne),2023,2023,7021,Annual value,LCU,4993250.000000,A
ZWE,2023-01-01,2023-01-31,181,'716,Zimbabwe,242,'0142,"Groundnuts, excluding shelled",5530,Producer Price (LCU/tonne),2023,2023,7001,January,LCU,1529000.000000,A
ZWE,2023-02-01,2023-02-28,181,'716,Zimbabwe,242,'0142,"Groundnuts, excluding shelled",5530,Producer Price (LCU/tonne),2023,2023,7002,February,LCU,2134000.000000,A
ZWE,2023-03-01,2023-03-31,181,'716,Zimbabwe,242,'0142,"Groundnuts, excluding shelled",5530,Producer Price (LCU/tonne),2023,2023,7003,March,LCU,2106000.000000,A
ZWE,2023-04-01,2023-04-30,181,'716,Zimbabwe,242,'0142,"Groundnuts, excluding shelled",5530,Producer Price (LCU/tonne),2023,2023,7004,April,LCU,672000.000000,A
ZWE,2023-05-01,2023-05-31,181,'716,Zimbabwe,242,'0142,"Groundnuts, excluding shelled",5530,Producer Price (LCU/tonne),2023,2023,7005,May,LCU,770000.000000,A
ZWE,2023-06-01,2023-06-30,181,'716,Zimbabwe,242,'0142,"Groundnuts, excluding shelled",5530,Producer Price (LCU/tonne),2023,2023,7006,June,LCU,1870000.000000,A
ZWE,2023-07-01,2023-07-31,181,'716,Zimbabwe,242,'0142,"Groundnuts, excluding shelled",5530,Producer Price (LCU/tonne),2023,2023,7007,July,LCU,6660000.000000,A
ZWE,2023-08-01,2023-08-31,181,'716,Zimbabwe,242,'0142,"Groundnuts, excluding shelled",5530,Producer Price (LCU/tonne),2023,2023,7008,August,LCU,7659000.000000,A
ZWE,2023-09-01,2023-09-30,181,'716,Zimbabwe,242,'0142,"Groundnuts, excluding shelled",5530,Producer Price (LCU/tonne),2023,2023,7009,September,LCU,7659000.000000,A
ZWE,2023-10-01,2023-10-31,181,'716,Zimbabwe,242,'0142,"Groundnuts, excluding shelled",5530,Producer Price (LCU/tonne),2023,2023,7010,October,LCU,7992000.000000,A
ZWE,2023-11-01,2023-11-30,181,'716,Zimbabwe,242,'0142,"Groundnuts, excluding shelled",5530,Producer Price (LCU/tonne),2023,2023,7011,November,LCU,9990000.000000,A
ZWE,2023-12-01,2023-12-31,181,'716,Zimbabwe,242,'0142,"Groundnuts, excluding shelled",5530,Producer Price (LCU/tonne),2023,2023,7012,December,LCU,10878000.000000,A
ZWE,1991-01-01,1991-12-31,181,'716,Zimbabwe,242,'0142,"Groundnuts, excluding shelled",5531,Producer Price (SLC/tonne),1991,1991,7021,Annual value,SLC,2.200000,A
ZWE,1992-01-01,1992-12-31,181,'716,Zimbabwe,242,'0142,"Groundnuts, excluding shelled",5531,Producer Price (SLC/tonne),1992,1992,7021,Annual value,SLC,2.700000,A
ZWE,1993-01-01,1993-12-31,181,'716,Zimbabwe,242,'0142,"Groundnuts, excluding shelled",5531,Producer Price (SLC/tonne),1993,1993,7021,Annual value,SLC,3.200000,A
ZWE,1994-01-01,1994-12-31,181,'716,Zimbabwe,242,'0142,"Groundnuts, excluding shelled",5531,Producer Price (SLC/tonne),1994,1994,7021,Annual value,SLC,4.300000,X
ZWE,1995-01-01,1995-12-31,181,'716,Zimbabwe,242,'0142,"Groundnuts, excluding shelled",5531,Producer Price (SLC/tonne),1995,1995,7021,Annual value,SLC,7.300000,A
ZWE,1996-01-01,1996-12-31,181,'716,Zimbabwe,242,'0142,"Groundnuts, excluding shelled",5531,Producer Price (SLC/tonne),1996,1996,7021,Annual value,SLC,8.100000,A
ZWE,1997-01-01,1997-12-31,181,'716,Zimbabwe,242,'0142,"Groundnuts, excluding shelled",5531,Producer Price (SLC/tonne),1997,1997,7021,Annual value,SLC,10.000000,A
ZWE,1998-01-01,1998-12-31,181,'716,Zimbabwe,242,'0142,"Groundnuts, excluding shelled",5531,Producer Price (SLC/tonne),1998,1998,7021,Annual value,SLC,10.800000,A
ZWE,1999-01-01,1999-12-31,181,'716,Zimbabwe,242,'0142,"Groundnuts, excluding shelled",5531,Producer Price (SLC/tonne),1999,1999,7021,Annual value,SLC,27.600000,A
ZWE,2000-01-01,2000-12-31,181,'716,Zimbabwe,242,'0142,"Groundnuts, excluding shelled",5531,Producer Price (SLC/tonne),2000,2000,7021,Annual value,SLC,41.400000,A
ZWE,2001-01-01,2001-12-31,181,'716,Zimbabwe,242,'0142,"Groundnuts, excluding shelled",5531,Producer Price (SLC/tonne),2001,2001,7021,Annual value,SLC,60.800000,A
ZWE,2002-01-01,2002-12-31,181,'716,Zimbabwe,242,'0142,"Groundnuts, excluding shelled",5531,Producer Price (SLC/tonne),2002,2002,7021,Annual value,SLC,124.300000,A
ZWE,2003-01-01,2003-12-31,181,'716,Zimbabwe,242,'0142,"Groundnuts, excluding shelled",5531,Producer Price (SLC/tonne),2003,2003,7021,Annual value,SLC,1381.600000,A
ZWE,2004-01-01,2004-12-31,181,'716,Zimbabwe,242,'0142,"Groundnuts, excluding shelled",5531,Producer Price (SLC/tonne),2004,2004,7021,Annual value,SLC,2376.300000,A
ZWE,2005-01-01,2005-12-31,181,'716,Zimbabwe,242,'0142,"Groundnuts, excluding shelled",5531,Producer Price (SLC/tonne),2005,2005,7021,Annual value,SLC,17960.800000,A
ZWE,2006-01-01,2006-12-31,181,'716,Zimbabwe,242,'0142,"Groundnuts, excluding shelled",5531,Producer Price (SLC/tonne),2006,2006,7021,Annual value,SLC,276319.400000,A
ZWE,2013-01-01,2013-12-31,181,'716,Zimbabwe,242,'0142,"Groundnuts, excluding shelled",5531,Producer Price (SLC/tonne),2013,2013,7021,Annual value,SLC,500.000000,A
ZWE,2014-01-01,2014-12-31,181,'716,Zimbabwe,242,'0142,"Groundnuts, excluding shelled",5531,Producer Price (SLC/tonne),2014,2014,7021,Annual value,SLC,500.000000,A
ZWE,2015-01-01,2015-12-31,181,'716,Zimbabwe,242,'0142,"Groundnuts, excluding shelled",5531,Producer Price (SLC/tonne),2015,2015,7021,Annual value,SLC,400.000000,A
ZWE,2016-01-01,2016-12-31,181,'716,Zimbabwe,242,'0142,"Groundnuts, excluding shelled",5531,Producer Price (SLC/tonne),2016,2016,7021,Annual value,SLC,500.000000,A
ZWE,2017-01-01,2017-12-31,181,'716,Zimbabwe,242,'0142,"Groundnuts, excluding shelled",5531,Producer Price (SLC/tonne),2017,2017,7021,Annual value,SLC,500.000000,A
ZWE,2018-01-01,2018-12-31,181,'716,Zimbabwe,242,'0142,"Groundnuts, excluding shelled",5531,Producer Price (SLC/tonne),2018,2018,7021,Annual value,SLC,550.000000,A
ZWE,2010-01-01,2010-12-31,181,'716,Zimbabwe,242,'0142,"Groundnuts, excluding shelled",5532,Producer Price (USD/tonne),2010,2010,7021,Annual value,USD,300.000000,A
ZWE,2011-01-01,2011-12-31,181,'716,Zimbabwe,242,'0142,"Groundnuts, excluding shelled",5532,Producer Price (USD/tonne),2011,2011,7021,Annual value,USD,500.000000,A
ZWE,2012-01-01,2012-12-31,181,'716,Zimbabwe,242,'0142,"Groundnuts, excluding shelled",5532,Producer Price (USD/tonne),2012,2012,7021,Annual value,USD,500.000000,A
ZWE,2013-01-01,2013-12-31,181,'716,Zimbabwe,242,'0142,"Groundnuts, excluding shelled",5532,Producer Price (USD/tonne),2013,2013,7021,Annual value,USD,500.000000,A
ZWE,2014-01-01,2014-12-31,181,'716,Zimbabwe,242,'0142,"Groundnuts, excluding shelled",5532,Producer Price (USD/tonne),2014,2014,7021,Annual value,USD,500.000000,A
ZWE,2015-01-01,2015-12-31,181,'716,Zimbabwe,242,'0142,"Groundnuts, excluding shelled",5532,Producer Price (USD/tonne),2015,2015,7021,Annual value,USD,400.000000,A
ZWE,2016-01-01,2016-12-31,181,'716,Zimbabwe,242,'0142,"Groundnuts, excluding shelled",5532,Producer Price (USD/tonne),2016,2016,7021,Annual value,USD,500.000000,A
ZWE,2017-01-01,2017-12-31,181,'716,Zimbabwe,242,'0142,"Groundnuts, excluding shelled",5532,Producer Price (USD/tonne),2017,2017,7021,Annual value,USD,500.000000,A
ZWE,2018-01-01,2018-12-31,181,'716,Zimbabwe,242,'0142,"Groundnuts, excluding shelled",5532,Producer Price (USD/tonne),2018,2018,7021,Annual value,USD,550.000000,A
ZWE,2021-01-01,2021-12-31,181,'716,Zimbabwe,242,'0142,"Groundnuts, excluding shelled",5532,Producer Price (USD/tonne),2021,2021,7021,Annual value,USD,1281.700000,A
ZWE,2022-01-01,2022-12-31,181,'716,Zimbabwe,242,'0142,"Groundnuts, excluding shelled",5532,Producer Price (USD/tonne),2022,2022,7021,Annual value,USD,204500.000000,A
ZWE,2023-01-01,2023-12-31,181,'716,Zimbabwe,242,'0142,"Groundnuts, excluding shelled",5532,Producer Price (USD/tonne),2023,2023,7021,Annual value,USD,1422.900000,A
ZWE,1991-01-01,1991-12-31,181,'716,Zimbabwe,242,'0142,"Groundnuts, excluding shelled",5539,Producer Price Index (2014-2016 = 100),1991,1991,7021,Annual value,,0.480000,E
ZWE,1992-01-01,1992-12-31,181,'716,Zimbabwe,242,'0142,"Groundnuts, excluding shelled",5539,Producer Price Index (2014-2016 = 100),1992,1992,7021,Annual value,,0.580000,E
ZWE,1993-01-01,1993-12-31,181,'716,Zimbabwe,242,'0142,"Groundnuts, excluding shelled",5539,Producer Price Index (2014-2016 = 100),1993,1993,7021,Annual value,,0.690000,E
ZWE,1994-01-01,1994-12-31,181,'716,Zimbabwe,242,'0142,"Groundnuts, excluding shelled",5539,Producer Price Index (2014-2016 = 100),1994,1994,7021,Annual value,,0.920000,E
ZWE,1995-01-01,1995-12-31,181,'716,Zimbabwe,242,'0142,"Groundnuts, excluding shelled",5539,Producer Price Index (2014-2016 = 100),1995,1995,7021,Annual value,,1.570000,E
ZWE,1996-01-01,1996-12-31,181,'716,Zimbabwe,242,'0142,"Groundnuts, excluding shelled",5539,Producer Price Index (2014-2016 = 100),1996,1996,7021,Annual value,,1.730000,E
ZWE,1997-01-01,1997-12-31,181,'716,Zimbabwe,242,'0142,"Groundnuts, excluding shelled",5539,Producer Price Index (2014-2016 = 100),1997,1997,7021,Annual value,,2.140000,E
ZWE,1998-01-01,1998-12-31,181,'716,Zimbabwe,242,'0142,"Groundnuts, excluding shelled",5539,Producer Price Index (2014-2016 = 100),1998,1998,7021,Annual value,,2.320000,E
ZWE,1999-01-01,1999-12-31,181,'716,Zimbabwe,242,'0142,"Groundnuts, excluding shelled",5539,Producer Price Index (2014-2016 = 100),1999,1999,7021,Annual value,,5.920000,E
ZWE,2000-01-01,2000-12-31,181,'716,Zimbabwe,242,'0142,"Groundnuts, excluding shelled",5539,Producer Price Index (2014-2016 = 100),2000,2000,7021,Annual value,,8.880000,E
ZWE,2001-01-01,2001-12-31,181,'716,Zimbabwe,242,'0142,"Groundnuts, excluding shelled",5539,Producer Price Index (2014-2016 = 100),2001,2001,7021,Annual value,,13.030000,E
ZWE,2002-01-01,2002-12-31,181,'716,Zimbabwe,242,'0142,"Groundnuts, excluding shelled",5539,Producer Price Index (2014-2016 = 100),2002,2002,7021,Annual value,,26.650000,E
ZWE,2003-01-01,2003-12-31,181,'716,Zimbabwe,242,'0142,"Groundnuts, excluding shelled",5539,Producer Price Index (2014-2016 = 100),2003,2003,7021,Annual value,,296.060000,E
ZWE,2004-01-01,2004-12-31,181,'716,Zimbabwe,242,'0142,"Groundnuts, excluding shelled",5539,Producer Price Index (2014-2016 = 100),2004,2004,7021,Annual value,,509.220000,E
ZWE,2005-01-01,2005-12-31,181,'716,Zimbabwe,242,'0142,"Groundnuts, excluding shelled",5539,Producer Price Index (2014-2016 = 100),2005,2005,7021,Annual value,,3848.730000,E
ZWE,2006-01-01,2006-12-31,181,'716,Zimbabwe,242,'0142,"Groundnuts, excluding shelled",5539,Producer Price Index (2014-2016 = 100),2006,2006,7021,Annual value,,59211.310000,E
ZWE,2007-01-01,2007-12-31,181,'716,Zimbabwe,242,'0142,"Groundnuts, excluding shelled",5539,Producer Price Index (2014-2016 = 100),2007,2007,7021,Annual value,,173563.830000,E
ZWE,2010-01-01,2010-12-31,181,'716,Zimbabwe,242,'0142,"Groundnuts, excluding shelled",5539,Producer Price Index (2014-2016 = 100),2010,2010,7021,Annual value,,64.290000,E
ZWE,2011-01-01,2011-12-31,181,'716,Zimbabwe,242,'0142,"Groundnuts, excluding shelled",5539,Producer Price Index (2014-2016 = 100),2011,2011,7021,Annual value,,107.140000,E
ZWE,2012-01-01,2012-12-31,181,'716,Zimbabwe,242,'0142,"Groundnuts, excluding shelled",5539,Producer Price Index (2014-2016 = 100),2012,2012,7021,Annual value,,107.140000,E
ZWE,2013-01-01,2013-12-31,181,'716,Zimbabwe,242,'0142,"Groundnuts, excluding shelled",5539,Producer Price Index (2014-2016 = 100),2013,2013,7021,Annual value,,107.140000,E
ZWE,2014-01-01,2014-12-31,181,'716,Zimbabwe,242,'0142,"Groundnuts, excluding shelled",5539,Producer Price Index (2014-2016 = 100),2014,2014,7021,Annual value,,107.140000,E
ZWE,2015-01-01,2015-12-31,181,'716,Zimbabwe,242,'0142,"Groundnuts, excluding shelled",5539,Producer Price Index (2014-2016 = 100),2015,2015,7021,Annual value,,85.710000,E
ZWE,2016-01-01,2016-12-31,181,'716,Zimbabwe,242,'0142,"Groundnuts, excluding shelled",5539,Producer Price Index (2014-2016 = 100),2016,2016,7021,Annual value,,107.140000,E
ZWE,2017-01-01,2017-12-31,181,'716,Zimbabwe,242,'0142,"Groundnuts, excluding shelled",5539,Producer Price Index (2014-2016 = 100),2017,2017,7021,Annual value,,107.140000,E
ZWE,2018-01-01,2018-12-31,181,'716,Zimbabwe,242,'0142,"Groundnuts, excluding shelled",5539,Producer Price Index (2014-2016 = 100),2018,2018,7021,Annual value,,117.860000,E
ZWE,1997-01-01,1997-12-31,181,'716,Zimbabwe,1062,'0231,"Hen eggs in shell, fresh",5530,Producer Price (LCU/tonne),1997,1997,7021,Annual value,LCU,17361.000000,A
ZWE,1998-01-01,1998-12-31,181,'716,Zimbabwe,1062,'0231,"Hen eggs in shell, fresh",5530,Producer Price (LCU/tonne),1998,1998,7021,Annual value,LCU,25174.000000,A
ZWE,1999-01-01,1999-12-31,181,'716,Zimbabwe,1062,'0231,"Hen eggs in shell, fresh",5530,Producer Price (LCU/tonne),1999,1999,7021,Annual value,LCU,38021.000000,A
ZWE,2000-01-01,2000-12-31,181,'716,Zimbabwe,1062,'0231,"Hen eggs in shell, fresh",5530,Producer Price (LCU/tonne),2000,2000,7021,Annual value,LCU,51042.000000,A
ZWE,2001-01-01,2001-12-31,181,'716,Zimbabwe,1062,'0231,"Hen eggs in shell, fresh",5530,Producer Price (LCU/tonne),2001,2001,7021,Annual value,LCU,125289.000000,A
ZWE,2002-01-01,2002-12-31,181,'716,Zimbabwe,1062,'0231,"Hen eggs in shell, fresh",5530,Producer Price (LCU/tonne),2002,2002,7021,Annual value,LCU,716030.000000,A
ZWE,2003-01-01,2003-12-31,181,'716,Zimbabwe,1062,'0231,"Hen eggs in shell, fresh",5530,Producer Price (LCU/tonne),2003,2003,7021,Annual value,LCU,5942708.000000,A
ZWE,1997-01-01,1997-12-31,181,'716,Zimbabwe,1062,'0231,"Hen eggs in shell, fresh",5531,Producer Price (SLC/tonne),1997,1997,7021,Annual value,SLC,48.000000,A
ZWE,1998-01-01,1998-12-31,181,'716,Zimbabwe,1062,'0231,"Hen eggs in shell, fresh",5531,Producer Price (SLC/tonne),1998,1998,7021,Annual value,SLC,69.600000,A
ZWE,1999-01-01,1999-12-31,181,'716,Zimbabwe,1062,'0231,"Hen eggs in shell, fresh",5531,Producer Price (SLC/tonne),1999,1999,7021,Annual value,SLC,105.100000,A
ZWE,2000-01-01,2000-12-31,181,'716,Zimbabwe,1062,'0231,"Hen eggs in shell, fresh",5531,Producer Price (SLC/tonne),2000,2000,7021,Annual value,SLC,141.000000,A
ZWE,2001-01-01,2001-12-31,181,'716,Zimbabwe,1062,'0231,"Hen eggs in shell, fresh",5531,Producer Price (SLC/tonne),2001,2001,7021,Annual value,SLC,346.200000,A
ZWE,2002-01-01,2002-12-31,181,'716,Zimbabwe,1062,'0231,"Hen eggs in shell, fresh",5531,Producer Price (SLC/tonne),2002,2002,7021,Annual value,SLC,1978.500000,A
ZWE,2003-01-01,2003-12-31,181,'716,Zimbabwe,1062,'0231,"Hen eggs in shell, fresh",5531,Producer Price (SLC/tonne),2003,2003,7021,Annual value,SLC,16420.900000,A
ZWE,2000-01-01,2000-12-31,181,'716,Zimbabwe,407,'01254,Leeks and other alliaceous vegetables,5530,Producer Price (LCU/tonne),2000,2000,7021,Annual value,LCU,8000.000000,A
ZWE,2001-01-01,2001-12-31,181,'716,Zimbabwe,407,'01254,Leeks and other alliaceous vegetables,5530,Producer Price (LCU/tonne),2001,2001,7021,Annual value,LCU,28000.000000,A
ZWE,2002-01-01,2002-12-31,181,'716,Zimbabwe,407,'01254,Leeks and other alliaceous vegetables,5530,Producer Price (LCU/tonne),2002,2002,7021,Annual value,LCU,31360.000000,A
ZWE,2003-01-01,2003-12-31,181,'716,Zimbabwe,407,'01254,Leeks and other alliaceous vegetables,5530,Producer Price (LCU/tonne),2003,2003,7021,Annual value,LCU,249000.000000,A
ZWE,2000-01-01,2000-12-31,181,'716,Zimbabwe,407,'01254,Leeks and other alliaceous vegetables,5531,Producer Price (SLC/tonne),2000,2000,7021,Annual value,SLC,22.100000,A
ZWE,2001-01-01,2001-12-31,181,'716,Zimbabwe,407,'01254,Leeks and other alliaceous vegetables,5531,Producer Price (SLC/tonne),2001,2001,7021,Annual value,SLC,77.400000,A
ZWE,2002-01-01,2002-12-31,181,'716,Zimbabwe,407,'01254,Leeks and other alliaceous vegetables,5531,Producer Price (SLC/tonne),2002,2002,7021,Annual value,SLC,86.700000,A
ZWE,2003-01-01,2003-12-31,181,'716,Zimbabwe,407,'01254,Leeks and other alliaceous vegetables,5531,Producer Price (SLC/tonne),2003,2003,7021,Annual value,SLC,688.000000,A
ZWE,1991-01-01,1991-12-31,181,'716,Zimbabwe,497,'01322,Lemons and limes,5530,Producer Price (LCU/tonne),1991,1991,7021,Annual value,LCU,2000.000000,A
ZWE,1992-01-01,1992-12-31,181,'716,Zimbabwe,497,'01322,Lemons and limes,5530,Producer Price (LCU/tonne),1992,1992,7021,Annual value,LCU,1000.000000,A
ZWE,1993-01-01,1993-12-31,181,'716,Zimbabwe,497,'01322,Lemons and limes,5530,Producer Price (LCU/tonne),1993,1993,7021,Annual value,LCU,1500.000000,A
ZWE,1994-01-01,1994-12-31,181,'716,Zimbabwe,497,'01322,Lemons and limes,5530,Producer Price (LCU/tonne),1994,1994,7021,Annual value,LCU,800.000000,X
ZWE,2000-01-01,2000-12-31,181,'716,Zimbabwe,497,'01322,Lemons and limes,5530,Producer Price (LCU/tonne),2000,2000,7021,Annual value,LCU,6200.000000,A
ZWE,2001-01-01,2001-12-31,181,'716,Zimbabwe,497,'01322,Lemons and limes,5530,Producer Price (LCU/tonne),2001,2001,7021,Annual value,LCU,2200.000000,A
ZWE,2002-01-01,2002-12-31,181,'716,Zimbabwe,497,'01322,Lemons and limes,5530,Producer Price (LCU/tonne),2002,2002,7021,Annual value,LCU,29730.000000,A
ZWE,2003-01-01,2003-12-31,181,'716,Zimbabwe,497,'01322,Lemons and limes,5530,Producer Price (LCU/tonne),2003,2003,7021,Annual value,LCU,101000.000000,A
ZWE,1991-01-01,1991-12-31,181,'716,Zimbabwe,497,'01322,Lemons and limes,5531,Producer Price (SLC/tonne),1991,1991,7021,Annual value,SLC,5.500000,A
ZWE,1992-01-01,1992-12-31,181,'716,Zimbabwe,497,'01322,Lemons and limes,5531,Producer Price (SLC/tonne),1992,1992,7021,Annual value,SLC,2.800000,A
ZWE,1993-01-01,1993-12-31,181,'716,Zimbabwe,497,'01322,Lemons and limes,5531,Producer Price (SLC/tonne),1993,1993,7021,Annual value,SLC,4.100000,A
ZWE,1994-01-01,1994-12-31,181,'716,Zimbabwe,497,'01322,Lemons and limes,5531,Producer Price (SLC/tonne),1994,1994,7021,Annual value,SLC,2.200000,X
ZWE,2000-01-01,2000-12-31,181,'716,Zimbabwe,497,'01322,Lemons and limes,5531,Producer Price (SLC/tonne),2000,2000,7021,Annual value,SLC,17.100000,A
ZWE,2001-01-01,2001-12-31,181,'716,Zimbabwe,497,'01322,Lemons and limes,5531,Producer Price (SLC/tonne),2001,2001,7021,Annual value,SLC,6.100000,A
ZWE,2002-01-01,2002-12-31,181,'716,Zimbabwe,497,'01322,Lemons and limes,5531,Producer Price (SLC/tonne),2002,2002,7021,Annual value,SLC,82.100000,A
ZWE,2003-01-01,2003-12-31,181,'716,Zimbabwe,497,'01322,Lemons and limes,5531,Producer Price (SLC/tonne),2003,2003,7021,Annual value,SLC,279.100000,A
ZWE,2000-01-01,2000-12-31,181,'716,Zimbabwe,372,'01214,Lettuce and chicory,5530,Producer Price (LCU/tonne),2000,2000,7021,Annual value,LCU,7000.000000,A
ZWE,2001-01-01,2001-12-31,181,'716,Zimbabwe,372,'01214,Lettuce and chicory,5530,Producer Price (LCU/tonne),2001,2001,7021,Annual value,LCU,17000.000000,A
ZWE,2002-01-01,2002-12-31,181,'716,Zimbabwe,372,'01214,Lettuce and chicory,5530,Producer Price (LCU/tonne),2002,2002,7021,Annual value,LCU,31820.000000,A
ZWE,2003-01-01,2003-12-31,181,'716,Zimbabwe,372,'01214,Lettuce and chicory,5530,Producer Price (LCU/tonne),2003,2003,7021,Annual value,LCU,452000.000000,A
ZWE,2015-01-01,2015-12-31,181,'716,Zimbabwe,372,'01214,Lettuce and chicory,5530,Producer Price (LCU/tonne),2015,2015,7021,Annual value,LCU,873.000000,A
ZWE,2016-01-01,2016-12-31,181,'716,Zimbabwe,372,'01214,Lettuce and chicory,5530,Producer Price (LCU/tonne),2016,2016,7021,Annual value,LCU,870.000000,A
ZWE,2017-01-01,2017-12-31,181,'716,Zimbabwe,372,'01214,Lettuce and chicory,5530,Producer Price (LCU/tonne),2017,2017,7021,Annual value,LCU,815.000000,A
ZWE,2017-01-01,2017-01-31,181,'716,Zimbabwe,372,'01214,Lettuce and chicory,5530,Producer Price (LCU/tonne),2017,2017,7001,January,LCU,860.000000,A
ZWE,2017-02-01,2017-02-28,181,'716,Zimbabwe,372,'01214,Lettuce and chicory,5530,Producer Price (LCU/tonne),2017,2017,7002,February,LCU,870.000000,A
ZWE,2017-03-01,2017-03-31,181,'716,Zimbabwe,372,'01214,Lettuce and chicory,5530,Producer Price (LCU/tonne),2017,2017,7003,March,LCU,910.000000,A
ZWE,2017-04-01,2017-04-30,181,'716,Zimbabwe,372,'01214,Lettuce and chicory,5530,Producer Price (LCU/tonne),2017,2017,7004,April,LCU,960.000000,A
ZWE,2017-05-01,2017-05-31,181,'716,Zimbabwe,372,'01214,Lettuce and chicory,5530,Producer Price (LCU/tonne),2017,2017,7005,May,LCU,920.000000,A
ZWE,2017-06-01,2017-06-30,181,'716,Zimbabwe,372,'01214,Lettuce and chicory,5530,Producer Price (LCU/tonne),2017,2017,7006,June,LCU,830.000000,A
ZWE,2017-07-01,2017-07-31,181,'716,Zimbabwe,372,'01214,Lettuce and chicory,5530,Producer Price (LCU/tonne),2017,2017,7007,July,LCU,770.000000,A
ZWE,2017-08-01,2017-08-31,181,'716,Zimbabwe,372,'01214,Lettuce and chicory,5530,Producer Price (LCU/tonne),2017,2017,7008,August,LCU,710.000000,A
ZWE,2017-09-01,2017-09-30,181,'716,Zimbabwe,372,'01214,Lettuce and chicory,5530,Producer Price (LCU/tonne),2017,2017,7009,September,LCU,710.000000,A
ZWE,2017-10-01,2017-10-31,181,'716,Zimbabwe,372,'01214,Lettuce and chicory,5530,Producer Price (LCU/tonne),2017,2017,7010,October,LCU,710.000000,A
ZWE,2017-11-01,2017-11-30,181,'716,Zimbabwe,372,'01214,Lettuce and chicory,5530,Producer Price (LCU/tonne),2017,2017,7011,November,LCU,750.000000,A
ZWE,2017-12-01,2017-12-31,181,'716,Zimbabwe,372,'01214,Lettuce and chicory,5530,Producer Price (LCU/tonne),2017,2017,7012,December,LCU,780.000000,A
ZWE,2018-01-01,2018-01-31,181,'716,Zimbabwe,372,'01214,Lettuce and chicory,5530,Producer Price (LCU/tonne),2018,2018,7001,January,LCU,770.000000,A
ZWE,2000-01-01,2000-12-31,181,'716,Zimbabwe,372,'01214,Lettuce and chicory,5531,Producer Price (SLC/tonne),2000,2000,7021,Annual value,SLC,19.300000,A
ZWE,2001-01-01,2001-12-31,181,'716,Zimbabwe,372,'01214,Lettuce and chicory,5531,Producer Price (SLC/tonne),2001,2001,7021,Annual value,SLC,47.000000,A
ZWE,2002-01-01,2002-12-31,181,'716,Zimbabwe,372,'01214,Lettuce and chicory,5531,Producer Price (SLC/tonne),2002,2002,7021,Annual value,SLC,87.900000,A
ZWE,2003-01-01,2003-12-31,181,'716,Zimbabwe,372,'01214,Lettuce and chicory,5531,Producer Price (SLC/tonne),2003,2003,7021,Annual value,SLC,1249.000000,A
ZWE,2015-01-01,2015-12-31,181,'716,Zimbabwe,372,'01214,Lettuce and chicory,5531,Producer Price (SLC/tonne),2015,2015,7021,Annual value,SLC,873.000000,A
ZWE,2016-01-01,2016-12-31,181,'716,Zimbabwe,372,'01214,Lettuce and chicory,5531,Producer Price (SLC/tonne),2016,2016,7021,Annual value,SLC,870.000000,A
ZWE,2017-01-01,2017-12-31,181,'716,Zimbabwe,372,'01214,Lettuce and chicory,5531,Producer Price (SLC/tonne),2017,2017,7021,Annual value,SLC,815.000000,A
ZWE,2018-01-01,2018-12-31,181,'716,Zimbabwe,372,'01214,Lettuce and chicory,5531,Producer Price (SLC/tonne),2018,2018,7021,Annual value,SLC,895.100000,A
ZWE,2015-01-01,2015-12-31,181,'716,Zimbabwe,372,'01214,Lettuce and chicory,5532,Producer Price (USD/tonne),2015,2015,7021,Annual value,USD,873.000000,A
ZWE,2016-01-01,2016-12-31,181,'716,Zimbabwe,372,'01214,Lettuce and chicory,5532,Producer Price (USD/tonne),2016,2016,7021,Annual value,USD,870.000000,A
ZWE,2017-01-01,2017-12-31,181,'716,Zimbabwe,372,'01214,Lettuce and chicory,5532,Producer Price (USD/tonne),2017,2017,7021,Annual value,USD,815.000000,A
ZWE,1991-01-01,1991-12-31,181,'716,Zimbabwe,372,'01214,Lettuce and chicory,5539,Producer Price Index (2014-2016 = 100),1991,1991,7021,Annual value,,0.230000,E
ZWE,1992-01-01,1992-12-31,181,'716,Zimbabwe,372,'01214,Lettuce and chicory,5539,Producer Price Index (2014-2016 = 100),1992,1992,7021,Annual value,,0.290000,E
ZWE,1993-01-01,1993-12-31,181,'716,Zimbabwe,372,'01214,Lettuce and chicory,5539,Producer Price Index (2014-2016 = 100),1993,1993,7021,Annual value,,0.360000,E
ZWE,1994-01-01,1994-12-31,181,'716,Zimbabwe,372,'01214,Lettuce and chicory,5539,Producer Price Index (2014-2016 = 100),1994,1994,7021,Annual value,,0.430000,E
ZWE,1995-01-01,1995-12-31,181,'716,Zimbabwe,372,'01214,Lettuce and chicory,5539,Producer Price Index (2014-2016 = 100),1995,1995,7021,Annual value,,0.470000,E
ZWE,1996-01-01,1996-12-31,181,'716,Zimbabwe,372,'01214,Lettuce and chicory,5539,Producer Price Index (2014-2016 = 100),1996,1996,7021,Annual value,,0.590000,E
ZWE,1997-01-01,1997-12-31,181,'716,Zimbabwe,372,'01214,Lettuce and chicory,5539,Producer Price Index (2014-2016 = 100),1997,1997,7021,Annual value,,0.690000,E
ZWE,1998-01-01,1998-12-31,181,'716,Zimbabwe,372,'01214,Lettuce and chicory,5539,Producer Price Index (2014-2016 = 100),1998,1998,7021,Annual value,,0.890000,E
ZWE,1999-01-01,1999-12-31,181,'716,Zimbabwe,372,'01214,Lettuce and chicory,5539,Producer Price Index (2014-2016 = 100),1999,1999,7021,Annual value,,1.390000,E
ZWE,2000-01-01,2000-12-31,181,'716,Zimbabwe,372,'01214,Lettuce and chicory,5539,Producer Price Index (2014-2016 = 100),2000,2000,7021,Annual value,,2.220000,E
ZWE,2001-01-01,2001-12-31,181,'716,Zimbabwe,372,'01214,Lettuce and chicory,5539,Producer Price Index (2014-2016 = 100),2001,2001,7021,Annual value,,5.390000,E
ZWE,2002-01-01,2002-12-31,181,'716,Zimbabwe,372,'01214,Lettuce and chicory,5539,Producer Price Index (2014-2016 = 100),2002,2002,7021,Annual value,,10.090000,E
ZWE,2003-01-01,2003-12-31,181,'716,Zimbabwe,372,'01214,Lettuce and chicory,5539,Producer Price Index (2014-2016 = 100),2003,2003,7021,Annual value,,143.310000,E
ZWE,2004-01-01,2004-12-31,181,'716,Zimbabwe,372,'01214,Lettuce and chicory,5539,Producer Price Index (2014-2016 = 100),2004,2004,7021,Annual value,,764.590000,E
ZWE,2005-01-01,2005-12-31,181,'716,Zimbabwe,372,'01214,Lettuce and chicory,5539,Producer Price Index (2014-2016 = 100),2005,2005,7021,Annual value,,3373.370000,E
ZWE,2006-01-01,2006-12-31,181,'716,Zimbabwe,372,'01214,Lettuce and chicory,5539,Producer Price Index (2014-2016 = 100),2006,2006,7021,Annual value,,46968.570000,E
ZWE,2007-01-01,2007-12-31,181,'716,Zimbabwe,372,'01214,Lettuce and chicory,5539,Producer Price Index (2014-2016 = 100),2007,2007,7021,Annual value,,160307.630000,E
ZWE,2015-01-01,2015-12-31,181,'716,Zimbabwe,372,'01214,Lettuce and chicory,5539,Producer Price Index (2014-2016 = 100),2015,2015,7021,Annual value,,100.170000,E
ZWE,2016-01-01,2016-12-31,181,'716,Zimbabwe,372,'01214,Lettuce and chicory,5539,Producer Price Index (2014-2016 = 100),2016,2016,7021,Annual value,,99.830000,E
ZWE,2017-01-01,2017-12-31,181,'716,Zimbabwe,372,'01214,Lettuce and chicory,5539,Producer Price Index (2014-2016 = 100),2017,2017,7021,Annual value,,93.520000,E
ZWE,2018-01-01,2018-12-31,181,'716,Zimbabwe,372,'01214,Lettuce and chicory,5539,Producer Price Index (2014-2016 = 100),2018,2018,7021,Annual value,,102.700000,E
ZWE,1991-01-01,1991-12-31,181,'716,Zimbabwe,56,'0112,Maize (corn),5530,Producer Price (LCU/tonne),1991,1991,7021,Annual value,LCU,270.000000,A
ZWE,1992-01-01,1992-12-31,181,'716,Zimbabwe,56,'0112,Maize (corn),5530,Producer Price (LCU/tonne),1992,1992,7021,Annual value,LCU,550.000000,A
ZWE,1993-01-01,1993-12-31,181,'716,Zimbabwe,56,'0112,Maize (corn),5530,Producer Price (LCU/tonne),1993,1993,7021,Annual value,LCU,900.000000,A
ZWE,1994-01-01,1994-12-31,181,'716,Zimbabwe,56,'0112,Maize (corn),5530,Producer Price (LCU/tonne),1994,1994,7021,Annual value,LCU,900.000000,A
ZWE,1995-01-01,1995-12-31,181,'716,Zimbabwe,56,'0112,Maize (corn),5530,Producer Price (LCU/tonne),1995,1995,7021,Annual value,LCU,1050.000000,A
ZWE,1996-01-01,1996-12-31,181,'716,Zimbabwe,56,'0112,Maize (corn),5530,Producer Price (LCU/tonne),1996,1996,7021,Annual value,LCU,1200.000000,A
ZWE,1997-01-01,1997-12-31,181,'716,Zimbabwe,56,'0112,Maize (corn),5530,Producer Price (LCU/tonne),1997,1997,7021,Annual value,LCU,1200.000000,A
ZWE,1998-01-01,1998-12-31,181,'716,Zimbabwe,56,'0112,Maize (corn),5530,Producer Price (LCU/tonne),1998,1998,7021,Annual value,LCU,2900.000000,A
ZWE,1999-01-01,1999-12-31,181,'716,Zimbabwe,56,'0112,Maize (corn),5530,Producer Price (LCU/tonne),1999,1999,7021,Annual value,LCU,4200.000000,A
ZWE,2000-01-01,2000-12-31,181,'716,Zimbabwe,56,'0112,Maize (corn),5530,Producer Price (LCU/tonne),2000,2000,7021,Annual value,LCU,5500.000000,A
ZWE,2001-01-01,2001-12-31,181,'716,Zimbabwe,56,'0112,Maize (corn),5530,Producer Price (LCU/tonne),2001,2001,7021,Annual value,LCU,15000.000000,A
ZWE,2002-01-01,2002-12-31,181,'716,Zimbabwe,56,'0112,Maize (corn),5530,Producer Price (LCU/tonne),2002,2002,7021,Annual value,LCU,28000.000000,A
ZWE,2003-01-01,2003-12-31,181,'716,Zimbabwe,56,'0112,Maize (corn),5530,Producer Price (LCU/tonne),2003,2003,7021,Annual value,LCU,300000.000000,A
ZWE,2004-01-01,2004-12-31,181,'716,Zimbabwe,56,'0112,Maize (corn),5530,Producer Price (LCU/tonne),2004,2004,7021,Annual value,LCU,750000.000000,A
ZWE,2005-01-01,2005-12-31,181,'716,Zimbabwe,56,'0112,Maize (corn),5530,Producer Price (LCU/tonne),2005,2005,7021,Annual value,LCU,2248024.000000,A
ZWE,2006-01-01,2006-12-31,181,'716,Zimbabwe,56,'0112,Maize (corn),5530,Producer Price (LCU/tonne),2006,2006,7021,Annual value,LCU,31300000.000000,A
ZWE,2013-01-01,2013-12-31,181,'716,Zimbabwe,56,'0112,Maize (corn),5530,Producer Price (LCU/tonne),2013,2013,7021,Annual value,LCU,106760.500000,A
ZWE,2013-01-01,2013-01-31,181,'716,Zimbabwe,56,'0112,Maize (corn),5530,Producer Price (LCU/tonne),2013,2013,7001,January,LCU,106761.000000,A
ZWE,2013-02-01,2013-02-28,181,'716,Zimbabwe,56,'0112,Maize (corn),5530,Producer Price (LCU/tonne),2013,2013,7002,February,LCU,106761.000000,A
ZWE,2013-03-01,2013-03-31,181,'716,Zimbabwe,56,'0112,Maize (corn),5530,Producer Price (LCU/tonne),2013,2013,7003,March,LCU,106761.000000,A
ZWE,2013-04-01,2013-04-30,181,'716,Zimbabwe,56,'0112,Maize (corn),5530,Producer Price (LCU/tonne),2013,2013,7004,April,LCU,106761.000000,A
ZWE,2013-05-01,2013-05-31,181,'716,Zimbabwe,56,'0112,Maize (corn),5530,Producer Price (LCU/tonne),2013,2013,7005,May,LCU,106761.000000,A
ZWE,2013-06-01,2013-06-30,181,'716,Zimbabwe,56,'0112,Maize (corn),5530,Producer Price (LCU/tonne),2013,2013,7006,June,LCU,106761.000000,A
ZWE,2013-07-01,2013-07-31,181,'716,Zimbabwe,56,'0112,Maize (corn),5530,Producer Price (LCU/tonne),2013,2013,7007,July,LCU,106761.000000,A
ZWE,2013-08-01,2013-08-31,181,'716,Zimbabwe,56,'0112,Maize (corn),5530,Producer Price (LCU/tonne),2013,2013,7008,August,LCU,106761.000000,A
ZWE,2013-09-01,2013-09-30,181,'716,Zimbabwe,56,'0112,Maize (corn),5530,Producer Price (LCU/tonne),2013,2013,7009,September,LCU,106761.000000,A
ZWE,2013-10-01,2013-10-31,181,'716,Zimbabwe,56,'0112,Maize (corn),5530,Producer Price (LCU/tonne),2013,2013,7010,October,LCU,106761.000000,A
ZWE,2013-11-01,2013-11-30,181,'716,Zimbabwe,56,'0112,Maize (corn),5530,Producer Price (LCU/tonne),2013,2013,7011,November,LCU,106761.000000,A
ZWE,2013-12-01,2013-12-31,181,'716,Zimbabwe,56,'0112,Maize (corn),5530,Producer Price (LCU/tonne),2013,2013,7012,December,LCU,106761.000000,A
ZWE,2014-01-01,2014-12-31,181,'716,Zimbabwe,56,'0112,Maize (corn),5530,Producer Price (LCU/tonne),2014,2014,7021,Annual value,LCU,310.000000,A
ZWE,2014-01-01,2014-01-31,181,'716,Zimbabwe,56,'0112,Maize (corn),5530,Producer Price (LCU/tonne),2014,2014,7001,January,LCU,344.000000,A
ZWE,2014-02-01,2014-02-28,181,'716,Zimbabwe,56,'0112,Maize (corn),5530,Producer Price (LCU/tonne),2014,2014,7002,February,LCU,344.000000,A
ZWE,2014-03-01,2014-03-31,181,'716,Zimbabwe,56,'0112,Maize (corn),5530,Producer Price (LCU/tonne),2014,2014,7003,March,LCU,344.000000,A
ZWE,2014-04-01,2014-04-30,181,'716,Zimbabwe,56,'0112,Maize (corn),5530,Producer Price (LCU/tonne),2014,2014,7004,April,LCU,390.000000,A
ZWE,2014-05-01,2014-05-31,181,'716,Zimbabwe,56,'0112,Maize (corn),5530,Producer Price (LCU/tonne),2014,2014,7005,May,LCU,390.000000,A
ZWE,2014-06-01,2014-06-30,181,'716,Zimbabwe,56,'0112,Maize (corn),5530,Producer Price (LCU/tonne),2014,2014,7006,June,LCU,390.000000,A
ZWE,2014-07-01,2014-07-31,181,'716,Zimbabwe,56,'0112,Maize (corn),5530,Producer Price (LCU/tonne),2014,2014,7007,July,LCU,390.000000,A
ZWE,2014-08-01,2014-08-31,181,'716,Zimbabwe,56,'0112,Maize (corn),5530,Producer Price (LCU/tonne),2014,2014,7008,August,LCU,390.000000,A
ZWE,2014-09-01,2014-09-30,181,'716,Zimbabwe,56,'0112,Maize (corn),5530,Producer Price (LCU/tonne),2014,2014,7009,September,LCU,390.000000,A
ZWE,2014-10-01,2014-10-31,181,'716,Zimbabwe,56,'0112,Maize (corn),5530,Producer Price (LCU/tonne),2014,2014,7010,October,LCU,390.000000,A
ZWE,2014-11-01,2014-11-30,181,'716,Zimbabwe,56,'0112,Maize (corn),5530,Producer Price (LCU/tonne),2014,2014,7011,November,LCU,390.000000,A
ZWE,2014-12-01,2014-12-31,181,'716,Zimbabwe,56,'0112,Maize (corn),5530,Producer Price (LCU/tonne),2014,2014,7012,December,LCU,390.000000,A
ZWE,2015-01-01,2015-12-31,181,'716,Zimbabwe,56,'0112,Maize (corn),5530,Producer Price (LCU/tonne),2015,2015,7021,Annual value,LCU,390.000000,A
ZWE,2015-01-01,2015-01-31,181,'716,Zimbabwe,56,'0112,Maize (corn),5530,Producer Price (LCU/tonne),2015,2015,7001,January,LCU,390.000000,A
ZWE,2016-01-01,2016-12-31,181,'716,Zimbabwe,56,'0112,Maize (corn),5530,Producer Price (LCU/tonne),2016,2016,7021,Annual value,LCU,390.000000,A
ZWE,2016-01-01,2016-01-31,181,'716,Zimbabwe,56,'0112,Maize (corn),5530,Producer Price (LCU/tonne),2016,2016,7001,January,LCU,390.000000,A
ZWE,2016-02-01,2016-02-29,181,'716,Zimbabwe,56,'0112,Maize (corn),5530,Producer Price (LCU/tonne),2016,2016,7002,February,LCU,390.000000,A
ZWE,2016-03-01,2016-03-31,181,'716,Zimbabwe,56,'0112,Maize (corn),5530,Producer Price (LCU/tonne),2016,2016,7003,March,LCU,390.000000,A
ZWE,2016-04-01,2016-04-30,181,'716,Zimbabwe,56,'0112,Maize (corn),5530,Producer Price (LCU/tonne),2016,2016,7004,April,LCU,390.000000,A
ZWE,2016-05-01,2016-05-31,181,'716,Zimbabwe,56,'0112,Maize (corn),5530,Producer Price (LCU/tonne),2016,2016,7005,May,LCU,390.000000,A
ZWE,2016-06-01,2016-06-30,181,'716,Zimbabwe,56,'0112,Maize (corn),5530,Producer Price (LCU/tonne),2016,2016,7006,June,LCU,390.000000,A
ZWE,2016-07-01,2016-07-31,181,'716,Zimbabwe,56,'0112,Maize (corn),5530,Producer Price (LCU/tonne),2016,2016,7007,July,LCU,390.000000,A
ZWE,2016-08-01,2016-08-31,181,'716,Zimbabwe,56,'0112,Maize (corn),5530,Producer Price (LCU/tonne),2016,2016,7008,August,LCU,390.000000,A
ZWE,2016-09-01,2016-09-30,181,'716,Zimbabwe,56,'0112,Maize (corn),5530,Producer Price (LCU/tonne),2016,2016,7009,September,LCU,390.000000,A
ZWE,2016-10-01,2016-10-31,181,'716,Zimbabwe,56,'0112,Maize (corn),5530,Producer Price (LCU/tonne),2016,2016,7010,October,LCU,390.000000,A
ZWE,2016-11-01,2016-11-30,181,'716,Zimbabwe,56,'0112,Maize (corn),5530,Producer Price (LCU/tonne),2016,2016,7011,November,LCU,390.000000,A
ZWE,2016-12-01,2016-12-31,181,'716,Zimbabwe,56,'0112,Maize (corn),5530,Producer Price (LCU/tonne),2016,2016,7012,December,LCU,390.000000,A
ZWE,2017-01-01,2017-12-31,181,'716,Zimbabwe,56,'0112,Maize (corn),5530,Producer Price (LCU/tonne),2017,2017,7021,Annual value,LCU,390.000000,A
ZWE,2017-01-01,2017-01-31,181,'716,Zimbabwe,56,'0112,Maize (corn),5530,Producer Price (LCU/tonne),2017,2017,7001,January,LCU,390.000000,A
ZWE,2017-02-01,2017-02-28,181,'716,Zimbabwe,56,'0112,Maize (corn),5530,Producer Price (LCU/tonne),2017,2017,7002,February,LCU,390.000000,A
ZWE,2017-03-01,2017-03-31,181,'716,Zimbabwe,56,'0112,Maize (corn),5530,Producer Price (LCU/tonne),2017,2017,7003,March,LCU,390.000000,A
ZWE,2017-04-01,2017-04-30,181,'716,Zimbabwe,56,'0112,Maize (corn),5530,Producer Price (LCU/tonne),2017,2017,7004,April,LCU,390.000000,A
ZWE,2017-05-01,2017-05-31,181,'716,Zimbabwe,56,'0112,Maize (corn),5530,Producer Price (LCU/tonne),2017,2017,7005,May,LCU,390.000000,A
ZWE,2017-06-01,2017-06-30,181,'716,Zimbabwe,56,'0112,Maize (corn),5530,Producer Price (LCU/tonne),2017,2017,7006,June,LCU,390.000000,A
ZWE,2017-07-01,2017-07-31,181,'716,Zimbabwe,56,'0112,Maize (corn),5530,Producer Price (LCU/tonne),2017,2017,7007,July,LCU,390.000000,A
ZWE,2017-08-01,2017-08-31,181,'716,Zimbabwe,56,'0112,Maize (corn),5530,Producer Price (LCU/tonne),2017,2017,7008,August,LCU,390.000000,A
ZWE,2017-09-01,2017-09-30,181,'716,Zimbabwe,56,'0112,Maize (corn),5530,Producer Price (LCU/tonne),2017,2017,7009,September,LCU,390.000000,A
ZWE,2017-10-01,2017-10-31,181,'716,Zimbabwe,56,'0112,Maize (corn),5530,Producer Price (LCU/tonne),2017,2017,7010,October,LCU,390.000000,A
ZWE,2017-11-01,2017-11-30,181,'716,Zimbabwe,56,'0112,Maize (corn),5530,Producer Price (LCU/tonne),2017,2017,7011,November,LCU,390.000000,A
ZWE,2017-12-01,2017-12-31,181,'716,Zimbabwe,56,'0112,Maize (corn),5530,Producer Price (LCU/tonne),2017,2017,7012,December,LCU,390.000000,A
ZWE,2018-01-01,2018-12-31,181,'716,Zimbabwe,56,'0112,Maize (corn),5530,Producer Price (LCU/tonne),2018,2018,7021,Annual value,LCU,390.000000,A
ZWE,2018-01-01,2018-01-31,181,'716,Zimbabwe,56,'0112,Maize (corn),5530,Producer Price (LCU/tonne),2018,2018,7001,January,LCU,390.000000,A
ZWE,2021-01-01,2021-12-31,181,'716,Zimbabwe,56,'0112,Maize (corn),5530,Producer Price (LCU/tonne),2021,2021,7021,Annual value,LCU,27935.000000,A
ZWE,2022-01-01,2022-12-31,181,'716,Zimbabwe,56,'0112,Maize (corn),5530,Producer Price (LCU/tonne),2022,2022,7021,Annual value,LCU,50333.000000,A
ZWE,2023-01-01,2023-12-31,181,'716,Zimbabwe,56,'0112,Maize (corn),5530,Producer Price (LCU/tonne),2023,2023,7021,Annual value,LCU,1245458.000000,A
ZWE,2023-01-01,2023-01-31,181,'716,Zimbabwe,56,'0112,Maize (corn),5530,Producer Price (LCU/tonne),2023,2023,7001,January,LCU,319000.000000,A
ZWE,2023-02-01,2023-02-28,181,'716,Zimbabwe,56,'0112,Maize (corn),5530,Producer Price (LCU/tonne),2023,2023,7002,February,LCU,319000.000000,A
ZWE,2023-03-01,2023-03-31,181,'716,Zimbabwe,56,'0112,Maize (corn),5530,Producer Price (LCU/tonne),2023,2023,7003,March,LCU,319500.000000,A
ZWE,2023-04-01,2023-04-30,181,'716,Zimbabwe,56,'0112,Maize (corn),5530,Producer Price (LCU/tonne),2023,2023,7004,April,LCU,696000.000000,A
ZWE,2023-05-01,2023-05-31,181,'716,Zimbabwe,56,'0112,Maize (corn),5530,Producer Price (LCU/tonne),2023,2023,7005,May,LCU,910000.000000,A
ZWE,2023-06-01,2023-06-30,181,'716,Zimbabwe,56,'0112,Maize (corn),5530,Producer Price (LCU/tonne),2023,2023,7006,June,LCU,2040000.000000,A
ZWE,2023-07-01,2023-07-31,181,'716,Zimbabwe,56,'0112,Maize (corn),5530,Producer Price (LCU/tonne),2023,2023,7007,July,LCU,1440000.000000,A
ZWE,2023-08-01,2023-08-31,181,'716,Zimbabwe,56,'0112,Maize (corn),5530,Producer Price (LCU/tonne),2023,2023,7008,August,LCU,1656000.000000,A
ZWE,2023-09-01,2023-09-30,181,'716,Zimbabwe,56,'0112,Maize (corn),5530,Producer Price (LCU/tonne),2023,2023,7009,September,LCU,1656000.000000,A
ZWE,2023-10-01,2023-10-31,181,'716,Zimbabwe,56,'0112,Maize (corn),5530,Producer Price (LCU/tonne),2023,2023,7010,October,LCU,2088000.000000,A
ZWE,2023-11-01,2023-11-30,181,'716,Zimbabwe,56,'0112,Maize (corn),5530,Producer Price (LCU/tonne),2023,2023,7011,November,LCU,1245458.000000,A
ZWE,2023-12-01,2023-12-31,181,'716,Zimbabwe,56,'0112,Maize (corn),5530,Producer Price (LCU/tonne),2023,2023,7012,December,LCU,3430000.000000,A
ZWE,1991-01-01,1991-12-31,181,'716,Zimbabwe,56,'0112,Maize (corn),5531,Producer Price (SLC/tonne),1991,1991,7021,Annual value,SLC,0.700000,A
ZWE,1992-01-01,1992-12-31,181,'716,Zimbabwe,56,'0112,Maize (corn),5531,Producer Price (SLC/tonne),1992,1992,7021,Annual value,SLC,1.500000,A
ZWE,1993-01-01,1993-12-31,181,'716,Zimbabwe,56,'0112,Maize (corn),5531,Producer Price (SLC/tonne),1993,1993,7021,Annual value,SLC,2.500000,A
ZWE,1994-01-01,1994-12-31,181,'716,Zimbabwe,56,'0112,Maize (corn),5531,Producer Price (SLC/tonne),1994,1994,7021,Annual value,SLC,2.500000,A
ZWE,1995-01-01,1995-12-31,181,'716,Zimbabwe,56,'0112,Maize (corn),5531,Producer Price (SLC/tonne),1995,1995,7021,Annual value,SLC,2.900000,A
ZWE,1996-01-01,1996-12-31,181,'716,Zimbabwe,56,'0112,Maize (corn),5531,Producer Price (SLC/tonne),1996,1996,7021,Annual value,SLC,3.300000,A
ZWE,1997-01-01,1997-12-31,181,'716,Zimbabwe,56,'0112,Maize (corn),5531,Producer Price (SLC/tonne),1997,1997,7021,Annual value,SLC,3.300000,A
ZWE,1998-01-01,1998-12-31,181,'716,Zimbabwe,56,'0112,Maize (corn),5531,Producer Price (SLC/tonne),1998,1998,7021,Annual value,SLC,8.000000,A
ZWE,1999-01-01,1999-12-31,181,'716,Zimbabwe,56,'0112,Maize (corn),5531,Producer Price (SLC/tonne),1999,1999,7021,Annual value,SLC,11.600000,A
ZWE,2000-01-01,2000-12-31,181,'716,Zimbabwe,56,'0112,Maize (corn),5531,Producer Price (SLC/tonne),2000,2000,7021,Annual value,SLC,15.200000,A
ZWE,2001-01-01,2001-12-31,181,'716,Zimbabwe,56,'0112,Maize (corn),5531,Producer Price (SLC/tonne),2001,2001,7021,Annual value,SLC,41.400000,A
ZWE,2002-01-01,2002-12-31,181,'716,Zimbabwe,56,'0112,Maize (corn),5531,Producer Price (SLC/tonne),2002,2002,7021,Annual value,SLC,77.400000,A
ZWE,2003-01-01,2003-12-31,181,'716,Zimbabwe,56,'0112,Maize (corn),5531,Producer Price (SLC/tonne),2003,2003,7021,Annual value,SLC,829.000000,A
ZWE,2004-01-01,2004-12-31,181,'716,Zimbabwe,56,'0112,Maize (corn),5531,Producer Price (SLC/tonne),2004,2004,7021,Annual value,SLC,2072.400000,A
ZWE,2005-01-01,2005-12-31,181,'716,Zimbabwe,56,'0112,Maize (corn),5531,Producer Price (SLC/tonne),2005,2005,7021,Annual value,SLC,6211.700000,A
ZWE,2006-01-01,2006-12-31,181,'716,Zimbabwe,56,'0112,Maize (corn),5531,Producer Price (SLC/tonne),2006,2006,7021,Annual value,SLC,86488.000000,A
ZWE,2013-01-01,2013-12-31,181,'716,Zimbabwe,56,'0112,Maize (corn),5531,Producer Price (SLC/tonne),2013,2013,7021,Annual value,SLC,295.000000,A
ZWE,2014-01-01,2014-12-31,181,'716,Zimbabwe,56,'0112,Maize (corn),5531,Producer Price (SLC/tonne),2014,2014,7021,Annual value,SLC,310.000000,A
ZWE,2015-01-01,2015-12-31,181,'716,Zimbabwe,56,'0112,Maize (corn),5531,Producer Price (SLC/tonne),2015,2015,7021,Annual value,SLC,390.000000,A
ZWE,2016-01-01,2016-12-31,181,'716,Zimbabwe,56,'0112,Maize (corn),5531,Producer Price (SLC/tonne),2016,2016,7021,Annual value,SLC,390.000000,A
ZWE,2017-01-01,2017-12-31,181,'716,Zimbabwe,56,'0112,Maize (corn),5531,Producer Price (SLC/tonne),2017,2017,7021,Annual value,SLC,390.000000,A
ZWE,2018-01-01,2018-12-31,181,'716,Zimbabwe,56,'0112,Maize (corn),5531,Producer Price (SLC/tonne),2018,2018,7021,Annual value,SLC,390.000000,A
ZWE,2010-01-01,2010-12-31,181,'716,Zimbabwe,56,'0112,Maize (corn),5532,Producer Price (USD/tonne),2010,2010,7021,Annual value,USD,275.000000,A
ZWE,2011-01-01,2011-12-31,181,'716,Zimbabwe,56,'0112,Maize (corn),5532,Producer Price (USD/tonne),2011,2011,7021,Annual value,USD,285.000000,A
ZWE,2012-01-01,2012-12-31,181,'716,Zimbabwe,56,'0112,Maize (corn),5532,Producer Price (USD/tonne),2012,2012,7021,Annual value,USD,295.000000,A
ZWE,2013-01-01,2013-12-31,181,'716,Zimbabwe,56,'0112,Maize (corn),5532,Producer Price (USD/tonne),2013,2013,7021,Annual value,USD,295.000000,A
ZWE,2014-01-01,2014-12-31,181,'716,Zimbabwe,56,'0112,Maize (corn),5532,Producer Price (USD/tonne),2014,2014,7021,Annual value,USD,310.000000,A
ZWE,2015-01-01,2015-12-31,181,'716,Zimbabwe,56,'0112,Maize (corn),5532,Producer Price (USD/tonne),2015,2015,7021,Annual value,USD,390.000000,A
ZWE,2016-01-01,2016-12-31,181,'716,Zimbabwe,56,'0112,Maize (corn),5532,Producer Price (USD/tonne),2016,2016,7021,Annual value,USD,390.000000,A
ZWE,2017-01-01,2017-12-31,181,'716,Zimbabwe,56,'0112,Maize (corn),5532,Producer Price (USD/tonne),2017,2017,7021,Annual value,USD,390.000000,A
ZWE,2018-01-01,2018-12-31,181,'716,Zimbabwe,56,'0112,Maize (corn),5532,Producer Price (USD/tonne),2018,2018,7021,Annual value,USD,390.000000,A
ZWE,2021-01-01,2021-12-31,181,'716,Zimbabwe,56,'0112,Maize (corn),5532,Producer Price (USD/tonne),2021,2021,7021,Annual value,USD,315.500000,A
ZWE,2022-01-01,2022-12-31,181,'716,Zimbabwe,56,'0112,Maize (corn),5532,Producer Price (USD/tonne),2022,2022,7021,Annual value,USD,50333.000000,A
ZWE,2023-01-01,2023-12-31,181,'716,Zimbabwe,56,'0112,Maize (corn),5532,Producer Price (USD/tonne),2023,2023,7021,Annual value,USD,354.900000,A
ZWE,1991-01-01,1991-12-31,181,'716,Zimbabwe,56,'0112,Maize (corn),5539,Producer Price Index (2014-2016 = 100),1991,1991,7021,Annual value,,0.210000,E
ZWE,1992-01-01,1992-12-31,181,'716,Zimbabwe,56,'0112,Maize (corn),5539,Producer Price Index (2014-2016 = 100),1992,1992,7021,Annual value,,0.420000,E
ZWE,1993-01-01,1993-12-31,181,'716,Zimbabwe,56,'0112,Maize (corn),5539,Producer Price Index (2014-2016 = 100),1993,1993,7021,Annual value,,0.680000,E
ZWE,1994-01-01,1994-12-31,181,'716,Zimbabwe,56,'0112,Maize (corn),5539,Producer Price Index (2014-2016 = 100),1994,1994,7021,Annual value,,0.680000,E
ZWE,1995-01-01,1995-12-31,181,'716,Zimbabwe,56,'0112,Maize (corn),5539,Producer Price Index (2014-2016 = 100),1995,1995,7021,Annual value,,0.800000,E
ZWE,1996-01-01,1996-12-31,181,'716,Zimbabwe,56,'0112,Maize (corn),5539,Producer Price Index (2014-2016 = 100),1996,1996,7021,Annual value,,0.910000,E
ZWE,1997-01-01,1997-12-31,181,'716,Zimbabwe,56,'0112,Maize (corn),5539,Producer Price Index (2014-2016 = 100),1997,1997,7021,Annual value,,0.910000,E
ZWE,1998-01-01,1998-12-31,181,'716,Zimbabwe,56,'0112,Maize (corn),5539,Producer Price Index (2014-2016 = 100),1998,1998,7021,Annual value,,2.210000,E
ZWE,1999-01-01,1999-12-31,181,'716,Zimbabwe,56,'0112,Maize (corn),5539,Producer Price Index (2014-2016 = 100),1999,1999,7021,Annual value,,3.190000,E
ZWE,2000-01-01,2000-12-31,181,'716,Zimbabwe,56,'0112,Maize (corn),5539,Producer Price Index (2014-2016 = 100),2000,2000,7021,Annual value,,4.180000,E
ZWE,2001-01-01,2001-12-31,181,'716,Zimbabwe,56,'0112,Maize (corn),5539,Producer Price Index (2014-2016 = 100),2001,2001,7021,Annual value,,11.410000,E
ZWE,2002-01-01,2002-12-31,181,'716,Zimbabwe,56,'0112,Maize (corn),5539,Producer Price Index (2014-2016 = 100),2002,2002,7021,Annual value,,21.290000,E
ZWE,2003-01-01,2003-12-31,181,'716,Zimbabwe,56,'0112,Maize (corn),5539,Producer Price Index (2014-2016 = 100),2003,2003,7021,Annual value,,228.150000,E
ZWE,2004-01-01,2004-12-31,181,'716,Zimbabwe,56,'0112,Maize (corn),5539,Producer Price Index (2014-2016 = 100),2004,2004,7021,Annual value,,570.380000,E
ZWE,2005-01-01,2005-12-31,181,'716,Zimbabwe,56,'0112,Maize (corn),5539,Producer Price Index (2014-2016 = 100),2005,2005,7021,Annual value,,1709.650000,E
ZWE,2006-01-01,2006-12-31,181,'716,Zimbabwe,56,'0112,Maize (corn),5539,Producer Price Index (2014-2016 = 100),2006,2006,7021,Annual value,,23804.030000,E
ZWE,2007-01-01,2007-12-31,181,'716,Zimbabwe,56,'0112,Maize (corn),5539,Producer Price Index (2014-2016 = 100),2007,2007,7021,Annual value,,69435.370000,E
ZWE,2010-01-01,2010-12-31,181,'716,Zimbabwe,56,'0112,Maize (corn),5539,Producer Price Index (2014-2016 = 100),2010,2010,7021,Annual value,,75.690000,E
ZWE,2011-01-01,2011-12-31,181,'716,Zimbabwe,56,'0112,Maize (corn),5539,Producer Price Index (2014-2016 = 100),2011,2011,7021,Annual value,,78.440000,E
ZWE,2012-01-01,2012-12-31,181,'716,Zimbabwe,56,'0112,Maize (corn),5539,Producer Price Index (2014-2016 = 100),2012,2012,7021,Annual value,,81.190000,E
ZWE,2013-01-01,2013-12-31,181,'716,Zimbabwe,56,'0112,Maize (corn),5539,Producer Price Index (2014-2016 = 100),2013,2013,7021,Annual value,,81.190000,E
ZWE,2014-01-01,2014-12-31,181,'716,Zimbabwe,56,'0112,Maize (corn),5539,Producer Price Index (2014-2016 = 100),2014,2014,7021,Annual value,,85.320000,E
ZWE,2015-01-01,2015-12-31,181,'716,Zimbabwe,56,'0112,Maize (corn),5539,Producer Price Index (2014-2016 = 100),2015,2015,7021,Annual value,,107.340000,E
ZWE,2016-01-01,2016-12-31,181,'716,Zimbabwe,56,'0112,Maize (corn),5539,Producer Price Index (2014-2016 = 100),2016,2016,7021,Annual value,,107.340000,E
ZWE,2017-01-01,2017-12-31,181,'716,Zimbabwe,56,'0112,Maize (corn),5539,Producer Price Index (2014-2016 = 100),2017,2017,7021,Annual value,,107.340000,E
ZWE,2018-01-01,2018-12-31,181,'716,Zimbabwe,56,'0112,Maize (corn),5539,Producer Price Index (2014-2016 = 100),2018,2018,7021,Annual value,,107.340000,E
ZWE,2015-01-01,2015-12-31,181,'716,Zimbabwe,571,'01316,"Mangoes, guavas and mangosteens",5530,Producer Price (LCU/tonne),2015,2015,7021,Annual value,LCU,1099.000000,A
ZWE,2016-01-01,2016-12-31,181,'716,Zimbabwe,571,'01316,"Mangoes, guavas and mangosteens",5530,Producer Price (LCU/tonne),2016,2016,7021,Annual value,LCU,1080.000000,A
ZWE,2017-01-01,2017-12-31,181,'716,Zimbabwe,571,'01316,"Mangoes, guavas and mangosteens",5530,Producer Price (LCU/tonne),2017,2017,7021,Annual value,LCU,1122.000000,A
ZWE,2017-01-01,2017-01-31,181,'716,Zimbabwe,571,'01316,"Mangoes, guavas and mangosteens",5530,Producer Price (LCU/tonne),2017,2017,7001,January,LCU,890.000000,A
ZWE,2017-02-01,2017-02-28,181,'716,Zimbabwe,571,'01316,"Mangoes, guavas and mangosteens",5530,Producer Price (LCU/tonne),2017,2017,7002,February,LCU,940.000000,A
ZWE,2017-03-01,2017-03-31,181,'716,Zimbabwe,571,'01316,"Mangoes, guavas and mangosteens",5530,Producer Price (LCU/tonne),2017,2017,7003,March,LCU,1040.000000,A
ZWE,2017-04-01,2017-04-30,181,'716,Zimbabwe,571,'01316,"Mangoes, guavas and mangosteens",5530,Producer Price (LCU/tonne),2017,2017,7004,April,LCU,1090.000000,A
ZWE,2017-05-01,2017-05-31,181,'716,Zimbabwe,571,'01316,"Mangoes, guavas and mangosteens",5530,Producer Price (LCU/tonne),2017,2017,7005,May,LCU,1060.000000,A
ZWE,2017-06-01,2017-06-30,181,'716,Zimbabwe,571,'01316,"Mangoes, guavas and mangosteens",5530,Producer Price (LCU/tonne),2017,2017,7006,June,LCU,1060.000000,A
ZWE,2017-07-01,2017-07-31,181,'716,Zimbabwe,571,'01316,"Mangoes, guavas and mangosteens",5530,Producer Price (LCU/tonne),2017,2017,7007,July,LCU,1060.000000,A
ZWE,2017-08-01,2017-08-31,181,'716,Zimbabwe,571,'01316,"Mangoes, guavas and mangosteens",5530,Producer Price (LCU/tonne),2017,2017,7008,August,LCU,1220.000000,A
ZWE,2017-09-01,2017-09-30,181,'716,Zimbabwe,571,'01316,"Mangoes, guavas and mangosteens",5530,Producer Price (LCU/tonne),2017,2017,7009,September,LCU,1320.000000,A
ZWE,2017-10-01,2017-10-31,181,'716,Zimbabwe,571,'01316,"Mangoes, guavas and mangosteens",5530,Producer Price (LCU/tonne),2017,2017,7010,October,LCU,1320.000000,A
ZWE,2017-11-01,2017-11-30,181,'716,Zimbabwe,571,'01316,"Mangoes, guavas and mangosteens",5530,Producer Price (LCU/tonne),2017,2017,7011,November,LCU,1300.000000,A
ZWE,2017-12-01,2017-12-31,181,'716,Zimbabwe,571,'01316,"Mangoes, guavas and mangosteens",5530,Producer Price (LCU/tonne),2017,2017,7012,December,LCU,1160.000000,A
ZWE,2018-01-01,2018-01-31,181,'716,Zimbabwe,571,'01316,"Mangoes, guavas and mangosteens",5530,Producer Price (LCU/tonne),2018,2018,7001,January,LCU,1080.000000,A
ZWE,2015-01-01,2015-12-31,181,'716,Zimbabwe,571,'01316,"Mangoes, guavas and mangosteens",5531,Producer Price (SLC/tonne),2015,2015,7021,Annual value,SLC,1099.000000,A
ZWE,2016-01-01,2016-12-31,181,'716,Zimbabwe,571,'01316,"Mangoes, guavas and mangosteens",5531,Producer Price (SLC/tonne),2016,2016,7021,Annual value,SLC,1080.000000,A
ZWE,2017-01-01,2017-12-31,181,'716,Zimbabwe,571,'01316,"Mangoes, guavas and mangosteens",5531,Producer Price (SLC/tonne),2017,2017,7021,Annual value,SLC,1122.000000,A
ZWE,2018-01-01,2018-12-31,181,'716,Zimbabwe,571,'01316,"Mangoes, guavas and mangosteens",5531,Producer Price (SLC/tonne),2018,2018,7021,Annual value,SLC,1232.200000,A
ZWE,2015-01-01,2015-12-31,181,'716,Zimbabwe,571,'01316,"Mangoes, guavas and mangosteens",5532,Producer Price (USD/tonne),2015,2015,7021,Annual value,USD,1099.000000,A
ZWE,2016-01-01,2016-12-31,181,'716,Zimbabwe,571,'01316,"Mangoes, guavas and mangosteens",5532,Producer Price (USD/tonne),2016,2016,7021,Annual value,USD,1080.000000,A
ZWE,2017-01-01,2017-12-31,181,'716,Zimbabwe,571,'01316,"Mangoes, guavas and mangosteens",5532,Producer Price (USD/tonne),2017,2017,7021,Annual value,USD,1122.000000,A
ZWE,1991-01-01,1991-12-31,181,'716,Zimbabwe,571,'01316,"Mangoes, guavas and mangosteens",5539,Producer Price Index (2014-2016 = 100),1991,1991,7021,Annual value,,0.520000,E
ZWE,1992-01-01,1992-12-31,181,'716,Zimbabwe,571,'01316,"Mangoes, guavas and mangosteens",5539,Producer Price Index (2014-2016 = 100),1992,1992,7021,Annual value,,0.520000,E
ZWE,1993-01-01,1993-12-31,181,'716,Zimbabwe,571,'01316,"Mangoes, guavas and mangosteens",5539,Producer Price Index (2014-2016 = 100),1993,1993,7021,Annual value,,0.520000,E
ZWE,1994-01-01,1994-12-31,181,'716,Zimbabwe,571,'01316,"Mangoes, guavas and mangosteens",5539,Producer Price Index (2014-2016 = 100),1994,1994,7021,Annual value,,0.520000,E
ZWE,1995-01-01,1995-12-31,181,'716,Zimbabwe,571,'01316,"Mangoes, guavas and mangosteens",5539,Producer Price Index (2014-2016 = 100),1995,1995,7021,Annual value,,0.610000,E
ZWE,1996-01-01,1996-12-31,181,'716,Zimbabwe,571,'01316,"Mangoes, guavas and mangosteens",5539,Producer Price Index (2014-2016 = 100),1996,1996,7021,Annual value,,0.690000,E
ZWE,1997-01-01,1997-12-31,181,'716,Zimbabwe,571,'01316,"Mangoes, guavas and mangosteens",5539,Producer Price Index (2014-2016 = 100),1997,1997,7021,Annual value,,0.690000,E
ZWE,1998-01-01,1998-12-31,181,'716,Zimbabwe,571,'01316,"Mangoes, guavas and mangosteens",5539,Producer Price Index (2014-2016 = 100),1998,1998,7021,Annual value,,1.670000,E
ZWE,1999-01-01,1999-12-31,181,'716,Zimbabwe,571,'01316,"Mangoes, guavas and mangosteens",5539,Producer Price Index (2014-2016 = 100),1999,1999,7021,Annual value,,2.420000,E
ZWE,2000-01-01,2000-12-31,181,'716,Zimbabwe,571,'01316,"Mangoes, guavas and mangosteens",5539,Producer Price Index (2014-2016 = 100),2000,2000,7021,Annual value,,4.330000,E
ZWE,2001-01-01,2001-12-31,181,'716,Zimbabwe,571,'01316,"Mangoes, guavas and mangosteens",5539,Producer Price Index (2014-2016 = 100),2001,2001,7021,Annual value,,15.000000,E
ZWE,2002-01-01,2002-12-31,181,'716,Zimbabwe,571,'01316,"Mangoes, guavas and mangosteens",5539,Producer Price Index (2014-2016 = 100),2002,2002,7021,Annual value,,22.810000,E
ZWE,2003-01-01,2003-12-31,181,'716,Zimbabwe,571,'01316,"Mangoes, guavas and mangosteens",5539,Producer Price Index (2014-2016 = 100),2003,2003,7021,Annual value,,146.490000,E
ZWE,2004-01-01,2004-12-31,181,'716,Zimbabwe,571,'01316,"Mangoes, guavas and mangosteens",5539,Producer Price Index (2014-2016 = 100),2004,2004,7021,Annual value,,608.310000,E
ZWE,2005-01-01,2005-12-31,181,'716,Zimbabwe,571,'01316,"Mangoes, guavas and mangosteens",5539,Producer Price Index (2014-2016 = 100),2005,2005,7021,Annual value,,1864.710000,E
ZWE,2006-01-01,2006-12-31,181,'716,Zimbabwe,571,'01316,"Mangoes, guavas and mangosteens",5539,Producer Price Index (2014-2016 = 100),2006,2006,7021,Annual value,,25962.920000,E
ZWE,2007-01-01,2007-12-31,181,'716,Zimbabwe,571,'01316,"Mangoes, guavas and mangosteens",5539,Producer Price Index (2014-2016 = 100),2007,2007,7021,Annual value,,78482.790000,E
ZWE,2015-01-01,2015-12-31,181,'716,Zimbabwe,571,'01316,"Mangoes, guavas and mangosteens",5539,Producer Price Index (2014-2016 = 100),2015,2015,7021,Annual value,,100.870000,E
ZWE,2016-01-01,2016-12-31,181,'716,Zimbabwe,571,'01316,"Mangoes, guavas and mangosteens",5539,Producer Price Index (2014-2016 = 100),2016,2016,7021,Annual value,,99.130000,E
ZWE,2017-01-01,2017-12-31,181,'716,Zimbabwe,571,'01316,"Mangoes, guavas and mangosteens",5539,Producer Price Index (2014-2016 = 100),2017,2017,7021,Annual value,,102.980000,E
ZWE,2018-01-01,2018-12-31,181,'716,Zimbabwe,571,'01316,"Mangoes, guavas and mangosteens",5539,Producer Price Index (2014-2016 = 100),2018,2018,7021,Annual value,,113.100000,E
ZWE,1991-01-01,1991-12-31,181,'716,Zimbabwe,867,'21111.01,"Meat of cattle with the bone, fresh or chilled",5530,Producer Price (LCU/tonne),1991,1991,7021,Annual value,LCU,3730.000000,A
ZWE,1992-01-01,1992-12-31,181,'716,Zimbabwe,867,'21111.01,"Meat of cattle with the bone, fresh or chilled",5530,Producer Price (LCU/tonne),1992,1992,7021,Annual value,LCU,3690.000000,A
ZWE,1993-01-01,1993-12-31,181,'716,Zimbabwe,867,'21111.01,"Meat of cattle with the bone, fresh or chilled",5530,Producer Price (LCU/tonne),1993,1993,7021,Annual value,LCU,4610.000000,A
ZWE,1991-01-01,1991-12-31,181,'716,Zimbabwe,867,'21111.01,"Meat of cattle with the bone, fresh or chilled",5531,Producer Price (SLC/tonne),1991,1991,7021,Annual value,SLC,10.300000,A
ZWE,1992-01-01,1992-12-31,181,'716,Zimbabwe,867,'21111.01,"Meat of cattle with the bone, fresh or chilled",5531,Producer Price (SLC/tonne),1992,1992,7021,Annual value,SLC,10.200000,A
ZWE,1993-01-01,1993-12-31,181,'716,Zimbabwe,867,'21111.01,"Meat of cattle with the bone, fresh or chilled",5531,Producer Price (SLC/tonne),1993,1993,7021,Annual value,SLC,12.700000,A
ZWE,1991-01-01,1991-12-31,181,'716,Zimbabwe,945,'21111.01b,"Meat of cattle with the bone, fresh or chilled (biological)",5530,Producer Price (LCU/tonne),1991,1991,7021,Annual value,LCU,1865.000000,A
ZWE,1992-01-01,1992-12-31,181,'716,Zimbabwe,945,'21111.01b,"Meat of cattle with the bone, fresh or chilled (biological)",5530,Producer Price (LCU/tonne),1992,1992,7021,Annual value,LCU,1845.000000,A
ZWE,1993-01-01,1993-12-31,181,'716,Zimbabwe,945,'21111.01b,"Meat of cattle with the bone, fresh or chilled (biological)",5530,Producer Price (LCU/tonne),1993,1993,7021,Annual value,LCU,2305.000000,A
ZWE,1994-01-01,1994-12-31,181,'716,Zimbabwe,945,'21111.01b,"Meat of cattle with the bone, fresh or chilled (biological)",5530,Producer Price (LCU/tonne),1994,1994,7021,Annual value,LCU,4148.000000,A
ZWE,1995-01-01,1995-12-31,181,'716,Zimbabwe,945,'21111.01b,"Meat of cattle with the bone, fresh or chilled (biological)",5530,Producer Price (LCU/tonne),1995,1995,7021,Annual value,LCU,5613.000000,A
ZWE,1996-01-01,1996-12-31,181,'716,Zimbabwe,945,'21111.01b,"Meat of cattle with the bone, fresh or chilled (biological)",5530,Producer Price (LCU/tonne),1996,1996,7021,Annual value,LCU,8575.000000,A
ZWE,1997-01-01,1997-12-31,181,'716,Zimbabwe,945,'21111.01b,"Meat of cattle with the bone, fresh or chilled (biological)",5530,Producer Price (LCU/tonne),1997,1997,7021,Annual value,LCU,8733.000000,A
ZWE,1998-01-01,1998-12-31,181,'716,Zimbabwe,945,'21111.01b,"Meat of cattle with the bone, fresh or chilled (biological)",5530,Producer Price (LCU/tonne),1998,1998,7021,Annual value,LCU,14223.000000,A
ZWE,1999-01-01,1999-12-31,181,'716,Zimbabwe,945,'21111.01b,"Meat of cattle with the bone, fresh or chilled (biological)",5530,Producer Price (LCU/tonne),1999,1999,7021,Annual value,LCU,34305.000000,A
ZWE,2000-01-01,2000-12-31,181,'716,Zimbabwe,945,'21111.01b,"Meat of cattle with the bone, fresh or chilled (biological)",5530,Producer Price (LCU/tonne),2000,2000,7021,Annual value,LCU,35087.000000,A
ZWE,2001-01-01,2001-12-31,181,'716,Zimbabwe,945,'21111.01b,"Meat of cattle with the bone, fresh or chilled (biological)",5530,Producer Price (LCU/tonne),2001,2001,7021,Annual value,LCU,44500.000000,A
ZWE,2002-01-01,2002-12-31,181,'716,Zimbabwe,945,'21111.01b,"Meat of cattle with the bone, fresh or chilled (biological)",5530,Producer Price (LCU/tonne),2002,2002,7021,Annual value,LCU,64500.000000,A
ZWE,2003-01-01,2003-12-31,181,'716,Zimbabwe,945,'21111.01b,"Meat of cattle with the bone, fresh or chilled (biological)",5530,Producer Price (LCU/tonne),2003,2003,7021,Annual value,LCU,558820.000000,A
ZWE,2014-01-01,2014-12-31,181,'716,Zimbabwe,945,'21111.01b,"Meat of cattle with the bone, fresh or chilled (biological)",5530,Producer Price (LCU/tonne),2014,2014,7021,Annual value,LCU,1114.200000,A
ZWE,2015-01-01,2015-12-31,181,'716,Zimbabwe,945,'21111.01b,"Meat of cattle with the bone, fresh or chilled (biological)",5530,Producer Price (LCU/tonne),2015,2015,7021,Annual value,LCU,1183.800000,A
ZWE,2016-01-01,2016-12-31,181,'716,Zimbabwe,945,'21111.01b,"Meat of cattle with the bone, fresh or chilled (biological)",5530,Producer Price (LCU/tonne),2016,2016,7021,Annual value,LCU,1114.200000,A
ZWE,2017-01-01,2017-12-31,181,'716,Zimbabwe,945,'21111.01b,"Meat of cattle with the bone, fresh or chilled (biological)",5530,Producer Price (LCU/tonne),2017,2017,7021,Annual value,LCU,974.900000,A
ZWE,2017-01-01,2017-01-31,181,'716,Zimbabwe,945,'21111.01b,"Meat of cattle with the bone, fresh or chilled (biological)",5530,Producer Price (LCU/tonne),2017,2017,7001,January,LCU,975.000000,A
ZWE,2017-02-01,2017-02-28,181,'716,Zimbabwe,945,'21111.01b,"Meat of cattle with the bone, fresh or chilled (biological)",5530,Producer Price (LCU/tonne),2017,2017,7002,February,LCU,975.000000,A
ZWE,2017-03-01,2017-03-31,181,'716,Zimbabwe,945,'21111.01b,"Meat of cattle with the bone, fresh or chilled (biological)",5530,Producer Price (LCU/tonne),2017,2017,7003,March,LCU,975.000000,A
ZWE,2017-04-01,2017-04-30,181,'716,Zimbabwe,945,'21111.01b,"Meat of cattle with the bone, fresh or chilled (biological)",5530,Producer Price (LCU/tonne),2017,2017,7004,April,LCU,975.000000,A
ZWE,2017-05-01,2017-05-31,181,'716,Zimbabwe,945,'21111.01b,"Meat of cattle with the bone, fresh or chilled (biological)",5530,Producer Price (LCU/tonne),2017,2017,7005,May,LCU,975.000000,A
ZWE,2017-06-01,2017-06-30,181,'716,Zimbabwe,945,'21111.01b,"Meat of cattle with the bone, fresh or chilled (biological)",5530,Producer Price (LCU/tonne),2017,2017,7006,June,LCU,975.000000,A
ZWE,2017-07-01,2017-07-31,181,'716,Zimbabwe,945,'21111.01b,"Meat of cattle with the bone, fresh or chilled (biological)",5530,Producer Price (LCU/tonne),2017,2017,7007,July,LCU,975.000000,A
ZWE,2017-08-01,2017-08-31,181,'716,Zimbabwe,945,'21111.01b,"Meat of cattle with the bone, fresh or chilled (biological)",5530,Producer Price (LCU/tonne),2017,2017,7008,August,LCU,975.000000,A
ZWE,2017-09-01,2017-09-30,181,'716,Zimbabwe,945,'21111.01b,"Meat of cattle with the bone, fresh or chilled (biological)",5530,Producer Price (LCU/tonne),2017,2017,7009,September,LCU,975.000000,A
ZWE,2017-10-01,2017-10-31,181,'716,Zimbabwe,945,'21111.01b,"Meat of cattle with the bone, fresh or chilled (biological)",5530,Producer Price (LCU/tonne),2017,2017,7010,October,LCU,975.000000,A
ZWE,2017-11-01,2017-11-30,181,'716,Zimbabwe,945,'21111.01b,"Meat of cattle with the bone, fresh or chilled (biological)",5530,Producer Price (LCU/tonne),2017,2017,7011,November,LCU,975.000000,A
ZWE,2017-12-01,2017-12-31,181,'716,Zimbabwe,945,'21111.01b,"Meat of cattle with the bone, fresh or chilled (biological)",5530,Producer Price (LCU/tonne),2017,2017,7012,December,LCU,975.000000,A
ZWE,2018-01-01,2018-01-31,181,'716,Zimbabwe,945,'21111.01b,"Meat of cattle with the bone, fresh or chilled (biological)",5530,Producer Price (LCU/tonne),2018,2018,7001,January,LCU,975.000000,A
ZWE,1991-01-01,1991-12-31,181,'716,Zimbabwe,945,'21111.01b,"Meat of cattle with the bone, fresh or chilled (biological)",5531,Producer Price (SLC/tonne),1991,1991,7021,Annual value,SLC,5.200000,A
ZWE,1992-01-01,1992-12-31,181,'716,Zimbabwe,945,'21111.01b,"Meat of cattle with the bone, fresh or chilled (biological)",5531,Producer Price (SLC/tonne),1992,1992,7021,Annual value,SLC,5.100000,A
ZWE,1993-01-01,1993-12-31,181,'716,Zimbabwe,945,'21111.01b,"Meat of cattle with the bone, fresh or chilled (biological)",5531,Producer Price (SLC/tonne),1993,1993,7021,Annual value,SLC,6.400000,A
ZWE,1994-01-01,1994-12-31,181,'716,Zimbabwe,945,'21111.01b,"Meat of cattle with the bone, fresh or chilled (biological)",5531,Producer Price (SLC/tonne),1994,1994,7021,Annual value,SLC,11.500000,A
ZWE,1995-01-01,1995-12-31,181,'716,Zimbabwe,945,'21111.01b,"Meat of cattle with the bone, fresh or chilled (biological)",5531,Producer Price (SLC/tonne),1995,1995,7021,Annual value,SLC,15.500000,A
ZWE,1996-01-01,1996-12-31,181,'716,Zimbabwe,945,'21111.01b,"Meat of cattle with the bone, fresh or chilled (biological)",5531,Producer Price (SLC/tonne),1996,1996,7021,Annual value,SLC,23.700000,A
ZWE,1997-01-01,1997-12-31,181,'716,Zimbabwe,945,'21111.01b,"Meat of cattle with the bone, fresh or chilled (biological)",5531,Producer Price (SLC/tonne),1997,1997,7021,Annual value,SLC,24.100000,A
ZWE,1998-01-01,1998-12-31,181,'716,Zimbabwe,945,'21111.01b,"Meat of cattle with the bone, fresh or chilled (biological)",5531,Producer Price (SLC/tonne),1998,1998,7021,Annual value,SLC,39.300000,A
ZWE,1999-01-01,1999-12-31,181,'716,Zimbabwe,945,'21111.01b,"Meat of cattle with the bone, fresh or chilled (biological)",5531,Producer Price (SLC/tonne),1999,1999,7021,Annual value,SLC,94.800000,A
ZWE,2000-01-01,2000-12-31,181,'716,Zimbabwe,945,'21111.01b,"Meat of cattle with the bone, fresh or chilled (biological)",5531,Producer Price (SLC/tonne),2000,2000,7021,Annual value,SLC,97.000000,A
ZWE,2001-01-01,2001-12-31,181,'716,Zimbabwe,945,'21111.01b,"Meat of cattle with the bone, fresh or chilled (biological)",5531,Producer Price (SLC/tonne),2001,2001,7021,Annual value,SLC,123.000000,A
ZWE,2002-01-01,2002-12-31,181,'716,Zimbabwe,945,'21111.01b,"Meat of cattle with the bone, fresh or chilled (biological)",5531,Producer Price (SLC/tonne),2002,2002,7021,Annual value,SLC,178.200000,A
ZWE,2003-01-01,2003-12-31,181,'716,Zimbabwe,945,'21111.01b,"Meat of cattle with the bone, fresh or chilled (biological)",5531,Producer Price (SLC/tonne),2003,2003,7021,Annual value,SLC,1544.100000,A
ZWE,2014-01-01,2014-12-31,181,'716,Zimbabwe,945,'21111.01b,"Meat of cattle with the bone, fresh or chilled (biological)",5531,Producer Price (SLC/tonne),2014,2014,7021,Annual value,SLC,1114.200000,A
ZWE,2015-01-01,2015-12-31,181,'716,Zimbabwe,945,'21111.01b,"Meat of cattle with the bone, fresh or chilled (biological)",5531,Producer Price (SLC/tonne),2015,2015,7021,Annual value,SLC,1183.800000,A
ZWE,2016-01-01,2016-12-31,181,'716,Zimbabwe,945,'21111.01b,"Meat of cattle with the bone, fresh or chilled (biological)",5531,Producer Price (SLC/tonne),2016,2016,7021,Annual value,SLC,1114.200000,A
ZWE,2017-01-01,2017-12-31,181,'716,Zimbabwe,945,'21111.01b,"Meat of cattle with the bone, fresh or chilled (biological)",5531,Producer Price (SLC/tonne),2017,2017,7021,Annual value,SLC,974.900000,A
ZWE,2018-01-01,2018-12-31,181,'716,Zimbabwe,945,'21111.01b,"Meat of cattle with the bone, fresh or chilled (biological)",5531,Producer Price (SLC/tonne),2018,2018,7021,Annual value,SLC,1070.700000,A
ZWE,2014-01-01,2014-12-31,181,'716,Zimbabwe,945,'21111.01b,"Meat of cattle with the bone, fresh or chilled (biological)",5532,Producer Price (USD/tonne),2014,2014,7021,Annual value,USD,1114.200000,A
ZWE,2015-01-01,2015-12-31,181,'716,Zimbabwe,945,'21111.01b,"Meat of cattle with the bone, fresh or chilled (biological)",5532,Producer Price (USD/tonne),2015,2015,7021,Annual value,USD,1183.800000,A
ZWE,2016-01-01,2016-12-31,181,'716,Zimbabwe,945,'21111.01b,"Meat of cattle with the bone, fresh or chilled (biological)",5532,Producer Price (USD/tonne),2016,2016,7021,Annual value,USD,1114.200000,A
ZWE,2017-01-01,2017-12-31,181,'716,Zimbabwe,945,'21111.01b,"Meat of cattle with the bone, fresh or chilled (biological)",5532,Producer Price (USD/tonne),2017,2017,7021,Annual value,USD,974.900000,A
ZWE,1991-01-01,1991-12-31,181,'716,Zimbabwe,945,'21111.01b,"Meat of cattle with the bone, fresh or chilled (biological)",5539,Producer Price Index (2014-2016 = 100),1991,1991,7021,Annual value,,0.450000,E
ZWE,1992-01-01,1992-12-31,181,'716,Zimbabwe,945,'21111.01b,"Meat of cattle with the bone, fresh or chilled (biological)",5539,Producer Price Index (2014-2016 = 100),1992,1992,7021,Annual value,,0.450000,E
ZWE,1993-01-01,1993-12-31,181,'716,Zimbabwe,945,'21111.01b,"Meat of cattle with the bone, fresh or chilled (biological)",5539,Producer Price Index (2014-2016 = 100),1993,1993,7021,Annual value,,0.560000,E
ZWE,1994-01-01,1994-12-31,181,'716,Zimbabwe,945,'21111.01b,"Meat of cattle with the bone, fresh or chilled (biological)",5539,Producer Price Index (2014-2016 = 100),1994,1994,7021,Annual value,,1.010000,E
ZWE,1995-01-01,1995-12-31,181,'716,Zimbabwe,945,'21111.01b,"Meat of cattle with the bone, fresh or chilled (biological)",5539,Producer Price Index (2014-2016 = 100),1995,1995,7021,Annual value,,1.360000,E
ZWE,1996-01-01,1996-12-31,181,'716,Zimbabwe,945,'21111.01b,"Meat of cattle with the bone, fresh or chilled (biological)",5539,Producer Price Index (2014-2016 = 100),1996,1996,7021,Annual value,,2.080000,E
ZWE,1997-01-01,1997-12-31,181,'716,Zimbabwe,945,'21111.01b,"Meat of cattle with the bone, fresh or chilled (biological)",5539,Producer Price Index (2014-2016 = 100),1997,1997,7021,Annual value,,2.120000,E
ZWE,1998-01-01,1998-12-31,181,'716,Zimbabwe,945,'21111.01b,"Meat of cattle with the bone, fresh or chilled (biological)",5539,Producer Price Index (2014-2016 = 100),1998,1998,7021,Annual value,,3.460000,E
ZWE,1999-01-01,1999-12-31,181,'716,Zimbabwe,945,'21111.01b,"Meat of cattle with the bone, fresh or chilled (biological)",5539,Producer Price Index (2014-2016 = 100),1999,1999,7021,Annual value,,8.330000,E
ZWE,2000-01-01,2000-12-31,181,'716,Zimbabwe,945,'21111.01b,"Meat of cattle with the bone, fresh or chilled (biological)",5539,Producer Price Index (2014-2016 = 100),2000,2000,7021,Annual value,,8.520000,E
ZWE,2001-01-01,2001-12-31,181,'716,Zimbabwe,945,'21111.01b,"Meat of cattle with the bone, fresh or chilled (biological)",5539,Producer Price Index (2014-2016 = 100),2001,2001,7021,Annual value,,10.810000,E
ZWE,2002-01-01,2002-12-31,181,'716,Zimbabwe,945,'21111.01b,"Meat of cattle with the bone, fresh or chilled (biological)",5539,Producer Price Index (2014-2016 = 100),2002,2002,7021,Annual value,,15.670000,E
ZWE,2003-01-01,2003-12-31,181,'716,Zimbabwe,945,'21111.01b,"Meat of cattle with the bone, fresh or chilled (biological)",5539,Producer Price Index (2014-2016 = 100),2003,2003,7021,Annual value,,135.760000,E
ZWE,2004-01-01,2004-12-31,181,'716,Zimbabwe,945,'21111.01b,"Meat of cattle with the bone, fresh or chilled (biological)",5539,Producer Price Index (2014-2016 = 100),2004,2004,7021,Annual value,,526.500000,E
ZWE,2005-01-01,2005-12-31,181,'716,Zimbabwe,945,'21111.01b,"Meat of cattle with the bone, fresh or chilled (biological)",5539,Producer Price Index (2014-2016 = 100),2005,2005,7021,Annual value,,1927.070000,E
ZWE,2006-01-01,2006-12-31,181,'716,Zimbabwe,945,'21111.01b,"Meat of cattle with the bone, fresh or chilled (biological)",5539,Producer Price Index (2014-2016 = 100),2006,2006,7021,Annual value,,26831.220000,E
ZWE,2007-01-01,2007-12-31,181,'716,Zimbabwe,945,'21111.01b,"Meat of cattle with the bone, fresh or chilled (biological)",5539,Producer Price Index (2014-2016 = 100),2007,2007,7021,Annual value,,70193.310000,E
ZWE,2014-01-01,2014-12-31,181,'716,Zimbabwe,945,'21111.01b,"Meat of cattle with the bone, fresh or chilled (biological)",5539,Producer Price Index (2014-2016 = 100),2014,2014,7021,Annual value,,97.960000,E
ZWE,2015-01-01,2015-12-31,181,'716,Zimbabwe,945,'21111.01b,"Meat of cattle with the bone, fresh or chilled (biological)",5539,Producer Price Index (2014-2016 = 100),2015,2015,7021,Annual value,,104.080000,E
ZWE,2016-01-01,2016-12-31,181,'716,Zimbabwe,945,'21111.01b,"Meat of cattle with the bone, fresh or chilled (biological)",5539,Producer Price Index (2014-2016 = 100),2016,2016,7021,Annual value,,97.960000,E
ZWE,2017-01-01,2017-12-31,181,'716,Zimbabwe,945,'21111.01b,"Meat of cattle with the bone, fresh or chilled (biological)",5539,Producer Price Index (2014-2016 = 100),2017,2017,7021,Annual value,,85.710000,E
ZWE,2018-01-01,2018-12-31,181,'716,Zimbabwe,945,'21111.01b,"Meat of cattle with the bone, fresh or chilled (biological)",5539,Producer Price Index (2014-2016 = 100),2018,2018,7021,Annual value,,94.130000,E
ZWE,1997-01-01,1997-12-31,181,'716,Zimbabwe,1095,'21121b,"Meat of chickens, fresh or chilled (biological)",5530,Producer Price (LCU/tonne),1997,1997,7021,Annual value,LCU,16250.000000,A
ZWE,1998-01-01,1998-12-31,181,'716,Zimbabwe,1095,'21121b,"Meat of chickens, fresh or chilled (biological)",5530,Producer Price (LCU/tonne),1998,1998,7021,Annual value,LCU,24231.000000,A
ZWE,1999-01-01,1999-12-31,181,'716,Zimbabwe,1095,'21121b,"Meat of chickens, fresh or chilled (biological)",5530,Producer Price (LCU/tonne),1999,1999,7021,Annual value,LCU,37990.000000,A
ZWE,2000-01-01,2000-12-31,181,'716,Zimbabwe,1095,'21121b,"Meat of chickens, fresh or chilled (biological)",5530,Producer Price (LCU/tonne),2000,2000,7021,Annual value,LCU,52400.000000,A
ZWE,2001-01-01,2001-12-31,181,'716,Zimbabwe,1095,'21121b,"Meat of chickens, fresh or chilled (biological)",5530,Producer Price (LCU/tonne),2001,2001,7021,Annual value,LCU,125760.000000,A
ZWE,2002-01-01,2002-12-31,181,'716,Zimbabwe,1095,'21121b,"Meat of chickens, fresh or chilled (biological)",5530,Producer Price (LCU/tonne),2002,2002,7021,Annual value,LCU,613735.000000,A
ZWE,2003-01-01,2003-12-31,181,'716,Zimbabwe,1095,'21121b,"Meat of chickens, fresh or chilled (biological)",5530,Producer Price (LCU/tonne),2003,2003,7021,Annual value,LCU,6116390.000000,A
ZWE,2014-01-01,2014-12-31,181,'716,Zimbabwe,1095,'21121b,"Meat of chickens, fresh or chilled (biological)",5530,Producer Price (LCU/tonne),2014,2014,7021,Annual value,LCU,4333.300000,A
ZWE,2015-01-01,2015-12-31,181,'716,Zimbabwe,1095,'21121b,"Meat of chickens, fresh or chilled (biological)",5530,Producer Price (LCU/tonne),2015,2015,7021,Annual value,LCU,4000.000000,A
ZWE,2016-01-01,2016-12-31,181,'716,Zimbabwe,1095,'21121b,"Meat of chickens, fresh or chilled (biological)",5530,Producer Price (LCU/tonne),2016,2016,7021,Annual value,LCU,4000.000000,A
ZWE,2017-01-01,2017-12-31,181,'716,Zimbabwe,1095,'21121b,"Meat of chickens, fresh or chilled (biological)",5530,Producer Price (LCU/tonne),2017,2017,7021,Annual value,LCU,4000.000000,A
ZWE,2017-01-01,2017-01-31,181,'716,Zimbabwe,1095,'21121b,"Meat of chickens, fresh or chilled (biological)",5530,Producer Price (LCU/tonne),2017,2017,7001,January,LCU,4000.000000,A
ZWE,2017-02-01,2017-02-28,181,'716,Zimbabwe,1095,'21121b,"Meat of chickens, fresh or chilled (biological)",5530,Producer Price (LCU/tonne),2017,2017,7002,February,LCU,4000.000000,A
ZWE,2017-03-01,2017-03-31,181,'716,Zimbabwe,1095,'21121b,"Meat of chickens, fresh or chilled (biological)",5530,Producer Price (LCU/tonne),2017,2017,7003,March,LCU,4000.000000,A
ZWE,2017-04-01,2017-04-30,181,'716,Zimbabwe,1095,'21121b,"Meat of chickens, fresh or chilled (biological)",5530,Producer Price (LCU/tonne),2017,2017,7004,April,LCU,4000.000000,A
ZWE,2017-05-01,2017-05-31,181,'716,Zimbabwe,1095,'21121b,"Meat of chickens, fresh or chilled (biological)",5530,Producer Price (LCU/tonne),2017,2017,7005,May,LCU,4000.000000,A
ZWE,2017-06-01,2017-06-30,181,'716,Zimbabwe,1095,'21121b,"Meat of chickens, fresh or chilled (biological)",5530,Producer Price (LCU/tonne),2017,2017,7006,June,LCU,4000.000000,A
ZWE,2017-07-01,2017-07-31,181,'716,Zimbabwe,1095,'21121b,"Meat of chickens, fresh or chilled (biological)",5530,Producer Price (LCU/tonne),2017,2017,7007,July,LCU,4000.000000,A
ZWE,2017-08-01,2017-08-31,181,'716,Zimbabwe,1095,'21121b,"Meat of chickens, fresh or chilled (biological)",5530,Producer Price (LCU/tonne),2017,2017,7008,August,LCU,4000.000000,A
ZWE,2017-09-01,2017-09-30,181,'716,Zimbabwe,1095,'21121b,"Meat of chickens, fresh or chilled (biological)",5530,Producer Price (LCU/tonne),2017,2017,7009,September,LCU,4000.000000,A
ZWE,2017-10-01,2017-10-31,181,'716,Zimbabwe,1095,'21121b,"Meat of chickens, fresh or chilled (biological)",5530,Producer Price (LCU/tonne),2017,2017,7010,October,LCU,4000.000000,A
ZWE,2017-11-01,2017-11-30,181,'716,Zimbabwe,1095,'21121b,"Meat of chickens, fresh or chilled (biological)",5530,Producer Price (LCU/tonne),2017,2017,7011,November,LCU,4000.000000,A
ZWE,2017-12-01,2017-12-31,181,'716,Zimbabwe,1095,'21121b,"Meat of chickens, fresh or chilled (biological)",5530,Producer Price (LCU/tonne),2017,2017,7012,December,LCU,4000.000000,A
ZWE,2018-01-01,2018-12-31,181,'716,Zimbabwe,1095,'21121b,"Meat of chickens, fresh or chilled (biological)",5530,Producer Price (LCU/tonne),2018,2018,7021,Annual value,LCU,4666.700000,A
ZWE,2018-01-01,2018-01-31,181,'716,Zimbabwe,1095,'21121b,"Meat of chickens, fresh or chilled (biological)",5530,Producer Price (LCU/tonne),2018,2018,7001,January,LCU,4667.000000,A
ZWE,1997-01-01,1997-12-31,181,'716,Zimbabwe,1095,'21121b,"Meat of chickens, fresh or chilled (biological)",5531,Producer Price (SLC/tonne),1997,1997,7021,Annual value,SLC,44.900000,A
ZWE,1998-01-01,1998-12-31,181,'716,Zimbabwe,1095,'21121b,"Meat of chickens, fresh or chilled (biological)",5531,Producer Price (SLC/tonne),1998,1998,7021,Annual value,SLC,67.000000,A
ZWE,1999-01-01,1999-12-31,181,'716,Zimbabwe,1095,'21121b,"Meat of chickens, fresh or chilled (biological)",5531,Producer Price (SLC/tonne),1999,1999,7021,Annual value,SLC,105.000000,A
ZWE,2000-01-01,2000-12-31,181,'716,Zimbabwe,1095,'21121b,"Meat of chickens, fresh or chilled (biological)",5531,Producer Price (SLC/tonne),2000,2000,7021,Annual value,SLC,144.800000,A
ZWE,2001-01-01,2001-12-31,181,'716,Zimbabwe,1095,'21121b,"Meat of chickens, fresh or chilled (biological)",5531,Producer Price (SLC/tonne),2001,2001,7021,Annual value,SLC,347.500000,A
ZWE,2002-01-01,2002-12-31,181,'716,Zimbabwe,1095,'21121b,"Meat of chickens, fresh or chilled (biological)",5531,Producer Price (SLC/tonne),2002,2002,7021,Annual value,SLC,1695.900000,A
ZWE,2003-01-01,2003-12-31,181,'716,Zimbabwe,1095,'21121b,"Meat of chickens, fresh or chilled (biological)",5531,Producer Price (SLC/tonne),2003,2003,7021,Annual value,SLC,16900.800000,A
ZWE,2014-01-01,2014-12-31,181,'716,Zimbabwe,1095,'21121b,"Meat of chickens, fresh or chilled (biological)",5531,Producer Price (SLC/tonne),2014,2014,7021,Annual value,SLC,4333.300000,A
ZWE,2015-01-01,2015-12-31,181,'716,Zimbabwe,1095,'21121b,"Meat of chickens, fresh or chilled (biological)",5531,Producer Price (SLC/tonne),2015,2015,7021,Annual value,SLC,4000.000000,A
ZWE,2016-01-01,2016-12-31,181,'716,Zimbabwe,1095,'21121b,"Meat of chickens, fresh or chilled (biological)",5531,Producer Price (SLC/tonne),2016,2016,7021,Annual value,SLC,4000.000000,A
ZWE,2017-01-01,2017-12-31,181,'716,Zimbabwe,1095,'21121b,"Meat of chickens, fresh or chilled (biological)",5531,Producer Price (SLC/tonne),2017,2017,7021,Annual value,SLC,4000.000000,A
ZWE,2018-01-01,2018-12-31,181,'716,Zimbabwe,1095,'21121b,"Meat of chickens, fresh or chilled (biological)",5531,Producer Price (SLC/tonne),2018,2018,7021,Annual value,SLC,4666.700000,A
ZWE,2014-01-01,2014-12-31,181,'716,Zimbabwe,1095,'21121b,"Meat of chickens, fresh or chilled (biological)",5532,Producer Price (USD/tonne),2014,2014,7021,Annual value,USD,4333.300000,A
ZWE,2015-01-01,2015-12-31,181,'716,Zimbabwe,1095,'21121b,"Meat of chickens, fresh or chilled (biological)",5532,Producer Price (USD/tonne),2015,2015,7021,Annual value,USD,4000.000000,A
ZWE,2016-01-01,2016-12-31,181,'716,Zimbabwe,1095,'21121b,"Meat of chickens, fresh or chilled (biological)",5532,Producer Price (USD/tonne),2016,2016,7021,Annual value,USD,4000.000000,A
ZWE,2017-01-01,2017-12-31,181,'716,Zimbabwe,1095,'21121b,"Meat of chickens, fresh or chilled (biological)",5532,Producer Price (USD/tonne),2017,2017,7021,Annual value,USD,4000.000000,A
ZWE,2018-01-01,2018-12-31,181,'716,Zimbabwe,1095,'21121b,"Meat of chickens, fresh or chilled (biological)",5532,Producer Price (USD/tonne),2018,2018,7021,Annual value,USD,4666.700000,A
ZWE,1991-01-01,1991-12-31,181,'716,Zimbabwe,1095,'21121b,"Meat of chickens, fresh or chilled (biological)",5539,Producer Price Index (2014-2016 = 100),1991,1991,7021,Annual value,,0.220000,E
ZWE,1992-01-01,1992-12-31,181,'716,Zimbabwe,1095,'21121b,"Meat of chickens, fresh or chilled (biological)",5539,Producer Price Index (2014-2016 = 100),1992,1992,7021,Annual value,,0.300000,E
ZWE,1993-01-01,1993-12-31,181,'716,Zimbabwe,1095,'21121b,"Meat of chickens, fresh or chilled (biological)",5539,Producer Price Index (2014-2016 = 100),1993,1993,7021,Annual value,,0.480000,E
ZWE,1994-01-01,1994-12-31,181,'716,Zimbabwe,1095,'21121b,"Meat of chickens, fresh or chilled (biological)",5539,Producer Price Index (2014-2016 = 100),1994,1994,7021,Annual value,,0.610000,E
ZWE,1995-01-01,1995-12-31,181,'716,Zimbabwe,1095,'21121b,"Meat of chickens, fresh or chilled (biological)",5539,Producer Price Index (2014-2016 = 100),1995,1995,7021,Annual value,,0.730000,E
ZWE,1996-01-01,1996-12-31,181,'716,Zimbabwe,1095,'21121b,"Meat of chickens, fresh or chilled (biological)",5539,Producer Price Index (2014-2016 = 100),1996,1996,7021,Annual value,,0.910000,E
ZWE,1997-01-01,1997-12-31,181,'716,Zimbabwe,1095,'21121b,"Meat of chickens, fresh or chilled (biological)",5539,Producer Price Index (2014-2016 = 100),1997,1997,7021,Annual value,,1.090000,E
ZWE,1998-01-01,1998-12-31,181,'716,Zimbabwe,1095,'21121b,"Meat of chickens, fresh or chilled (biological)",5539,Producer Price Index (2014-2016 = 100),1998,1998,7021,Annual value,,1.630000,E
ZWE,1999-01-01,1999-12-31,181,'716,Zimbabwe,1095,'21121b,"Meat of chickens, fresh or chilled (biological)",5539,Producer Price Index (2014-2016 = 100),1999,1999,7021,Annual value,,2.550000,E
ZWE,2000-01-01,2000-12-31,181,'716,Zimbabwe,1095,'21121b,"Meat of chickens, fresh or chilled (biological)",5539,Producer Price Index (2014-2016 = 100),2000,2000,7021,Annual value,,3.520000,E
ZWE,2001-01-01,2001-12-31,181,'716,Zimbabwe,1095,'21121b,"Meat of chickens, fresh or chilled (biological)",5539,Producer Price Index (2014-2016 = 100),2001,2001,7021,Annual value,,8.450000,E
ZWE,2002-01-01,2002-12-31,181,'716,Zimbabwe,1095,'21121b,"Meat of chickens, fresh or chilled (biological)",5539,Producer Price Index (2014-2016 = 100),2002,2002,7021,Annual value,,41.250000,E
ZWE,2003-01-01,2003-12-31,181,'716,Zimbabwe,1095,'21121b,"Meat of chickens, fresh or chilled (biological)",5539,Producer Price Index (2014-2016 = 100),2003,2003,7021,Annual value,,411.100000,E
ZWE,2004-01-01,2004-12-31,181,'716,Zimbabwe,1095,'21121b,"Meat of chickens, fresh or chilled (biological)",5539,Producer Price Index (2014-2016 = 100),2004,2004,7021,Annual value,,1594.360000,E
ZWE,2005-01-01,2005-12-31,181,'716,Zimbabwe,1095,'21121b,"Meat of chickens, fresh or chilled (biological)",5539,Producer Price Index (2014-2016 = 100),2005,2005,7021,Annual value,,5835.550000,E
ZWE,2006-01-01,2006-12-31,181,'716,Zimbabwe,1095,'21121b,"Meat of chickens, fresh or chilled (biological)",5539,Producer Price Index (2014-2016 = 100),2006,2006,7021,Annual value,,81250.280000,E
ZWE,2007-01-01,2007-12-31,181,'716,Zimbabwe,1095,'21121b,"Meat of chickens, fresh or chilled (biological)",5539,Producer Price Index (2014-2016 = 100),2007,2007,7021,Annual value,,283660.580000,E
ZWE,2014-01-01,2014-12-31,181,'716,Zimbabwe,1095,'21121b,"Meat of chickens, fresh or chilled (biological)",5539,Producer Price Index (2014-2016 = 100),2014,2014,7021,Annual value,,105.410000,E
ZWE,2015-01-01,2015-12-31,181,'716,Zimbabwe,1095,'21121b,"Meat of chickens, fresh or chilled (biological)",5539,Producer Price Index (2014-2016 = 100),2015,2015,7021,Annual value,,97.300000,E
ZWE,2016-01-01,2016-12-31,181,'716,Zimbabwe,1095,'21121b,"Meat of chickens, fresh or chilled (biological)",5539,Producer Price Index (2014-2016 = 100),2016,2016,7021,Annual value,,97.300000,E
ZWE,2017-01-01,2017-12-31,181,'716,Zimbabwe,1095,'21121b,"Meat of chickens, fresh or chilled (biological)",5539,Producer Price Index (2014-2016 = 100),2017,2017,7021,Annual value,,97.300000,E
ZWE,2018-01-01,2018-12-31,181,'716,Zimbabwe,1095,'21121b,"Meat of chickens, fresh or chilled (biological)",5539,Producer Price Index (2014-2016 = 100),2018,2018,7021,Annual value,,113.510000,E
ZWE,1991-01-01,1991-12-31,181,'716,Zimbabwe,1017,'21116,"Meat of goat, fresh or chilled",5530,Producer Price (LCU/tonne),1991,1991,7021,Annual value,LCU,4182.000000,A
ZWE,1992-01-01,1992-12-31,181,'716,Zimbabwe,1017,'21116,"Meat of goat, fresh or chilled",5530,Producer Price (LCU/tonne),1992,1992,7021,Annual value,LCU,4700.000000,A
ZWE,1991-01-01,1991-12-31,181,'716,Zimbabwe,1017,'21116,"Meat of goat, fresh or chilled",5531,Producer Price (SLC/tonne),1991,1991,7021,Annual value,SLC,11.600000,A
ZWE,1992-01-01,1992-12-31,181,'716,Zimbabwe,1017,'21116,"Meat of goat, fresh or chilled",5531,Producer Price (SLC/tonne),1992,1992,7021,Annual value,SLC,13.000000,A
ZWE,1991-01-01,1991-12-31,181,'716,Zimbabwe,1033,'21116b,"Meat of goat, fresh or chilled (biological)",5530,Producer Price (LCU/tonne),1991,1991,7021,Annual value,LCU,2091.000000,A
ZWE,1992-01-01,1992-12-31,181,'716,Zimbabwe,1033,'21116b,"Meat of goat, fresh or chilled (biological)",5530,Producer Price (LCU/tonne),1992,1992,7021,Annual value,LCU,2350.000000,A
ZWE,1993-01-01,1993-12-31,181,'716,Zimbabwe,1033,'21116b,"Meat of goat, fresh or chilled (biological)",5530,Producer Price (LCU/tonne),1993,1993,7021,Annual value,LCU,1800.000000,A
ZWE,1994-01-01,1994-12-31,181,'716,Zimbabwe,1033,'21116b,"Meat of goat, fresh or chilled (biological)",5530,Producer Price (LCU/tonne),1994,1994,7021,Annual value,LCU,2200.000000,A
ZWE,1995-01-01,1995-12-31,181,'716,Zimbabwe,1033,'21116b,"Meat of goat, fresh or chilled (biological)",5530,Producer Price (LCU/tonne),1995,1995,7021,Annual value,LCU,2600.000000,A
ZWE,1996-01-01,1996-12-31,181,'716,Zimbabwe,1033,'21116b,"Meat of goat, fresh or chilled (biological)",5530,Producer Price (LCU/tonne),1996,1996,7021,Annual value,LCU,2800.000000,A
ZWE,1997-01-01,1997-12-31,181,'716,Zimbabwe,1033,'21116b,"Meat of goat, fresh or chilled (biological)",5530,Producer Price (LCU/tonne),1997,1997,7021,Annual value,LCU,3400.000000,A
ZWE,1998-01-01,1998-12-31,181,'716,Zimbabwe,1033,'21116b,"Meat of goat, fresh or chilled (biological)",5530,Producer Price (LCU/tonne),1998,1998,7021,Annual value,LCU,3800.000000,A
ZWE,1999-01-01,1999-12-31,181,'716,Zimbabwe,1033,'21116b,"Meat of goat, fresh or chilled (biological)",5530,Producer Price (LCU/tonne),1999,1999,7021,Annual value,LCU,4000.000000,A
ZWE,2000-01-01,2000-12-31,181,'716,Zimbabwe,1033,'21116b,"Meat of goat, fresh or chilled (biological)",5530,Producer Price (LCU/tonne),2000,2000,7021,Annual value,LCU,24000.000000,A
ZWE,2001-01-01,2001-12-31,181,'716,Zimbabwe,1033,'21116b,"Meat of goat, fresh or chilled (biological)",5530,Producer Price (LCU/tonne),2001,2001,7021,Annual value,LCU,34200.000000,A
ZWE,2002-01-01,2002-12-31,181,'716,Zimbabwe,1033,'21116b,"Meat of goat, fresh or chilled (biological)",5530,Producer Price (LCU/tonne),2002,2002,7021,Annual value,LCU,500000.000000,A
ZWE,2003-01-01,2003-12-31,181,'716,Zimbabwe,1033,'21116b,"Meat of goat, fresh or chilled (biological)",5530,Producer Price (LCU/tonne),2003,2003,7021,Annual value,LCU,540000.000000,A
ZWE,2014-01-01,2014-12-31,181,'716,Zimbabwe,1033,'21116b,"Meat of goat, fresh or chilled (biological)",5530,Producer Price (LCU/tonne),2014,2014,7021,Annual value,LCU,1458.300000,A
ZWE,2015-01-01,2015-12-31,181,'716,Zimbabwe,1033,'21116b,"Meat of goat, fresh or chilled (biological)",5530,Producer Price (LCU/tonne),2015,2015,7021,Annual value,LCU,1250.000000,A
ZWE,2016-01-01,2016-12-31,181,'716,Zimbabwe,1033,'21116b,"Meat of goat, fresh or chilled (biological)",5530,Producer Price (LCU/tonne),2016,2016,7021,Annual value,LCU,1250.000000,A
ZWE,2017-01-01,2017-12-31,181,'716,Zimbabwe,1033,'21116b,"Meat of goat, fresh or chilled (biological)",5530,Producer Price (LCU/tonne),2017,2017,7021,Annual value,LCU,1250.000000,A
ZWE,2017-01-01,2017-01-31,181,'716,Zimbabwe,1033,'21116b,"Meat of goat, fresh or chilled (biological)",5530,Producer Price (LCU/tonne),2017,2017,7001,January,LCU,1250.000000,A
ZWE,2017-02-01,2017-02-28,181,'716,Zimbabwe,1033,'21116b,"Meat of goat, fresh or chilled (biological)",5530,Producer Price (LCU/tonne),2017,2017,7002,February,LCU,1250.000000,A
ZWE,2017-03-01,2017-03-31,181,'716,Zimbabwe,1033,'21116b,"Meat of goat, fresh or chilled (biological)",5530,Producer Price (LCU/tonne),2017,2017,7003,March,LCU,1250.000000,A
ZWE,2017-04-01,2017-04-30,181,'716,Zimbabwe,1033,'21116b,"Meat of goat, fresh or chilled (biological)",5530,Producer Price (LCU/tonne),2017,2017,7004,April,LCU,1250.000000,A
ZWE,2017-05-01,2017-05-31,181,'716,Zimbabwe,1033,'21116b,"Meat of goat, fresh or chilled (biological)",5530,Producer Price (LCU/tonne),2017,2017,7005,May,LCU,1250.000000,A
ZWE,2017-06-01,2017-06-30,181,'716,Zimbabwe,1033,'21116b,"Meat of goat, fresh or chilled (biological)",5530,Producer Price (LCU/tonne),2017,2017,7006,June,LCU,1250.000000,A
ZWE,2017-07-01,2017-07-31,181,'716,Zimbabwe,1033,'21116b,"Meat of goat, fresh or chilled (biological)",5530,Producer Price (LCU/tonne),2017,2017,7007,July,LCU,1250.000000,A
ZWE,2017-08-01,2017-08-31,181,'716,Zimbabwe,1033,'21116b,"Meat of goat, fresh or chilled (biological)",5530,Producer Price (LCU/tonne),2017,2017,7008,August,LCU,1250.000000,A
ZWE,2017-09-01,2017-09-30,181,'716,Zimbabwe,1033,'21116b,"Meat of goat, fresh or chilled (biological)",5530,Producer Price (LCU/tonne),2017,2017,7009,September,LCU,1250.000000,A
ZWE,2017-10-01,2017-10-31,181,'716,Zimbabwe,1033,'21116b,"Meat of goat, fresh or chilled (biological)",5530,Producer Price (LCU/tonne),2017,2017,7010,October,LCU,1250.000000,A
ZWE,2017-11-01,2017-11-30,181,'716,Zimbabwe,1033,'21116b,"Meat of goat, fresh or chilled (biological)",5530,Producer Price (LCU/tonne),2017,2017,7011,November,LCU,1250.000000,A
ZWE,2017-12-01,2017-12-31,181,'716,Zimbabwe,1033,'21116b,"Meat of goat, fresh or chilled (biological)",5530,Producer Price (LCU/tonne),2017,2017,7012,December,LCU,1250.000000,A
ZWE,2018-01-01,2018-12-31,181,'716,Zimbabwe,1033,'21116b,"Meat of goat, fresh or chilled (biological)",5530,Producer Price (LCU/tonne),2018,2018,7021,Annual value,LCU,1250.000000,A
ZWE,2018-01-01,2018-01-31,181,'716,Zimbabwe,1033,'21116b,"Meat of goat, fresh or chilled (biological)",5530,Producer Price (LCU/tonne),2018,2018,7001,January,LCU,1667.000000,A
ZWE,1991-01-01,1991-12-31,181,'716,Zimbabwe,1033,'21116b,"Meat of goat, fresh or chilled (biological)",5531,Producer Price (SLC/tonne),1991,1991,7021,Annual value,SLC,5.800000,A
ZWE,1992-01-01,1992-12-31,181,'716,Zimbabwe,1033,'21116b,"Meat of goat, fresh or chilled (biological)",5531,Producer Price (SLC/tonne),1992,1992,7021,Annual value,SLC,6.500000,A
ZWE,1993-01-01,1993-12-31,181,'716,Zimbabwe,1033,'21116b,"Meat of goat, fresh or chilled (biological)",5531,Producer Price (SLC/tonne),1993,1993,7021,Annual value,SLC,5.000000,A
ZWE,1994-01-01,1994-12-31,181,'716,Zimbabwe,1033,'21116b,"Meat of goat, fresh or chilled (biological)",5531,Producer Price (SLC/tonne),1994,1994,7021,Annual value,SLC,6.100000,A
ZWE,1995-01-01,1995-12-31,181,'716,Zimbabwe,1033,'21116b,"Meat of goat, fresh or chilled (biological)",5531,Producer Price (SLC/tonne),1995,1995,7021,Annual value,SLC,7.200000,A
ZWE,1996-01-01,1996-12-31,181,'716,Zimbabwe,1033,'21116b,"Meat of goat, fresh or chilled (biological)",5531,Producer Price (SLC/tonne),1996,1996,7021,Annual value,SLC,7.700000,A
ZWE,1997-01-01,1997-12-31,181,'716,Zimbabwe,1033,'21116b,"Meat of goat, fresh or chilled (biological)",5531,Producer Price (SLC/tonne),1997,1997,7021,Annual value,SLC,9.400000,A
ZWE,1998-01-01,1998-12-31,181,'716,Zimbabwe,1033,'21116b,"Meat of goat, fresh or chilled (biological)",5531,Producer Price (SLC/tonne),1998,1998,7021,Annual value,SLC,10.500000,A
ZWE,1999-01-01,1999-12-31,181,'716,Zimbabwe,1033,'21116b,"Meat of goat, fresh or chilled (biological)",5531,Producer Price (SLC/tonne),1999,1999,7021,Annual value,SLC,11.100000,A
ZWE,2000-01-01,2000-12-31,181,'716,Zimbabwe,1033,'21116b,"Meat of goat, fresh or chilled (biological)",5531,Producer Price (SLC/tonne),2000,2000,7021,Annual value,SLC,66.300000,A
ZWE,2001-01-01,2001-12-31,181,'716,Zimbabwe,1033,'21116b,"Meat of goat, fresh or chilled (biological)",5531,Producer Price (SLC/tonne),2001,2001,7021,Annual value,SLC,94.500000,A
ZWE,2002-01-01,2002-12-31,181,'716,Zimbabwe,1033,'21116b,"Meat of goat, fresh or chilled (biological)",5531,Producer Price (SLC/tonne),2002,2002,7021,Annual value,SLC,1381.600000,A
ZWE,2003-01-01,2003-12-31,181,'716,Zimbabwe,1033,'21116b,"Meat of goat, fresh or chilled (biological)",5531,Producer Price (SLC/tonne),2003,2003,7021,Annual value,SLC,1492.100000,A
ZWE,2014-01-01,2014-12-31,181,'716,Zimbabwe,1033,'21116b,"Meat of goat, fresh or chilled (biological)",5531,Producer Price (SLC/tonne),2014,2014,7021,Annual value,SLC,1458.300000,A
ZWE,2015-01-01,2015-12-31,181,'716,Zimbabwe,1033,'21116b,"Meat of goat, fresh or chilled (biological)",5531,Producer Price (SLC/tonne),2015,2015,7021,Annual value,SLC,1250.000000,A
ZWE,2016-01-01,2016-12-31,181,'716,Zimbabwe,1033,'21116b,"Meat of goat, fresh or chilled (biological)",5531,Producer Price (SLC/tonne),2016,2016,7021,Annual value,SLC,1250.000000,A
ZWE,2017-01-01,2017-12-31,181,'716,Zimbabwe,1033,'21116b,"Meat of goat, fresh or chilled (biological)",5531,Producer Price (SLC/tonne),2017,2017,7021,Annual value,SLC,1250.000000,A
ZWE,2018-01-01,2018-12-31,181,'716,Zimbabwe,1033,'21116b,"Meat of goat, fresh or chilled (biological)",5531,Producer Price (SLC/tonne),2018,2018,7021,Annual value,SLC,1250.000000,A
ZWE,2014-01-01,2014-12-31,181,'716,Zimbabwe,1033,'21116b,"Meat of goat, fresh or chilled (biological)",5532,Producer Price (USD/tonne),2014,2014,7021,Annual value,USD,1458.300000,A
ZWE,2015-01-01,2015-12-31,181,'716,Zimbabwe,1033,'21116b,"Meat of goat, fresh or chilled (biological)",5532,Producer Price (USD/tonne),2015,2015,7021,Annual value,USD,1250.000000,A
ZWE,2016-01-01,2016-12-31,181,'716,Zimbabwe,1033,'21116b,"Meat of goat, fresh or chilled (biological)",5532,Producer Price (USD/tonne),2016,2016,7021,Annual value,USD,1250.000000,A
ZWE,2017-01-01,2017-12-31,181,'716,Zimbabwe,1033,'21116b,"Meat of goat, fresh or chilled (biological)",5532,Producer Price (USD/tonne),2017,2017,7021,Annual value,USD,1250.000000,A
ZWE,2018-01-01,2018-12-31,181,'716,Zimbabwe,1033,'21116b,"Meat of goat, fresh or chilled (biological)",5532,Producer Price (USD/tonne),2018,2018,7021,Annual value,USD,1250.000000,A
ZWE,1991-01-01,1991-12-31,181,'716,Zimbabwe,1033,'21116b,"Meat of goat, fresh or chilled (biological)",5539,Producer Price Index (2014-2016 = 100),1991,1991,7021,Annual value,,0.440000,E
ZWE,1992-01-01,1992-12-31,181,'716,Zimbabwe,1033,'21116b,"Meat of goat, fresh or chilled (biological)",5539,Producer Price Index (2014-2016 = 100),1992,1992,7021,Annual value,,0.490000,E
ZWE,1993-01-01,1993-12-31,181,'716,Zimbabwe,1033,'21116b,"Meat of goat, fresh or chilled (biological)",5539,Producer Price Index (2014-2016 = 100),1993,1993,7021,Annual value,,0.380000,E
ZWE,1994-01-01,1994-12-31,181,'716,Zimbabwe,1033,'21116b,"Meat of goat, fresh or chilled (biological)",5539,Producer Price Index (2014-2016 = 100),1994,1994,7021,Annual value,,0.460000,E
ZWE,1995-01-01,1995-12-31,181,'716,Zimbabwe,1033,'21116b,"Meat of goat, fresh or chilled (biological)",5539,Producer Price Index (2014-2016 = 100),1995,1995,7021,Annual value,,0.540000,E
ZWE,1996-01-01,1996-12-31,181,'716,Zimbabwe,1033,'21116b,"Meat of goat, fresh or chilled (biological)",5539,Producer Price Index (2014-2016 = 100),1996,1996,7021,Annual value,,0.590000,E
ZWE,1997-01-01,1997-12-31,181,'716,Zimbabwe,1033,'21116b,"Meat of goat, fresh or chilled (biological)",5539,Producer Price Index (2014-2016 = 100),1997,1997,7021,Annual value,,0.710000,E
ZWE,1998-01-01,1998-12-31,181,'716,Zimbabwe,1033,'21116b,"Meat of goat, fresh or chilled (biological)",5539,Producer Price Index (2014-2016 = 100),1998,1998,7021,Annual value,,0.800000,E
ZWE,1999-01-01,1999-12-31,181,'716,Zimbabwe,1033,'21116b,"Meat of goat, fresh or chilled (biological)",5539,Producer Price Index (2014-2016 = 100),1999,1999,7021,Annual value,,0.840000,E
ZWE,2000-01-01,2000-12-31,181,'716,Zimbabwe,1033,'21116b,"Meat of goat, fresh or chilled (biological)",5539,Producer Price Index (2014-2016 = 100),2000,2000,7021,Annual value,,5.030000,E
ZWE,2001-01-01,2001-12-31,181,'716,Zimbabwe,1033,'21116b,"Meat of goat, fresh or chilled (biological)",5539,Producer Price Index (2014-2016 = 100),2001,2001,7021,Annual value,,7.160000,E
ZWE,2002-01-01,2002-12-31,181,'716,Zimbabwe,1033,'21116b,"Meat of goat, fresh or chilled (biological)",5539,Producer Price Index (2014-2016 = 100),2002,2002,7021,Annual value,,104.710000,E
ZWE,2003-01-01,2003-12-31,181,'716,Zimbabwe,1033,'21116b,"Meat of goat, fresh or chilled (biological)",5539,Producer Price Index (2014-2016 = 100),2003,2003,7021,Annual value,,113.090000,E
ZWE,2004-01-01,2004-12-31,181,'716,Zimbabwe,1033,'21116b,"Meat of goat, fresh or chilled (biological)",5539,Producer Price Index (2014-2016 = 100),2004,2004,7021,Annual value,,438.580000,E
ZWE,2005-01-01,2005-12-31,181,'716,Zimbabwe,1033,'21116b,"Meat of goat, fresh or chilled (biological)",5539,Producer Price Index (2014-2016 = 100),2005,2005,7021,Annual value,,1605.270000,E
ZWE,2006-01-01,2006-12-31,181,'716,Zimbabwe,1033,'21116b,"Meat of goat, fresh or chilled (biological)",5539,Producer Price Index (2014-2016 = 100),2006,2006,7021,Annual value,,22350.720000,E
ZWE,2007-01-01,2007-12-31,181,'716,Zimbabwe,1033,'21116b,"Meat of goat, fresh or chilled (biological)",5539,Producer Price Index (2014-2016 = 100),2007,2007,7021,Annual value,,70601.010000,E
ZWE,2014-01-01,2014-12-31,181,'716,Zimbabwe,1033,'21116b,"Meat of goat, fresh or chilled (biological)",5539,Producer Price Index (2014-2016 = 100),2014,2014,7021,Annual value,,110.530000,E
ZWE,2015-01-01,2015-12-31,181,'716,Zimbabwe,1033,'21116b,"Meat of goat, fresh or chilled (biological)",5539,Producer Price Index (2014-2016 = 100),2015,2015,7021,Annual value,,94.740000,E
ZWE,2016-01-01,2016-12-31,181,'716,Zimbabwe,1033,'21116b,"Meat of goat, fresh or chilled (biological)",5539,Producer Price Index (2014-2016 = 100),2016,2016,7021,Annual value,,94.740000,E
ZWE,2017-01-01,2017-12-31,181,'716,Zimbabwe,1033,'21116b,"Meat of goat, fresh or chilled (biological)",5539,Producer Price Index (2014-2016 = 100),2017,2017,7021,Annual value,,94.740000,E
ZWE,2018-01-01,2018-12-31,181,'716,Zimbabwe,1033,'21116b,"Meat of goat, fresh or chilled (biological)",5539,Producer Price Index (2014-2016 = 100),2018,2018,7021,Annual value,,94.740000,E
ZWE,1995-01-01,1995-12-31,181,'716,Zimbabwe,1056,'21113.01b,"Meat of pig with the bone, fresh or chilled (biological)",5530,Producer Price (LCU/tonne),1995,1995,7021,Annual value,LCU,7372.000000,A
ZWE,1996-01-01,1996-12-31,181,'716,Zimbabwe,1056,'21113.01b,"Meat of pig with the bone, fresh or chilled (biological)",5530,Producer Price (LCU/tonne),1996,1996,7021,Annual value,LCU,8519.000000,A
ZWE,1997-01-01,1997-12-31,181,'716,Zimbabwe,1056,'21113.01b,"Meat of pig with the bone, fresh or chilled (biological)",5530,Producer Price (LCU/tonne),1997,1997,7021,Annual value,LCU,10470.000000,A
ZWE,1998-01-01,1998-12-31,181,'716,Zimbabwe,1056,'21113.01b,"Meat of pig with the bone, fresh or chilled (biological)",5530,Producer Price (LCU/tonne),1998,1998,7021,Annual value,LCU,19484.000000,A
ZWE,1999-01-01,1999-12-31,181,'716,Zimbabwe,1056,'21113.01b,"Meat of pig with the bone, fresh or chilled (biological)",5530,Producer Price (LCU/tonne),1999,1999,7021,Annual value,LCU,34442.000000,A
ZWE,2000-01-01,2000-12-31,181,'716,Zimbabwe,1056,'21113.01b,"Meat of pig with the bone, fresh or chilled (biological)",5530,Producer Price (LCU/tonne),2000,2000,7021,Annual value,LCU,41932.000000,A
ZWE,2001-01-01,2001-12-31,181,'716,Zimbabwe,1056,'21113.01b,"Meat of pig with the bone, fresh or chilled (biological)",5530,Producer Price (LCU/tonne),2001,2001,7021,Annual value,LCU,80790.000000,A
ZWE,2002-01-01,2002-12-31,181,'716,Zimbabwe,1056,'21113.01b,"Meat of pig with the bone, fresh or chilled (biological)",5530,Producer Price (LCU/tonne),2002,2002,7021,Annual value,LCU,216195.000000,A
ZWE,2003-01-01,2003-12-31,181,'716,Zimbabwe,1056,'21113.01b,"Meat of pig with the bone, fresh or chilled (biological)",5530,Producer Price (LCU/tonne),2003,2003,7021,Annual value,LCU,1654830.000000,A
ZWE,1995-01-01,1995-12-31,181,'716,Zimbabwe,1056,'21113.01b,"Meat of pig with the bone, fresh or chilled (biological)",5531,Producer Price (SLC/tonne),1995,1995,7021,Annual value,SLC,20.400000,A
ZWE,1996-01-01,1996-12-31,181,'716,Zimbabwe,1056,'21113.01b,"Meat of pig with the bone, fresh or chilled (biological)",5531,Producer Price (SLC/tonne),1996,1996,7021,Annual value,SLC,23.500000,A
ZWE,1997-01-01,1997-12-31,181,'716,Zimbabwe,1056,'21113.01b,"Meat of pig with the bone, fresh or chilled (biological)",5531,Producer Price (SLC/tonne),1997,1997,7021,Annual value,SLC,28.900000,A
ZWE,1998-01-01,1998-12-31,181,'716,Zimbabwe,1056,'21113.01b,"Meat of pig with the bone, fresh or chilled (biological)",5531,Producer Price (SLC/tonne),1998,1998,7021,Annual value,SLC,53.800000,A
ZWE,1999-01-01,1999-12-31,181,'716,Zimbabwe,1056,'21113.01b,"Meat of pig with the bone, fresh or chilled (biological)",5531,Producer Price (SLC/tonne),1999,1999,7021,Annual value,SLC,95.200000,A
ZWE,2000-01-01,2000-12-31,181,'716,Zimbabwe,1056,'21113.01b,"Meat of pig with the bone, fresh or chilled (biological)",5531,Producer Price (SLC/tonne),2000,2000,7021,Annual value,SLC,115.900000,A
ZWE,2001-01-01,2001-12-31,181,'716,Zimbabwe,1056,'21113.01b,"Meat of pig with the bone, fresh or chilled (biological)",5531,Producer Price (SLC/tonne),2001,2001,7021,Annual value,SLC,223.200000,A
ZWE,2002-01-01,2002-12-31,181,'716,Zimbabwe,1056,'21113.01b,"Meat of pig with the bone, fresh or chilled (biological)",5531,Producer Price (SLC/tonne),2002,2002,7021,Annual value,SLC,597.400000,A
ZWE,2003-01-01,2003-12-31,181,'716,Zimbabwe,1056,'21113.01b,"Meat of pig with the bone, fresh or chilled (biological)",5531,Producer Price (SLC/tonne),2003,2003,7021,Annual value,SLC,4572.600000,A
ZWE,1991-01-01,1991-12-31,181,'716,Zimbabwe,977,'21115,"Meat of sheep, fresh or chilled",5530,Producer Price (LCU/tonne),1991,1991,7021,Annual value,LCU,4422.000000,A
ZWE,1992-01-01,1992-12-31,181,'716,Zimbabwe,977,'21115,"Meat of sheep, fresh or chilled",5530,Producer Price (LCU/tonne),1992,1992,7021,Annual value,LCU,4700.000000,A
ZWE,1993-01-01,1993-12-31,181,'716,Zimbabwe,977,'21115,"Meat of sheep, fresh or chilled",5530,Producer Price (LCU/tonne),1993,1993,7021,Annual value,LCU,7350.000000,A
ZWE,1991-01-01,1991-12-31,181,'716,Zimbabwe,977,'21115,"Meat of sheep, fresh or chilled",5531,Producer Price (SLC/tonne),1991,1991,7021,Annual value,SLC,12.200000,A
ZWE,1992-01-01,1992-12-31,181,'716,Zimbabwe,977,'21115,"Meat of sheep, fresh or chilled",5531,Producer Price (SLC/tonne),1992,1992,7021,Annual value,SLC,13.000000,A
ZWE,1993-01-01,1993-12-31,181,'716,Zimbabwe,977,'21115,"Meat of sheep, fresh or chilled",5531,Producer Price (SLC/tonne),1993,1993,7021,Annual value,SLC,20.300000,A
ZWE,1991-01-01,1991-12-31,181,'716,Zimbabwe,1013,'21115b,"Meat of sheep, fresh or chilled (biological)",5530,Producer Price (LCU/tonne),1991,1991,7021,Annual value,LCU,2211.000000,A
ZWE,1992-01-01,1992-12-31,181,'716,Zimbabwe,1013,'21115b,"Meat of sheep, fresh or chilled (biological)",5530,Producer Price (LCU/tonne),1992,1992,7021,Annual value,LCU,2350.000000,A
ZWE,1993-01-01,1993-12-31,181,'716,Zimbabwe,1013,'21115b,"Meat of sheep, fresh or chilled (biological)",5530,Producer Price (LCU/tonne),1993,1993,7021,Annual value,LCU,2400.000000,A
ZWE,1994-01-01,1994-12-31,181,'716,Zimbabwe,1013,'21115b,"Meat of sheep, fresh or chilled (biological)",5530,Producer Price (LCU/tonne),1994,1994,7021,Annual value,LCU,2460.000000,A
ZWE,1995-01-01,1995-12-31,181,'716,Zimbabwe,1013,'21115b,"Meat of sheep, fresh or chilled (biological)",5530,Producer Price (LCU/tonne),1995,1995,7021,Annual value,LCU,2800.000000,A
ZWE,1996-01-01,1996-12-31,181,'716,Zimbabwe,1013,'21115b,"Meat of sheep, fresh or chilled (biological)",5530,Producer Price (LCU/tonne),1996,1996,7021,Annual value,LCU,3200.000000,A
ZWE,1997-01-01,1997-12-31,181,'716,Zimbabwe,1013,'21115b,"Meat of sheep, fresh or chilled (biological)",5530,Producer Price (LCU/tonne),1997,1997,7021,Annual value,LCU,3800.000000,A
ZWE,1998-01-01,1998-12-31,181,'716,Zimbabwe,1013,'21115b,"Meat of sheep, fresh or chilled (biological)",5530,Producer Price (LCU/tonne),1998,1998,7021,Annual value,LCU,6800.000000,A
ZWE,1999-01-01,1999-12-31,181,'716,Zimbabwe,1013,'21115b,"Meat of sheep, fresh or chilled (biological)",5530,Producer Price (LCU/tonne),1999,1999,7021,Annual value,LCU,7200.000000,A
ZWE,2000-01-01,2000-12-31,181,'716,Zimbabwe,1013,'21115b,"Meat of sheep, fresh or chilled (biological)",5530,Producer Price (LCU/tonne),2000,2000,7021,Annual value,LCU,28000.000000,A
ZWE,2001-01-01,2001-12-31,181,'716,Zimbabwe,1013,'21115b,"Meat of sheep, fresh or chilled (biological)",5530,Producer Price (LCU/tonne),2001,2001,7021,Annual value,LCU,45000.000000,A
ZWE,2002-01-01,2002-12-31,181,'716,Zimbabwe,1013,'21115b,"Meat of sheep, fresh or chilled (biological)",5530,Producer Price (LCU/tonne),2002,2002,7021,Annual value,LCU,490000.000000,A
ZWE,2003-01-01,2003-12-31,181,'716,Zimbabwe,1013,'21115b,"Meat of sheep, fresh or chilled (biological)",5530,Producer Price (LCU/tonne),2003,2003,7021,Annual value,LCU,966000.000000,A
ZWE,2014-01-01,2014-12-31,181,'716,Zimbabwe,1013,'21115b,"Meat of sheep, fresh or chilled (biological)",5530,Producer Price (LCU/tonne),2014,2014,7021,Annual value,LCU,1607.100000,A
ZWE,2015-01-01,2015-12-31,181,'716,Zimbabwe,1013,'21115b,"Meat of sheep, fresh or chilled (biological)",5530,Producer Price (LCU/tonne),2015,2015,7021,Annual value,LCU,2142.900000,A
ZWE,2016-01-01,2016-12-31,181,'716,Zimbabwe,1013,'21115b,"Meat of sheep, fresh or chilled (biological)",5530,Producer Price (LCU/tonne),2016,2016,7021,Annual value,LCU,1785.700000,A
ZWE,2017-01-01,2017-12-31,181,'716,Zimbabwe,1013,'21115b,"Meat of sheep, fresh or chilled (biological)",5530,Producer Price (LCU/tonne),2017,2017,7021,Annual value,LCU,1428.600000,A
ZWE,2017-01-01,2017-01-31,181,'716,Zimbabwe,1013,'21115b,"Meat of sheep, fresh or chilled (biological)",5530,Producer Price (LCU/tonne),2017,2017,7001,January,LCU,1429.000000,A
ZWE,2017-02-01,2017-02-28,181,'716,Zimbabwe,1013,'21115b,"Meat of sheep, fresh or chilled (biological)",5530,Producer Price (LCU/tonne),2017,2017,7002,February,LCU,1429.000000,A
ZWE,2017-03-01,2017-03-31,181,'716,Zimbabwe,1013,'21115b,"Meat of sheep, fresh or chilled (biological)",5530,Producer Price (LCU/tonne),2017,2017,7003,March,LCU,1429.000000,A
ZWE,2017-04-01,2017-04-30,181,'716,Zimbabwe,1013,'21115b,"Meat of sheep, fresh or chilled (biological)",5530,Producer Price (LCU/tonne),2017,2017,7004,April,LCU,1429.000000,A
ZWE,2017-05-01,2017-05-31,181,'716,Zimbabwe,1013,'21115b,"Meat of sheep, fresh or chilled (biological)",5530,Producer Price (LCU/tonne),2017,2017,7005,May,LCU,1429.000000,A
ZWE,2017-06-01,2017-06-30,181,'716,Zimbabwe,1013,'21115b,"Meat of sheep, fresh or chilled (biological)",5530,Producer Price (LCU/tonne),2017,2017,7006,June,LCU,1429.000000,A
ZWE,2017-07-01,2017-07-31,181,'716,Zimbabwe,1013,'21115b,"Meat of sheep, fresh or chilled (biological)",5530,Producer Price (LCU/tonne),2017,2017,7007,July,LCU,1429.000000,A
ZWE,2017-08-01,2017-08-31,181,'716,Zimbabwe,1013,'21115b,"Meat of sheep, fresh or chilled (biological)",5530,Producer Price (LCU/tonne),2017,2017,7008,August,LCU,1429.000000,A
ZWE,2017-09-01,2017-09-30,181,'716,Zimbabwe,1013,'21115b,"Meat of sheep, fresh or chilled (biological)",5530,Producer Price (LCU/tonne),2017,2017,7009,September,LCU,1429.000000,A
ZWE,2017-10-01,2017-10-31,181,'716,Zimbabwe,1013,'21115b,"Meat of sheep, fresh or chilled (biological)",5530,Producer Price (LCU/tonne),2017,2017,7010,October,LCU,1429.000000,A
ZWE,2017-11-01,2017-11-30,181,'716,Zimbabwe,1013,'21115b,"Meat of sheep, fresh or chilled (biological)",5530,Producer Price (LCU/tonne),2017,2017,7011,November,LCU,1429.000000,A
ZWE,2017-12-01,2017-12-31,181,'716,Zimbabwe,1013,'21115b,"Meat of sheep, fresh or chilled (biological)",5530,Producer Price (LCU/tonne),2017,2017,7012,December,LCU,1429.000000,A
ZWE,2018-01-01,2018-12-31,181,'716,Zimbabwe,1013,'21115b,"Meat of sheep, fresh or chilled (biological)",5530,Producer Price (LCU/tonne),2018,2018,7021,Annual value,LCU,1428.600000,A
ZWE,2018-01-01,2018-01-31,181,'716,Zimbabwe,1013,'21115b,"Meat of sheep, fresh or chilled (biological)",5530,Producer Price (LCU/tonne),2018,2018,7001,January,LCU,1429.000000,A
ZWE,1991-01-01,1991-12-31,181,'716,Zimbabwe,1013,'21115b,"Meat of sheep, fresh or chilled (biological)",5531,Producer Price (SLC/tonne),1991,1991,7021,Annual value,SLC,6.100000,A
ZWE,1992-01-01,1992-12-31,181,'716,Zimbabwe,1013,'21115b,"Meat of sheep, fresh or chilled (biological)",5531,Producer Price (SLC/tonne),1992,1992,7021,Annual value,SLC,6.500000,A
ZWE,1993-01-01,1993-12-31,181,'716,Zimbabwe,1013,'21115b,"Meat of sheep, fresh or chilled (biological)",5531,Producer Price (SLC/tonne),1993,1993,7021,Annual value,SLC,6.600000,A
ZWE,1994-01-01,1994-12-31,181,'716,Zimbabwe,1013,'21115b,"Meat of sheep, fresh or chilled (biological)",5531,Producer Price (SLC/tonne),1994,1994,7021,Annual value,SLC,6.800000,A
ZWE,1995-01-01,1995-12-31,181,'716,Zimbabwe,1013,'21115b,"Meat of sheep, fresh or chilled (biological)",5531,Producer Price (SLC/tonne),1995,1995,7021,Annual value,SLC,7.700000,A
ZWE,1996-01-01,1996-12-31,181,'716,Zimbabwe,1013,'21115b,"Meat of sheep, fresh or chilled (biological)",5531,Producer Price (SLC/tonne),1996,1996,7021,Annual value,SLC,8.800000,A
ZWE,1997-01-01,1997-12-31,181,'716,Zimbabwe,1013,'21115b,"Meat of sheep, fresh or chilled (biological)",5531,Producer Price (SLC/tonne),1997,1997,7021,Annual value,SLC,10.500000,A
ZWE,1998-01-01,1998-12-31,181,'716,Zimbabwe,1013,'21115b,"Meat of sheep, fresh or chilled (biological)",5531,Producer Price (SLC/tonne),1998,1998,7021,Annual value,SLC,18.800000,A
ZWE,1999-01-01,1999-12-31,181,'716,Zimbabwe,1013,'21115b,"Meat of sheep, fresh or chilled (biological)",5531,Producer Price (SLC/tonne),1999,1999,7021,Annual value,SLC,19.900000,A
ZWE,2000-01-01,2000-12-31,181,'716,Zimbabwe,1013,'21115b,"Meat of sheep, fresh or chilled (biological)",5531,Producer Price (SLC/tonne),2000,2000,7021,Annual value,SLC,77.400000,A
ZWE,2001-01-01,2001-12-31,181,'716,Zimbabwe,1013,'21115b,"Meat of sheep, fresh or chilled (biological)",5531,Producer Price (SLC/tonne),2001,2001,7021,Annual value,SLC,124.300000,A
ZWE,2002-01-01,2002-12-31,181,'716,Zimbabwe,1013,'21115b,"Meat of sheep, fresh or chilled (biological)",5531,Producer Price (SLC/tonne),2002,2002,7021,Annual value,SLC,1354.000000,A
ZWE,2003-01-01,2003-12-31,181,'716,Zimbabwe,1013,'21115b,"Meat of sheep, fresh or chilled (biological)",5531,Producer Price (SLC/tonne),2003,2003,7021,Annual value,SLC,2669.200000,A
ZWE,2014-01-01,2014-12-31,181,'716,Zimbabwe,1013,'21115b,"Meat of sheep, fresh or chilled (biological)",5531,Producer Price (SLC/tonne),2014,2014,7021,Annual value,SLC,1607.100000,A
ZWE,2015-01-01,2015-12-31,181,'716,Zimbabwe,1013,'21115b,"Meat of sheep, fresh or chilled (biological)",5531,Producer Price (SLC/tonne),2015,2015,7021,Annual value,SLC,2142.900000,A
ZWE,2016-01-01,2016-12-31,181,'716,Zimbabwe,1013,'21115b,"Meat of sheep, fresh or chilled (biological)",5531,Producer Price (SLC/tonne),2016,2016,7021,Annual value,SLC,1785.700000,A
ZWE,2017-01-01,2017-12-31,181,'716,Zimbabwe,1013,'21115b,"Meat of sheep, fresh or chilled (biological)",5531,Producer Price (SLC/tonne),2017,2017,7021,Annual value,SLC,1428.600000,A
ZWE,2018-01-01,2018-12-31,181,'716,Zimbabwe,1013,'21115b,"Meat of sheep, fresh or chilled (biological)",5531,Producer Price (SLC/tonne),2018,2018,7021,Annual value,SLC,1428.600000,A
ZWE,2014-01-01,2014-12-31,181,'716,Zimbabwe,1013,'21115b,"Meat of sheep, fresh or chilled (biological)",5532,Producer Price (USD/tonne),2014,2014,7021,Annual value,USD,1607.100000,A
ZWE,2015-01-01,2015-12-31,181,'716,Zimbabwe,1013,'21115b,"Meat of sheep, fresh or chilled (biological)",5532,Producer Price (USD/tonne),2015,2015,7021,Annual value,USD,2142.900000,A
ZWE,2016-01-01,2016-12-31,181,'716,Zimbabwe,1013,'21115b,"Meat of sheep, fresh or chilled (biological)",5532,Producer Price (USD/tonne),2016,2016,7021,Annual value,USD,1785.700000,A
ZWE,2017-01-01,2017-12-31,181,'716,Zimbabwe,1013,'21115b,"Meat of sheep, fresh or chilled (biological)",5532,Producer Price (USD/tonne),2017,2017,7021,Annual value,USD,1428.600000,A
ZWE,2018-01-01,2018-12-31,181,'716,Zimbabwe,1013,'21115b,"Meat of sheep, fresh or chilled (biological)",5532,Producer Price (USD/tonne),2018,2018,7021,Annual value,USD,1428.600000,A
ZWE,1991-01-01,1991-12-31,181,'716,Zimbabwe,1013,'21115b,"Meat of sheep, fresh or chilled (biological)",5539,Producer Price Index (2014-2016 = 100),1991,1991,7021,Annual value,,0.330000,E
ZWE,1992-01-01,1992-12-31,181,'716,Zimbabwe,1013,'21115b,"Meat of sheep, fresh or chilled (biological)",5539,Producer Price Index (2014-2016 = 100),1992,1992,7021,Annual value,,0.350000,E
ZWE,1993-01-01,1993-12-31,181,'716,Zimbabwe,1013,'21115b,"Meat of sheep, fresh or chilled (biological)",5539,Producer Price Index (2014-2016 = 100),1993,1993,7021,Annual value,,0.360000,E
ZWE,1994-01-01,1994-12-31,181,'716,Zimbabwe,1013,'21115b,"Meat of sheep, fresh or chilled (biological)",5539,Producer Price Index (2014-2016 = 100),1994,1994,7021,Annual value,,0.370000,E
ZWE,1995-01-01,1995-12-31,181,'716,Zimbabwe,1013,'21115b,"Meat of sheep, fresh or chilled (biological)",5539,Producer Price Index (2014-2016 = 100),1995,1995,7021,Annual value,,0.420000,E
ZWE,1996-01-01,1996-12-31,181,'716,Zimbabwe,1013,'21115b,"Meat of sheep, fresh or chilled (biological)",5539,Producer Price Index (2014-2016 = 100),1996,1996,7021,Annual value,,0.480000,E
ZWE,1997-01-01,1997-12-31,181,'716,Zimbabwe,1013,'21115b,"Meat of sheep, fresh or chilled (biological)",5539,Producer Price Index (2014-2016 = 100),1997,1997,7021,Annual value,,0.570000,E
ZWE,1998-01-01,1998-12-31,181,'716,Zimbabwe,1013,'21115b,"Meat of sheep, fresh or chilled (biological)",5539,Producer Price Index (2014-2016 = 100),1998,1998,7021,Annual value,,1.020000,E
ZWE,1999-01-01,1999-12-31,181,'716,Zimbabwe,1013,'21115b,"Meat of sheep, fresh or chilled (biological)",5539,Producer Price Index (2014-2016 = 100),1999,1999,7021,Annual value,,1.080000,E
ZWE,2000-01-01,2000-12-31,181,'716,Zimbabwe,1013,'21115b,"Meat of sheep, fresh or chilled (biological)",5539,Producer Price Index (2014-2016 = 100),2000,2000,7021,Annual value,,4.190000,E
ZWE,2001-01-01,2001-12-31,181,'716,Zimbabwe,1013,'21115b,"Meat of sheep, fresh or chilled (biological)",5539,Producer Price Index (2014-2016 = 100),2001,2001,7021,Annual value,,6.740000,E
ZWE,2002-01-01,2002-12-31,181,'716,Zimbabwe,1013,'21115b,"Meat of sheep, fresh or chilled (biological)",5539,Producer Price Index (2014-2016 = 100),2002,2002,7021,Annual value,,73.380000,E
ZWE,2003-01-01,2003-12-31,181,'716,Zimbabwe,1013,'21115b,"Meat of sheep, fresh or chilled (biological)",5539,Producer Price Index (2014-2016 = 100),2003,2003,7021,Annual value,,144.660000,E
ZWE,2004-01-01,2004-12-31,181,'716,Zimbabwe,1013,'21115b,"Meat of sheep, fresh or chilled (biological)",5539,Producer Price Index (2014-2016 = 100),2004,2004,7021,Annual value,,561.020000,E
ZWE,2005-01-01,2005-12-31,181,'716,Zimbabwe,1013,'21115b,"Meat of sheep, fresh or chilled (biological)",5539,Producer Price Index (2014-2016 = 100),2005,2005,7021,Annual value,,2053.380000,E
ZWE,2006-01-01,2006-12-31,181,'716,Zimbabwe,1013,'21115b,"Meat of sheep, fresh or chilled (biological)",5539,Producer Price Index (2014-2016 = 100),2006,2006,7021,Annual value,,28589.960000,E
ZWE,2007-01-01,2007-12-31,181,'716,Zimbabwe,1013,'21115b,"Meat of sheep, fresh or chilled (biological)",5539,Producer Price Index (2014-2016 = 100),2007,2007,7021,Annual value,,93193.930000,E
ZWE,2014-01-01,2014-12-31,181,'716,Zimbabwe,1013,'21115b,"Meat of sheep, fresh or chilled (biological)",5539,Producer Price Index (2014-2016 = 100),2014,2014,7021,Annual value,,87.100000,E
ZWE,2015-01-01,2015-12-31,181,'716,Zimbabwe,1013,'21115b,"Meat of sheep, fresh or chilled (biological)",5539,Producer Price Index (2014-2016 = 100),2015,2015,7021,Annual value,,116.130000,E
ZWE,2016-01-01,2016-12-31,181,'716,Zimbabwe,1013,'21115b,"Meat of sheep, fresh or chilled (biological)",5539,Producer Price Index (2014-2016 = 100),2016,2016,7021,Annual value,,96.770000,E
ZWE,2017-01-01,2017-12-31,181,'716,Zimbabwe,1013,'21115b,"Meat of sheep, fresh or chilled (biological)",5539,Producer Price Index (2014-2016 = 100),2017,2017,7021,Annual value,,77.420000,E
ZWE,2018-01-01,2018-12-31,181,'716,Zimbabwe,1013,'21115b,"Meat of sheep, fresh or chilled (biological)",5539,Producer Price Index (2014-2016 = 100),2018,2018,7021,Annual value,,77.420000,E
ZWE,1991-01-01,1991-12-31,181,'716,Zimbabwe,79,'0118,Millet,5530,Producer Price (LCU/tonne),1991,1991,7021,Annual value,LCU,260.000000,A
ZWE,1992-01-01,1992-12-31,181,'716,Zimbabwe,79,'0118,Millet,5530,Producer Price (LCU/tonne),1992,1992,7021,Annual value,LCU,350.000000,A
ZWE,1993-01-01,1993-12-31,181,'716,Zimbabwe,79,'0118,Millet,5530,Producer Price (LCU/tonne),1993,1993,7021,Annual value,LCU,520.000000,A
ZWE,1994-01-01,1994-12-31,181,'716,Zimbabwe,79,'0118,Millet,5530,Producer Price (LCU/tonne),1994,1994,7021,Annual value,LCU,520.000000,A
ZWE,1995-01-01,1995-12-31,181,'716,Zimbabwe,79,'0118,Millet,5530,Producer Price (LCU/tonne),1995,1995,7021,Annual value,LCU,520.000000,A
ZWE,1996-01-01,1996-12-31,181,'716,Zimbabwe,79,'0118,Millet,5530,Producer Price (LCU/tonne),1996,1996,7021,Annual value,LCU,650.000000,A
ZWE,1997-01-01,1997-12-31,181,'716,Zimbabwe,79,'0118,Millet,5530,Producer Price (LCU/tonne),1997,1997,7021,Annual value,LCU,800.000000,A
ZWE,1998-01-01,1998-12-31,181,'716,Zimbabwe,79,'0118,Millet,5530,Producer Price (LCU/tonne),1998,1998,7021,Annual value,LCU,1000.000000,A
ZWE,1999-01-01,1999-12-31,181,'716,Zimbabwe,79,'0118,Millet,5530,Producer Price (LCU/tonne),1999,1999,7021,Annual value,LCU,2600.000000,A
ZWE,2000-01-01,2000-12-31,181,'716,Zimbabwe,79,'0118,Millet,5530,Producer Price (LCU/tonne),2000,2000,7021,Annual value,LCU,4000.000000,A
ZWE,2001-01-01,2001-12-31,181,'716,Zimbabwe,79,'0118,Millet,5530,Producer Price (LCU/tonne),2001,2001,7021,Annual value,LCU,6000.000000,A
ZWE,2002-01-01,2002-12-31,181,'716,Zimbabwe,79,'0118,Millet,5530,Producer Price (LCU/tonne),2002,2002,7021,Annual value,LCU,30000.000000,A
ZWE,2003-01-01,2003-12-31,181,'716,Zimbabwe,79,'0118,Millet,5530,Producer Price (LCU/tonne),2003,2003,7021,Annual value,LCU,300000.000000,A
ZWE,2004-01-01,2004-12-31,181,'716,Zimbabwe,79,'0118,Millet,5530,Producer Price (LCU/tonne),2004,2004,7021,Annual value,LCU,750000.000000,A
ZWE,2005-01-01,2005-12-31,181,'716,Zimbabwe,79,'0118,Millet,5530,Producer Price (LCU/tonne),2005,2005,7021,Annual value,LCU,2250000.000000,A
ZWE,2006-01-01,2006-12-31,181,'716,Zimbabwe,79,'0118,Millet,5530,Producer Price (LCU/tonne),2006,2006,7021,Annual value,LCU,31300000.000000,A
ZWE,2013-01-01,2013-12-31,181,'716,Zimbabwe,79,'0118,Millet,5530,Producer Price (LCU/tonne),2013,2013,7021,Annual value,LCU,106760.500000,A
ZWE,2013-01-01,2013-01-31,181,'716,Zimbabwe,79,'0118,Millet,5530,Producer Price (LCU/tonne),2013,2013,7001,January,LCU,106761.000000,A
ZWE,2013-02-01,2013-02-28,181,'716,Zimbabwe,79,'0118,Millet,5530,Producer Price (LCU/tonne),2013,2013,7002,February,LCU,106761.000000,A
ZWE,2013-03-01,2013-03-31,181,'716,Zimbabwe,79,'0118,Millet,5530,Producer Price (LCU/tonne),2013,2013,7003,March,LCU,106761.000000,A
ZWE,2013-04-01,2013-04-30,181,'716,Zimbabwe,79,'0118,Millet,5530,Producer Price (LCU/tonne),2013,2013,7004,April,LCU,106761.000000,A
ZWE,2013-05-01,2013-05-31,181,'716,Zimbabwe,79,'0118,Millet,5530,Producer Price (LCU/tonne),2013,2013,7005,May,LCU,106761.000000,A
ZWE,2013-06-01,2013-06-30,181,'716,Zimbabwe,79,'0118,Millet,5530,Producer Price (LCU/tonne),2013,2013,7006,June,LCU,106761.000000,A
ZWE,2013-07-01,2013-07-31,181,'716,Zimbabwe,79,'0118,Millet,5530,Producer Price (LCU/tonne),2013,2013,7007,July,LCU,106761.000000,A
ZWE,2013-08-01,2013-08-31,181,'716,Zimbabwe,79,'0118,Millet,5530,Producer Price (LCU/tonne),2013,2013,7008,August,LCU,106761.000000,A
ZWE,2013-09-01,2013-09-30,181,'716,Zimbabwe,79,'0118,Millet,5530,Producer Price (LCU/tonne),2013,2013,7009,September,LCU,106761.000000,A
ZWE,2013-10-01,2013-10-31,181,'716,Zimbabwe,79,'0118,Millet,5530,Producer Price (LCU/tonne),2013,2013,7010,October,LCU,106761.000000,A
ZWE,2013-11-01,2013-11-30,181,'716,Zimbabwe,79,'0118,Millet,5530,Producer Price (LCU/tonne),2013,2013,7011,November,LCU,106761.000000,A
ZWE,2013-12-01,2013-12-31,181,'716,Zimbabwe,79,'0118,Millet,5530,Producer Price (LCU/tonne),2013,2013,7012,December,LCU,106761.000000,A
ZWE,2014-01-01,2014-12-31,181,'716,Zimbabwe,79,'0118,Millet,5530,Producer Price (LCU/tonne),2014,2014,7021,Annual value,LCU,310.000000,A
ZWE,2014-01-01,2014-01-31,181,'716,Zimbabwe,79,'0118,Millet,5530,Producer Price (LCU/tonne),2014,2014,7001,January,LCU,310.000000,A
ZWE,2014-02-01,2014-02-28,181,'716,Zimbabwe,79,'0118,Millet,5530,Producer Price (LCU/tonne),2014,2014,7002,February,LCU,310.000000,A
ZWE,2014-03-01,2014-03-31,181,'716,Zimbabwe,79,'0118,Millet,5530,Producer Price (LCU/tonne),2014,2014,7003,March,LCU,310.000000,A
ZWE,2014-04-01,2014-04-30,181,'716,Zimbabwe,79,'0118,Millet,5530,Producer Price (LCU/tonne),2014,2014,7004,April,LCU,344.000000,A
ZWE,2014-05-01,2014-05-31,181,'716,Zimbabwe,79,'0118,Millet,5530,Producer Price (LCU/tonne),2014,2014,7005,May,LCU,344.000000,A
ZWE,2014-06-01,2014-06-30,181,'716,Zimbabwe,79,'0118,Millet,5530,Producer Price (LCU/tonne),2014,2014,7006,June,LCU,344.000000,A
ZWE,2014-07-01,2014-07-31,181,'716,Zimbabwe,79,'0118,Millet,5530,Producer Price (LCU/tonne),2014,2014,7007,July,LCU,344.000000,A
ZWE,2014-08-01,2014-08-31,181,'716,Zimbabwe,79,'0118,Millet,5530,Producer Price (LCU/tonne),2014,2014,7008,August,LCU,344.000000,A
ZWE,2014-09-01,2014-09-30,181,'716,Zimbabwe,79,'0118,Millet,5530,Producer Price (LCU/tonne),2014,2014,7009,September,LCU,344.000000,A
ZWE,2014-10-01,2014-10-31,181,'716,Zimbabwe,79,'0118,Millet,5530,Producer Price (LCU/tonne),2014,2014,7010,October,LCU,344.000000,A
ZWE,2014-11-01,2014-11-30,181,'716,Zimbabwe,79,'0118,Millet,5530,Producer Price (LCU/tonne),2014,2014,7011,November,LCU,344.000000,A
ZWE,2014-12-01,2014-12-31,181,'716,Zimbabwe,79,'0118,Millet,5530,Producer Price (LCU/tonne),2014,2014,7012,December,LCU,344.000000,A
ZWE,2015-01-01,2015-12-31,181,'716,Zimbabwe,79,'0118,Millet,5530,Producer Price (LCU/tonne),2015,2015,7021,Annual value,LCU,230.000000,A
ZWE,2015-01-01,2015-01-31,181,'716,Zimbabwe,79,'0118,Millet,5530,Producer Price (LCU/tonne),2015,2015,7001,January,LCU,344.000000,A
ZWE,2016-01-01,2016-12-31,181,'716,Zimbabwe,79,'0118,Millet,5530,Producer Price (LCU/tonne),2016,2016,7021,Annual value,LCU,390.000000,A
ZWE,2016-01-01,2016-01-31,181,'716,Zimbabwe,79,'0118,Millet,5530,Producer Price (LCU/tonne),2016,2016,7001,January,LCU,344.000000,A
ZWE,2016-02-01,2016-02-29,181,'716,Zimbabwe,79,'0118,Millet,5530,Producer Price (LCU/tonne),2016,2016,7002,February,LCU,344.000000,A
ZWE,2016-03-01,2016-03-31,181,'716,Zimbabwe,79,'0118,Millet,5530,Producer Price (LCU/tonne),2016,2016,7003,March,LCU,344.000000,A
ZWE,2016-04-01,2016-04-30,181,'716,Zimbabwe,79,'0118,Millet,5530,Producer Price (LCU/tonne),2016,2016,7004,April,LCU,230.000000,A
ZWE,2016-05-01,2016-05-31,181,'716,Zimbabwe,79,'0118,Millet,5530,Producer Price (LCU/tonne),2016,2016,7005,May,LCU,230.000000,A
ZWE,2016-06-01,2016-06-30,181,'716,Zimbabwe,79,'0118,Millet,5530,Producer Price (LCU/tonne),2016,2016,7006,June,LCU,230.000000,A
ZWE,2016-07-01,2016-07-31,181,'716,Zimbabwe,79,'0118,Millet,5530,Producer Price (LCU/tonne),2016,2016,7007,July,LCU,230.000000,A
ZWE,2016-08-01,2016-08-31,181,'716,Zimbabwe,79,'0118,Millet,5530,Producer Price (LCU/tonne),2016,2016,7008,August,LCU,230.000000,A
ZWE,2016-09-01,2016-09-30,181,'716,Zimbabwe,79,'0118,Millet,5530,Producer Price (LCU/tonne),2016,2016,7009,September,LCU,230.000000,A
ZWE,2016-10-01,2016-10-31,181,'716,Zimbabwe,79,'0118,Millet,5530,Producer Price (LCU/tonne),2016,2016,7010,October,LCU,230.000000,A
ZWE,2016-11-01,2016-11-30,181,'716,Zimbabwe,79,'0118,Millet,5530,Producer Price (LCU/tonne),2016,2016,7011,November,LCU,230.000000,A
ZWE,2016-12-01,2016-12-31,181,'716,Zimbabwe,79,'0118,Millet,5530,Producer Price (LCU/tonne),2016,2016,7012,December,LCU,230.000000,A
ZWE,2017-01-01,2017-12-31,181,'716,Zimbabwe,79,'0118,Millet,5530,Producer Price (LCU/tonne),2017,2017,7021,Annual value,LCU,390.000000,A
ZWE,2017-01-01,2017-01-31,181,'716,Zimbabwe,79,'0118,Millet,5530,Producer Price (LCU/tonne),2017,2017,7001,January,LCU,390.000000,A
ZWE,2017-02-01,2017-02-28,181,'716,Zimbabwe,79,'0118,Millet,5530,Producer Price (LCU/tonne),2017,2017,7002,February,LCU,390.000000,A
ZWE,2017-03-01,2017-03-31,181,'716,Zimbabwe,79,'0118,Millet,5530,Producer Price (LCU/tonne),2017,2017,7003,March,LCU,390.000000,A
ZWE,2017-04-01,2017-04-30,181,'716,Zimbabwe,79,'0118,Millet,5530,Producer Price (LCU/tonne),2017,2017,7004,April,LCU,390.000000,A
ZWE,2017-05-01,2017-05-31,181,'716,Zimbabwe,79,'0118,Millet,5530,Producer Price (LCU/tonne),2017,2017,7005,May,LCU,390.000000,A
ZWE,2017-06-01,2017-06-30,181,'716,Zimbabwe,79,'0118,Millet,5530,Producer Price (LCU/tonne),2017,2017,7006,June,LCU,390.000000,A
ZWE,2017-07-01,2017-07-31,181,'716,Zimbabwe,79,'0118,Millet,5530,Producer Price (LCU/tonne),2017,2017,7007,July,LCU,390.000000,A
ZWE,2017-08-01,2017-08-31,181,'716,Zimbabwe,79,'0118,Millet,5530,Producer Price (LCU/tonne),2017,2017,7008,August,LCU,390.000000,A
ZWE,2017-09-01,2017-09-30,181,'716,Zimbabwe,79,'0118,Millet,5530,Producer Price (LCU/tonne),2017,2017,7009,September,LCU,390.000000,A
ZWE,2017-10-01,2017-10-31,181,'716,Zimbabwe,79,'0118,Millet,5530,Producer Price (LCU/tonne),2017,2017,7010,October,LCU,390.000000,A
ZWE,2017-11-01,2017-11-30,181,'716,Zimbabwe,79,'0118,Millet,5530,Producer Price (LCU/tonne),2017,2017,7011,November,LCU,390.000000,A
ZWE,2017-12-01,2017-12-31,181,'716,Zimbabwe,79,'0118,Millet,5530,Producer Price (LCU/tonne),2017,2017,7012,December,LCU,390.000000,A
ZWE,2018-01-01,2018-01-31,181,'716,Zimbabwe,79,'0118,Millet,5530,Producer Price (LCU/tonne),2018,2018,7001,January,LCU,390.000000,A
ZWE,2021-01-01,2021-12-31,181,'716,Zimbabwe,79,'0118,Millet,5530,Producer Price (LCU/tonne),2021,2021,7021,Annual value,LCU,35890.000000,A
ZWE,2022-01-01,2022-12-31,181,'716,Zimbabwe,79,'0118,Millet,5530,Producer Price (LCU/tonne),2022,2022,7021,Annual value,LCU,64667.000000,A
ZWE,2023-01-01,2023-12-31,181,'716,Zimbabwe,79,'0118,Millet,5530,Producer Price (LCU/tonne),2023,2023,7021,Annual value,LCU,1716750.000000,A
ZWE,2023-01-01,2023-01-31,181,'716,Zimbabwe,79,'0118,Millet,5530,Producer Price (LCU/tonne),2023,2023,7001,January,LCU,363000.000000,A
ZWE,2023-02-01,2023-02-28,181,'716,Zimbabwe,79,'0118,Millet,5530,Producer Price (LCU/tonne),2023,2023,7002,February,LCU,429000.000000,A
ZWE,2023-03-01,2023-03-31,181,'716,Zimbabwe,79,'0118,Millet,5530,Producer Price (LCU/tonne),2023,2023,7003,March,LCU,459000.000000,A
ZWE,2023-04-01,2023-04-30,181,'716,Zimbabwe,79,'0118,Millet,5530,Producer Price (LCU/tonne),2023,2023,7004,April,LCU,972000.000000,A
ZWE,2023-05-01,2023-05-31,181,'716,Zimbabwe,79,'0118,Millet,5530,Producer Price (LCU/tonne),2023,2023,7005,May,LCU,980000.000000,A
ZWE,2023-06-01,2023-06-30,181,'716,Zimbabwe,79,'0118,Millet,5530,Producer Price (LCU/tonne),2023,2023,7006,June,LCU,2380000.000000,A
ZWE,2023-07-01,2023-07-31,181,'716,Zimbabwe,79,'0118,Millet,5530,Producer Price (LCU/tonne),2023,2023,7007,July,LCU,1680000.000000,A
ZWE,2023-08-01,2023-08-31,181,'716,Zimbabwe,79,'0118,Millet,5530,Producer Price (LCU/tonne),2023,2023,7008,August,LCU,1932000.000000,A
ZWE,2023-09-01,2023-09-30,181,'716,Zimbabwe,79,'0118,Millet,5530,Producer Price (LCU/tonne),2023,2023,7009,September,LCU,2346000.000000,A
ZWE,2023-10-01,2023-10-31,181,'716,Zimbabwe,79,'0118,Millet,5530,Producer Price (LCU/tonne),2023,2023,7010,October,LCU,2592000.000000,A
ZWE,2023-11-01,2023-11-30,181,'716,Zimbabwe,79,'0118,Millet,5530,Producer Price (LCU/tonne),2023,2023,7011,November,LCU,3240000.000000,A
ZWE,2023-12-01,2023-12-31,181,'716,Zimbabwe,79,'0118,Millet,5530,Producer Price (LCU/tonne),2023,2023,7012,December,LCU,3528000.000000,A
ZWE,1991-01-01,1991-12-31,181,'716,Zimbabwe,79,'0118,Millet,5531,Producer Price (SLC/tonne),1991,1991,7021,Annual value,SLC,0.700000,A
ZWE,1992-01-01,1992-12-31,181,'716,Zimbabwe,79,'0118,Millet,5531,Producer Price (SLC/tonne),1992,1992,7021,Annual value,SLC,1.000000,A
ZWE,1993-01-01,1993-12-31,181,'716,Zimbabwe,79,'0118,Millet,5531,Producer Price (SLC/tonne),1993,1993,7021,Annual value,SLC,1.400000,A
ZWE,1994-01-01,1994-12-31,181,'716,Zimbabwe,79,'0118,Millet,5531,Producer Price (SLC/tonne),1994,1994,7021,Annual value,SLC,1.400000,A
ZWE,1995-01-01,1995-12-31,181,'716,Zimbabwe,79,'0118,Millet,5531,Producer Price (SLC/tonne),1995,1995,7021,Annual value,SLC,1.400000,A
ZWE,1996-01-01,1996-12-31,181,'716,Zimbabwe,79,'0118,Millet,5531,Producer Price (SLC/tonne),1996,1996,7021,Annual value,SLC,1.800000,A
ZWE,1997-01-01,1997-12-31,181,'716,Zimbabwe,79,'0118,Millet,5531,Producer Price (SLC/tonne),1997,1997,7021,Annual value,SLC,2.200000,A
ZWE,1998-01-01,1998-12-31,181,'716,Zimbabwe,79,'0118,Millet,5531,Producer Price (SLC/tonne),1998,1998,7021,Annual value,SLC,2.800000,A
ZWE,1999-01-01,1999-12-31,181,'716,Zimbabwe,79,'0118,Millet,5531,Producer Price (SLC/tonne),1999,1999,7021,Annual value,SLC,7.200000,A
ZWE,2000-01-01,2000-12-31,181,'716,Zimbabwe,79,'0118,Millet,5531,Producer Price (SLC/tonne),2000,2000,7021,Annual value,SLC,11.100000,A
ZWE,2001-01-01,2001-12-31,181,'716,Zimbabwe,79,'0118,Millet,5531,Producer Price (SLC/tonne),2001,2001,7021,Annual value,SLC,16.600000,A
ZWE,2002-01-01,2002-12-31,181,'716,Zimbabwe,79,'0118,Millet,5531,Producer Price (SLC/tonne),2002,2002,7021,Annual value,SLC,82.900000,A
ZWE,2003-01-01,2003-12-31,181,'716,Zimbabwe,79,'0118,Millet,5531,Producer Price (SLC/tonne),2003,2003,7021,Annual value,SLC,829.000000,A
ZWE,2004-01-01,2004-12-31,181,'716,Zimbabwe,79,'0118,Millet,5531,Producer Price (SLC/tonne),2004,2004,7021,Annual value,SLC,2072.400000,A
ZWE,2005-01-01,2005-12-31,181,'716,Zimbabwe,79,'0118,Millet,5531,Producer Price (SLC/tonne),2005,2005,7021,Annual value,SLC,6217.200000,A
ZWE,2006-01-01,2006-12-31,181,'716,Zimbabwe,79,'0118,Millet,5531,Producer Price (SLC/tonne),2006,2006,7021,Annual value,SLC,86488.000000,A
ZWE,2013-01-01,2013-12-31,181,'716,Zimbabwe,79,'0118,Millet,5531,Producer Price (SLC/tonne),2013,2013,7021,Annual value,SLC,295.000000,A
ZWE,2014-01-01,2014-12-31,181,'716,Zimbabwe,79,'0118,Millet,5531,Producer Price (SLC/tonne),2014,2014,7021,Annual value,SLC,310.000000,A
ZWE,2015-01-01,2015-12-31,181,'716,Zimbabwe,79,'0118,Millet,5531,Producer Price (SLC/tonne),2015,2015,7021,Annual value,SLC,230.000000,A
ZWE,2016-01-01,2016-12-31,181,'716,Zimbabwe,79,'0118,Millet,5531,Producer Price (SLC/tonne),2016,2016,7021,Annual value,SLC,390.000000,A
ZWE,2017-01-01,2017-12-31,181,'716,Zimbabwe,79,'0118,Millet,5531,Producer Price (SLC/tonne),2017,2017,7021,Annual value,SLC,390.000000,A
ZWE,2018-01-01,2018-12-31,181,'716,Zimbabwe,79,'0118,Millet,5531,Producer Price (SLC/tonne),2018,2018,7021,Annual value,SLC,390.000000,A
ZWE,2010-01-01,2010-12-31,181,'716,Zimbabwe,79,'0118,Millet,5532,Producer Price (USD/tonne),2010,2010,7021,Annual value,USD,110.000000,A
ZWE,2011-01-01,2011-12-31,181,'716,Zimbabwe,79,'0118,Millet,5532,Producer Price (USD/tonne),2011,2011,7021,Annual value,USD,285.000000,A
ZWE,2012-01-01,2012-12-31,181,'716,Zimbabwe,79,'0118,Millet,5532,Producer Price (USD/tonne),2012,2012,7021,Annual value,USD,295.000000,A
ZWE,2013-01-01,2013-12-31,181,'716,Zimbabwe,79,'0118,Millet,5532,Producer Price (USD/tonne),2013,2013,7021,Annual value,USD,295.000000,A
ZWE,2014-01-01,2014-12-31,181,'716,Zimbabwe,79,'0118,Millet,5532,Producer Price (USD/tonne),2014,2014,7021,Annual value,USD,310.000000,A
ZWE,2015-01-01,2015-12-31,181,'716,Zimbabwe,79,'0118,Millet,5532,Producer Price (USD/tonne),2015,2015,7021,Annual value,USD,230.000000,A
ZWE,2016-01-01,2016-12-31,181,'716,Zimbabwe,79,'0118,Millet,5532,Producer Price (USD/tonne),2016,2016,7021,Annual value,USD,390.000000,A
ZWE,2017-01-01,2017-12-31,181,'716,Zimbabwe,79,'0118,Millet,5532,Producer Price (USD/tonne),2017,2017,7021,Annual value,USD,390.000000,A
ZWE,2018-01-01,2018-12-31,181,'716,Zimbabwe,79,'0118,Millet,5532,Producer Price (USD/tonne),2018,2018,7021,Annual value,USD,390.000000,A
ZWE,2021-01-01,2021-12-31,181,'716,Zimbabwe,79,'0118,Millet,5532,Producer Price (USD/tonne),2021,2021,7021,Annual value,USD,405.300000,A
ZWE,2022-01-01,2022-12-31,181,'716,Zimbabwe,79,'0118,Millet,5532,Producer Price (USD/tonne),2022,2022,7021,Annual value,USD,64667.000000,A
ZWE,2023-01-01,2023-12-31,181,'716,Zimbabwe,79,'0118,Millet,5532,Producer Price (USD/tonne),2023,2023,7021,Annual value,USD,489.200000,A
ZWE,1991-01-01,1991-12-31,181,'716,Zimbabwe,79,'0118,Millet,5539,Producer Price Index (2014-2016 = 100),1991,1991,7021,Annual value,,0.230000,E
ZWE,1992-01-01,1992-12-31,181,'716,Zimbabwe,79,'0118,Millet,5539,Producer Price Index (2014-2016 = 100),1992,1992,7021,Annual value,,0.310000,E
ZWE,1993-01-01,1993-12-31,181,'716,Zimbabwe,79,'0118,Millet,5539,Producer Price Index (2014-2016 = 100),1993,1993,7021,Annual value,,0.460000,E
ZWE,1994-01-01,1994-12-31,181,'716,Zimbabwe,79,'0118,Millet,5539,Producer Price Index (2014-2016 = 100),1994,1994,7021,Annual value,,0.460000,E
ZWE,1995-01-01,1995-12-31,181,'716,Zimbabwe,79,'0118,Millet,5539,Producer Price Index (2014-2016 = 100),1995,1995,7021,Annual value,,0.460000,E
ZWE,1996-01-01,1996-12-31,181,'716,Zimbabwe,79,'0118,Millet,5539,Producer Price Index (2014-2016 = 100),1996,1996,7021,Annual value,,0.580000,E
ZWE,1997-01-01,1997-12-31,181,'716,Zimbabwe,79,'0118,Millet,5539,Producer Price Index (2014-2016 = 100),1997,1997,7021,Annual value,,0.710000,E
ZWE,1998-01-01,1998-12-31,181,'716,Zimbabwe,79,'0118,Millet,5539,Producer Price Index (2014-2016 = 100),1998,1998,7021,Annual value,,0.890000,E
ZWE,1999-01-01,1999-12-31,181,'716,Zimbabwe,79,'0118,Millet,5539,Producer Price Index (2014-2016 = 100),1999,1999,7021,Annual value,,2.320000,E
ZWE,2000-01-01,2000-12-31,181,'716,Zimbabwe,79,'0118,Millet,5539,Producer Price Index (2014-2016 = 100),2000,2000,7021,Annual value,,3.570000,E
ZWE,2001-01-01,2001-12-31,181,'716,Zimbabwe,79,'0118,Millet,5539,Producer Price Index (2014-2016 = 100),2001,2001,7021,Annual value,,5.350000,E
ZWE,2002-01-01,2002-12-31,181,'716,Zimbabwe,79,'0118,Millet,5539,Producer Price Index (2014-2016 = 100),2002,2002,7021,Annual value,,26.740000,E
ZWE,2003-01-01,2003-12-31,181,'716,Zimbabwe,79,'0118,Millet,5539,Producer Price Index (2014-2016 = 100),2003,2003,7021,Annual value,,267.410000,E
ZWE,2004-01-01,2004-12-31,181,'716,Zimbabwe,79,'0118,Millet,5539,Producer Price Index (2014-2016 = 100),2004,2004,7021,Annual value,,668.510000,E
ZWE,2005-01-01,2005-12-31,181,'716,Zimbabwe,79,'0118,Millet,5539,Producer Price Index (2014-2016 = 100),2005,2005,7021,Annual value,,2005.540000,E
ZWE,2006-01-01,2006-12-31,181,'716,Zimbabwe,79,'0118,Millet,5539,Producer Price Index (2014-2016 = 100),2006,2006,7021,Annual value,,27899.350000,E
ZWE,2007-01-01,2007-12-31,181,'716,Zimbabwe,79,'0118,Millet,5539,Producer Price Index (2014-2016 = 100),2007,2007,7021,Annual value,,89367.930000,E
ZWE,2010-01-01,2010-12-31,181,'716,Zimbabwe,79,'0118,Millet,5539,Producer Price Index (2014-2016 = 100),2010,2010,7021,Annual value,,35.480000,E
ZWE,2011-01-01,2011-12-31,181,'716,Zimbabwe,79,'0118,Millet,5539,Producer Price Index (2014-2016 = 100),2011,2011,7021,Annual value,,91.940000,E
ZWE,2012-01-01,2012-12-31,181,'716,Zimbabwe,79,'0118,Millet,5539,Producer Price Index (2014-2016 = 100),2012,2012,7021,Annual value,,95.160000,E
ZWE,2013-01-01,2013-12-31,181,'716,Zimbabwe,79,'0118,Millet,5539,Producer Price Index (2014-2016 = 100),2013,2013,7021,Annual value,,95.160000,E
ZWE,2014-01-01,2014-12-31,181,'716,Zimbabwe,79,'0118,Millet,5539,Producer Price Index (2014-2016 = 100),2014,2014,7021,Annual value,,100.000000,E
ZWE,2015-01-01,2015-12-31,181,'716,Zimbabwe,79,'0118,Millet,5539,Producer Price Index (2014-2016 = 100),2015,2015,7021,Annual value,,74.190000,E
ZWE,2016-01-01,2016-12-31,181,'716,Zimbabwe,79,'0118,Millet,5539,Producer Price Index (2014-2016 = 100),2016,2016,7021,Annual value,,125.810000,E
ZWE,2017-01-01,2017-12-31,181,'716,Zimbabwe,79,'0118,Millet,5539,Producer Price Index (2014-2016 = 100),2017,2017,7021,Annual value,,125.810000,E
ZWE,2018-01-01,2018-12-31,181,'716,Zimbabwe,79,'0118,Millet,5539,Producer Price Index (2014-2016 = 100),2018,2018,7021,Annual value,,125.810000,E
ZWE,2000-01-01,2000-12-31,181,'716,Zimbabwe,449,'01270,Mushrooms and truffles,5530,Producer Price (LCU/tonne),2000,2000,7021,Annual value,LCU,195000.000000,A
ZWE,2001-01-01,2001-12-31,181,'716,Zimbabwe,449,'01270,Mushrooms and truffles,5530,Producer Price (LCU/tonne),2001,2001,7021,Annual value,LCU,207000.000000,A
ZWE,2002-01-01,2002-12-31,181,'716,Zimbabwe,449,'01270,Mushrooms and truffles,5530,Producer Price (LCU/tonne),2002,2002,7021,Annual value,LCU,295000.000000,A
ZWE,2003-01-01,2003-12-31,181,'716,Zimbabwe,449,'01270,Mushrooms and truffles,5530,Producer Price (LCU/tonne),2003,2003,7021,Annual value,LCU,2845000.000000,A
ZWE,2000-01-01,2000-12-31,181,'716,Zimbabwe,449,'01270,Mushrooms and truffles,5531,Producer Price (SLC/tonne),2000,2000,7021,Annual value,SLC,538.800000,A
ZWE,2001-01-01,2001-12-31,181,'716,Zimbabwe,449,'01270,Mushrooms and truffles,5531,Producer Price (SLC/tonne),2001,2001,7021,Annual value,SLC,572.000000,A
ZWE,2002-01-01,2002-12-31,181,'716,Zimbabwe,449,'01270,Mushrooms and truffles,5531,Producer Price (SLC/tonne),2002,2002,7021,Annual value,SLC,815.100000,A
ZWE,2003-01-01,2003-12-31,181,'716,Zimbabwe,449,'01270,Mushrooms and truffles,5531,Producer Price (SLC/tonne),2003,2003,7021,Annual value,SLC,7861.300000,A
ZWE,2003-01-01,2003-12-31,181,'716,Zimbabwe,75,'0117,Oats,5530,Producer Price (LCU/tonne),2003,2003,7021,Annual value,LCU,250968.000000,A
ZWE,2003-01-01,2003-12-31,181,'716,Zimbabwe,75,'0117,Oats,5531,Producer Price (SLC/tonne),2003,2003,7021,Annual value,SLC,693.500000,A
ZWE,1991-01-01,1991-12-31,181,'716,Zimbabwe,403,'01253.02,"Onions and shallots, dry (excluding dehydrated)",5530,Producer Price (LCU/tonne),1991,1991,7021,Annual value,LCU,2500.000000,A
ZWE,1992-01-01,1992-12-31,181,'716,Zimbabwe,403,'01253.02,"Onions and shallots, dry (excluding dehydrated)",5530,Producer Price (LCU/tonne),1992,1992,7021,Annual value,LCU,2500.000000,A
ZWE,1993-01-01,1993-12-31,181,'716,Zimbabwe,403,'01253.02,"Onions and shallots, dry (excluding dehydrated)",5530,Producer Price (LCU/tonne),1993,1993,7021,Annual value,LCU,2000.000000,A
ZWE,1994-01-01,1994-12-31,181,'716,Zimbabwe,403,'01253.02,"Onions and shallots, dry (excluding dehydrated)",5530,Producer Price (LCU/tonne),1994,1994,7021,Annual value,LCU,1200.000000,X
ZWE,1995-01-01,1995-12-31,181,'716,Zimbabwe,403,'01253.02,"Onions and shallots, dry (excluding dehydrated)",5530,Producer Price (LCU/tonne),1995,1995,7021,Annual value,LCU,1200.000000,A
ZWE,1996-01-01,1996-12-31,181,'716,Zimbabwe,403,'01253.02,"Onions and shallots, dry (excluding dehydrated)",5530,Producer Price (LCU/tonne),1996,1996,7021,Annual value,LCU,1660.000000,A
ZWE,1997-01-01,1997-12-31,181,'716,Zimbabwe,403,'01253.02,"Onions and shallots, dry (excluding dehydrated)",5530,Producer Price (LCU/tonne),1997,1997,7021,Annual value,LCU,2500.000000,A
ZWE,1998-01-01,1998-12-31,181,'716,Zimbabwe,403,'01253.02,"Onions and shallots, dry (excluding dehydrated)",5530,Producer Price (LCU/tonne),1998,1998,7021,Annual value,LCU,6000.000000,A
ZWE,2000-01-01,2000-12-31,181,'716,Zimbabwe,403,'01253.02,"Onions and shallots, dry (excluding dehydrated)",5530,Producer Price (LCU/tonne),2000,2000,7021,Annual value,LCU,6500.000000,A
ZWE,2001-01-01,2001-12-31,181,'716,Zimbabwe,403,'01253.02,"Onions and shallots, dry (excluding dehydrated)",5530,Producer Price (LCU/tonne),2001,2001,7021,Annual value,LCU,23000.000000,A
ZWE,2002-01-01,2002-12-31,181,'716,Zimbabwe,403,'01253.02,"Onions and shallots, dry (excluding dehydrated)",5530,Producer Price (LCU/tonne),2002,2002,7021,Annual value,LCU,30500.000000,A
ZWE,2003-01-01,2003-12-31,181,'716,Zimbabwe,403,'01253.02,"Onions and shallots, dry (excluding dehydrated)",5530,Producer Price (LCU/tonne),2003,2003,7021,Annual value,LCU,584000.000000,A
ZWE,2015-01-01,2015-12-31,181,'716,Zimbabwe,403,'01253.02,"Onions and shallots, dry (excluding dehydrated)",5530,Producer Price (LCU/tonne),2015,2015,7021,Annual value,LCU,615.000000,A
ZWE,2016-01-01,2016-12-31,181,'716,Zimbabwe,403,'01253.02,"Onions and shallots, dry (excluding dehydrated)",5530,Producer Price (LCU/tonne),2016,2016,7021,Annual value,LCU,698.000000,A
ZWE,2017-01-01,2017-12-31,181,'716,Zimbabwe,403,'01253.02,"Onions and shallots, dry (excluding dehydrated)",5530,Producer Price (LCU/tonne),2017,2017,7021,Annual value,LCU,660.000000,A
ZWE,2017-01-01,2017-01-31,181,'716,Zimbabwe,403,'01253.02,"Onions and shallots, dry (excluding dehydrated)",5530,Producer Price (LCU/tonne),2017,2017,7001,January,LCU,425.000000,A
ZWE,2017-02-01,2017-02-28,181,'716,Zimbabwe,403,'01253.02,"Onions and shallots, dry (excluding dehydrated)",5530,Producer Price (LCU/tonne),2017,2017,7002,February,LCU,408.000000,A
ZWE,2017-03-01,2017-03-31,181,'716,Zimbabwe,403,'01253.02,"Onions and shallots, dry (excluding dehydrated)",5530,Producer Price (LCU/tonne),2017,2017,7003,March,LCU,625.000000,A
ZWE,2017-04-01,2017-04-30,181,'716,Zimbabwe,403,'01253.02,"Onions and shallots, dry (excluding dehydrated)",5530,Producer Price (LCU/tonne),2017,2017,7004,April,LCU,658.000000,A
ZWE,2017-05-01,2017-05-31,181,'716,Zimbabwe,403,'01253.02,"Onions and shallots, dry (excluding dehydrated)",5530,Producer Price (LCU/tonne),2017,2017,7005,May,LCU,683.000000,A
ZWE,2017-06-01,2017-06-30,181,'716,Zimbabwe,403,'01253.02,"Onions and shallots, dry (excluding dehydrated)",5530,Producer Price (LCU/tonne),2017,2017,7006,June,LCU,825.000000,A
ZWE,2017-07-01,2017-07-31,181,'716,Zimbabwe,403,'01253.02,"Onions and shallots, dry (excluding dehydrated)",5530,Producer Price (LCU/tonne),2017,2017,7007,July,LCU,825.000000,A
ZWE,2017-08-01,2017-08-31,181,'716,Zimbabwe,403,'01253.02,"Onions and shallots, dry (excluding dehydrated)",5530,Producer Price (LCU/tonne),2017,2017,7008,August,LCU,700.000000,A
ZWE,2017-09-01,2017-09-30,181,'716,Zimbabwe,403,'01253.02,"Onions and shallots, dry (excluding dehydrated)",5530,Producer Price (LCU/tonne),2017,2017,7009,September,LCU,753.000000,A
ZWE,2017-10-01,2017-10-31,181,'716,Zimbabwe,403,'01253.02,"Onions and shallots, dry (excluding dehydrated)",5530,Producer Price (LCU/tonne),2017,2017,7010,October,LCU,650.000000,A
ZWE,2017-11-01,2017-11-30,181,'716,Zimbabwe,403,'01253.02,"Onions and shallots, dry (excluding dehydrated)",5530,Producer Price (LCU/tonne),2017,2017,7011,November,LCU,700.000000,A
ZWE,2017-12-01,2017-12-31,181,'716,Zimbabwe,403,'01253.02,"Onions and shallots, dry (excluding dehydrated)",5530,Producer Price (LCU/tonne),2017,2017,7012,December,LCU,675.000000,A
ZWE,2018-01-01,2018-01-31,181,'716,Zimbabwe,403,'01253.02,"Onions and shallots, dry (excluding dehydrated)",5530,Producer Price (LCU/tonne),2018,2018,7001,January,LCU,600.000000,A
ZWE,1991-01-01,1991-12-31,181,'716,Zimbabwe,403,'01253.02,"Onions and shallots, dry (excluding dehydrated)",5531,Producer Price (SLC/tonne),1991,1991,7021,Annual value,SLC,6.900000,A
ZWE,1992-01-01,1992-12-31,181,'716,Zimbabwe,403,'01253.02,"Onions and shallots, dry (excluding dehydrated)",5531,Producer Price (SLC/tonne),1992,1992,7021,Annual value,SLC,6.900000,A
ZWE,1993-01-01,1993-12-31,181,'716,Zimbabwe,403,'01253.02,"Onions and shallots, dry (excluding dehydrated)",5531,Producer Price (SLC/tonne),1993,1993,7021,Annual value,SLC,5.500000,A
ZWE,1994-01-01,1994-12-31,181,'716,Zimbabwe,403,'01253.02,"Onions and shallots, dry (excluding dehydrated)",5531,Producer Price (SLC/tonne),1994,1994,7021,Annual value,SLC,3.300000,X
ZWE,1995-01-01,1995-12-31,181,'716,Zimbabwe,403,'01253.02,"Onions and shallots, dry (excluding dehydrated)",5531,Producer Price (SLC/tonne),1995,1995,7021,Annual value,SLC,3.300000,A
ZWE,1996-01-01,1996-12-31,181,'716,Zimbabwe,403,'01253.02,"Onions and shallots, dry (excluding dehydrated)",5531,Producer Price (SLC/tonne),1996,1996,7021,Annual value,SLC,4.600000,A
ZWE,1997-01-01,1997-12-31,181,'716,Zimbabwe,403,'01253.02,"Onions and shallots, dry (excluding dehydrated)",5531,Producer Price (SLC/tonne),1997,1997,7021,Annual value,SLC,6.900000,A
ZWE,1998-01-01,1998-12-31,181,'716,Zimbabwe,403,'01253.02,"Onions and shallots, dry (excluding dehydrated)",5531,Producer Price (SLC/tonne),1998,1998,7021,Annual value,SLC,16.600000,A
ZWE,2000-01-01,2000-12-31,181,'716,Zimbabwe,403,'01253.02,"Onions and shallots, dry (excluding dehydrated)",5531,Producer Price (SLC/tonne),2000,2000,7021,Annual value,SLC,18.000000,A
ZWE,2001-01-01,2001-12-31,181,'716,Zimbabwe,403,'01253.02,"Onions and shallots, dry (excluding dehydrated)",5531,Producer Price (SLC/tonne),2001,2001,7021,Annual value,SLC,63.600000,A
ZWE,2002-01-01,2002-12-31,181,'716,Zimbabwe,403,'01253.02,"Onions and shallots, dry (excluding dehydrated)",5531,Producer Price (SLC/tonne),2002,2002,7021,Annual value,SLC,84.300000,A
ZWE,2003-01-01,2003-12-31,181,'716,Zimbabwe,403,'01253.02,"Onions and shallots, dry (excluding dehydrated)",5531,Producer Price (SLC/tonne),2003,2003,7021,Annual value,SLC,1613.700000,A
ZWE,2015-01-01,2015-12-31,181,'716,Zimbabwe,403,'01253.02,"Onions and shallots, dry (excluding dehydrated)",5531,Producer Price (SLC/tonne),2015,2015,7021,Annual value,SLC,615.000000,A
ZWE,2016-01-01,2016-12-31,181,'716,Zimbabwe,403,'01253.02,"Onions and shallots, dry (excluding dehydrated)",5531,Producer Price (SLC/tonne),2016,2016,7021,Annual value,SLC,698.000000,A
ZWE,2017-01-01,2017-12-31,181,'716,Zimbabwe,403,'01253.02,"Onions and shallots, dry (excluding dehydrated)",5531,Producer Price (SLC/tonne),2017,2017,7021,Annual value,SLC,660.000000,A
ZWE,2018-01-01,2018-12-31,181,'716,Zimbabwe,403,'01253.02,"Onions and shallots, dry (excluding dehydrated)",5531,Producer Price (SLC/tonne),2018,2018,7021,Annual value,SLC,724.800000,A
ZWE,2015-01-01,2015-12-31,181,'716,Zimbabwe,403,'01253.02,"Onions and shallots, dry (excluding dehydrated)",5532,Producer Price (USD/tonne),2015,2015,7021,Annual value,USD,615.000000,A
ZWE,2016-01-01,2016-12-31,181,'716,Zimbabwe,403,'01253.02,"Onions and shallots, dry (excluding dehydrated)",5532,Producer Price (USD/tonne),2016,2016,7021,Annual value,USD,698.000000,A
ZWE,2017-01-01,2017-12-31,181,'716,Zimbabwe,403,'01253.02,"Onions and shallots, dry (excluding dehydrated)",5532,Producer Price (USD/tonne),2017,2017,7021,Annual value,USD,660.000000,A
ZWE,1991-01-01,1991-12-31,181,'716,Zimbabwe,403,'01253.02,"Onions and shallots, dry (excluding dehydrated)",5539,Producer Price Index (2014-2016 = 100),1991,1991,7021,Annual value,,1.050000,E
ZWE,1992-01-01,1992-12-31,181,'716,Zimbabwe,403,'01253.02,"Onions and shallots, dry (excluding dehydrated)",5539,Producer Price Index (2014-2016 = 100),1992,1992,7021,Annual value,,1.050000,E
ZWE,1993-01-01,1993-12-31,181,'716,Zimbabwe,403,'01253.02,"Onions and shallots, dry (excluding dehydrated)",5539,Producer Price Index (2014-2016 = 100),1993,1993,7021,Annual value,,0.840000,E
ZWE,1994-01-01,1994-12-31,181,'716,Zimbabwe,403,'01253.02,"Onions and shallots, dry (excluding dehydrated)",5539,Producer Price Index (2014-2016 = 100),1994,1994,7021,Annual value,,0.510000,E
ZWE,1995-01-01,1995-12-31,181,'716,Zimbabwe,403,'01253.02,"Onions and shallots, dry (excluding dehydrated)",5539,Producer Price Index (2014-2016 = 100),1995,1995,7021,Annual value,,0.510000,E
ZWE,1996-01-01,1996-12-31,181,'716,Zimbabwe,403,'01253.02,"Onions and shallots, dry (excluding dehydrated)",5539,Producer Price Index (2014-2016 = 100),1996,1996,7021,Annual value,,0.700000,E
ZWE,1997-01-01,1997-12-31,181,'716,Zimbabwe,403,'01253.02,"Onions and shallots, dry (excluding dehydrated)",5539,Producer Price Index (2014-2016 = 100),1997,1997,7021,Annual value,,1.050000,E
ZWE,1998-01-01,1998-12-31,181,'716,Zimbabwe,403,'01253.02,"Onions and shallots, dry (excluding dehydrated)",5539,Producer Price Index (2014-2016 = 100),1998,1998,7021,Annual value,,2.530000,E
ZWE,1999-01-01,1999-12-31,181,'716,Zimbabwe,403,'01253.02,"Onions and shallots, dry (excluding dehydrated)",5539,Producer Price Index (2014-2016 = 100),1999,1999,7021,Annual value,,3.660000,E
ZWE,2000-01-01,2000-12-31,181,'716,Zimbabwe,403,'01253.02,"Onions and shallots, dry (excluding dehydrated)",5539,Producer Price Index (2014-2016 = 100),2000,2000,7021,Annual value,,2.740000,E
ZWE,2001-01-01,2001-12-31,181,'716,Zimbabwe,403,'01253.02,"Onions and shallots, dry (excluding dehydrated)",5539,Producer Price Index (2014-2016 = 100),2001,2001,7021,Annual value,,9.680000,E
ZWE,2002-01-01,2002-12-31,181,'716,Zimbabwe,403,'01253.02,"Onions and shallots, dry (excluding dehydrated)",5539,Producer Price Index (2014-2016 = 100),2002,2002,7021,Annual value,,12.840000,E
ZWE,2003-01-01,2003-12-31,181,'716,Zimbabwe,403,'01253.02,"Onions and shallots, dry (excluding dehydrated)",5539,Producer Price Index (2014-2016 = 100),2003,2003,7021,Annual value,,245.800000,E
ZWE,2004-01-01,2004-12-31,181,'716,Zimbabwe,403,'01253.02,"Onions and shallots, dry (excluding dehydrated)",5539,Producer Price Index (2014-2016 = 100),2004,2004,7021,Annual value,,1537.000000,E
ZWE,2005-01-01,2005-12-31,181,'716,Zimbabwe,403,'01253.02,"Onions and shallots, dry (excluding dehydrated)",5539,Producer Price Index (2014-2016 = 100),2005,2005,7021,Annual value,,7900.560000,E
ZWE,2006-01-01,2006-12-31,181,'716,Zimbabwe,403,'01253.02,"Onions and shallots, dry (excluding dehydrated)",5539,Producer Price Index (2014-2016 = 100),2006,2006,7021,Annual value,,110002.220000,E
ZWE,2007-01-01,2007-12-31,181,'716,Zimbabwe,403,'01253.02,"Onions and shallots, dry (excluding dehydrated)",5539,Producer Price Index (2014-2016 = 100),2007,2007,7021,Annual value,,379513.880000,E
ZWE,2015-01-01,2015-12-31,181,'716,Zimbabwe,403,'01253.02,"Onions and shallots, dry (excluding dehydrated)",5539,Producer Price Index (2014-2016 = 100),2015,2015,7021,Annual value,,93.680000,E
ZWE,2016-01-01,2016-12-31,181,'716,Zimbabwe,403,'01253.02,"Onions and shallots, dry (excluding dehydrated)",5539,Producer Price Index (2014-2016 = 100),2016,2016,7021,Annual value,,106.320000,E
ZWE,2017-01-01,2017-12-31,181,'716,Zimbabwe,403,'01253.02,"Onions and shallots, dry (excluding dehydrated)",5539,Producer Price Index (2014-2016 = 100),2017,2017,7021,Annual value,,100.530000,E
ZWE,2018-01-01,2018-12-31,181,'716,Zimbabwe,403,'01253.02,"Onions and shallots, dry (excluding dehydrated)",5539,Producer Price Index (2014-2016 = 100),2018,2018,7021,Annual value,,110.410000,E
ZWE,1991-01-01,1991-12-31,181,'716,Zimbabwe,490,'01323,Oranges,5530,Producer Price (LCU/tonne),1991,1991,7021,Annual value,LCU,900.000000,A
ZWE,1992-01-01,1992-12-31,181,'716,Zimbabwe,490,'01323,Oranges,5530,Producer Price (LCU/tonne),1992,1992,7021,Annual value,LCU,900.000000,A
ZWE,1993-01-01,1993-12-31,181,'716,Zimbabwe,490,'01323,Oranges,5530,Producer Price (LCU/tonne),1993,1993,7021,Annual value,LCU,900.000000,A
ZWE,1994-01-01,1994-12-31,181,'716,Zimbabwe,490,'01323,Oranges,5530,Producer Price (LCU/tonne),1994,1994,7021,Annual value,LCU,900.000000,X
ZWE,2000-01-01,2000-12-31,181,'716,Zimbabwe,490,'01323,Oranges,5530,Producer Price (LCU/tonne),2000,2000,7021,Annual value,LCU,7500.000000,A
ZWE,2001-01-01,2001-12-31,181,'716,Zimbabwe,490,'01323,Oranges,5530,Producer Price (LCU/tonne),2001,2001,7021,Annual value,LCU,26000.000000,A
ZWE,2002-01-01,2002-12-31,181,'716,Zimbabwe,490,'01323,Oranges,5530,Producer Price (LCU/tonne),2002,2002,7021,Annual value,LCU,39550.000000,A
ZWE,2003-01-01,2003-12-31,181,'716,Zimbabwe,490,'01323,Oranges,5530,Producer Price (LCU/tonne),2003,2003,7021,Annual value,LCU,254000.000000,A
ZWE,2015-01-01,2015-12-31,181,'716,Zimbabwe,490,'01323,Oranges,5530,Producer Price (LCU/tonne),2015,2015,7021,Annual value,LCU,477.000000,A
ZWE,2016-01-01,2016-12-31,181,'716,Zimbabwe,490,'01323,Oranges,5530,Producer Price (LCU/tonne),2016,2016,7021,Annual value,LCU,519.000000,A
ZWE,2017-01-01,2017-12-31,181,'716,Zimbabwe,490,'01323,Oranges,5530,Producer Price (LCU/tonne),2017,2017,7021,Annual value,LCU,585.000000,A
ZWE,2017-02-01,2017-02-28,181,'716,Zimbabwe,490,'01323,Oranges,5530,Producer Price (LCU/tonne),2017,2017,7002,February,LCU,410.000000,A
ZWE,2017-03-01,2017-03-31,181,'716,Zimbabwe,490,'01323,Oranges,5530,Producer Price (LCU/tonne),2017,2017,7003,March,LCU,1065.000000,A
ZWE,2017-04-01,2017-04-30,181,'716,Zimbabwe,490,'01323,Oranges,5530,Producer Price (LCU/tonne),2017,2017,7004,April,LCU,425.000000,A
ZWE,2017-05-01,2017-05-31,181,'716,Zimbabwe,490,'01323,Oranges,5530,Producer Price (LCU/tonne),2017,2017,7005,May,LCU,500.000000,A
ZWE,2017-06-01,2017-06-30,181,'716,Zimbabwe,490,'01323,Oranges,5530,Producer Price (LCU/tonne),2017,2017,7006,June,LCU,685.000000,A
ZWE,2017-07-01,2017-07-31,181,'716,Zimbabwe,490,'01323,Oranges,5530,Producer Price (LCU/tonne),2017,2017,7007,July,LCU,600.000000,A
ZWE,2017-08-01,2017-08-31,181,'716,Zimbabwe,490,'01323,Oranges,5530,Producer Price (LCU/tonne),2017,2017,7008,August,LCU,675.000000,A
ZWE,2017-09-01,2017-09-30,181,'716,Zimbabwe,490,'01323,Oranges,5530,Producer Price (LCU/tonne),2017,2017,7009,September,LCU,600.000000,A
ZWE,2017-10-01,2017-10-31,181,'716,Zimbabwe,490,'01323,Oranges,5530,Producer Price (LCU/tonne),2017,2017,7010,October,LCU,675.000000,A
ZWE,2017-11-01,2017-11-30,181,'716,Zimbabwe,490,'01323,Oranges,5530,Producer Price (LCU/tonne),2017,2017,7011,November,LCU,700.000000,A
ZWE,2017-12-01,2017-12-31,181,'716,Zimbabwe,490,'01323,Oranges,5530,Producer Price (LCU/tonne),2017,2017,7012,December,LCU,688.000000,A
ZWE,2018-01-01,2018-01-31,181,'716,Zimbabwe,490,'01323,Oranges,5530,Producer Price (LCU/tonne),2018,2018,7001,January,LCU,840.000000,A
ZWE,1991-01-01,1991-12-31,181,'716,Zimbabwe,490,'01323,Oranges,5531,Producer Price (SLC/tonne),1991,1991,7021,Annual value,SLC,2.500000,A
ZWE,1992-01-01,1992-12-31,181,'716,Zimbabwe,490,'01323,Oranges,5531,Producer Price (SLC/tonne),1992,1992,7021,Annual value,SLC,2.500000,A
ZWE,1993-01-01,1993-12-31,181,'716,Zimbabwe,490,'01323,Oranges,5531,Producer Price (SLC/tonne),1993,1993,7021,Annual value,SLC,2.500000,A
ZWE,1994-01-01,1994-12-31,181,'716,Zimbabwe,490,'01323,Oranges,5531,Producer Price (SLC/tonne),1994,1994,7021,Annual value,SLC,2.500000,X
ZWE,2000-01-01,2000-12-31,181,'716,Zimbabwe,490,'01323,Oranges,5531,Producer Price (SLC/tonne),2000,2000,7021,Annual value,SLC,20.700000,A
ZWE,2001-01-01,2001-12-31,181,'716,Zimbabwe,490,'01323,Oranges,5531,Producer Price (SLC/tonne),2001,2001,7021,Annual value,SLC,71.800000,A
ZWE,2002-01-01,2002-12-31,181,'716,Zimbabwe,490,'01323,Oranges,5531,Producer Price (SLC/tonne),2002,2002,7021,Annual value,SLC,109.300000,A
ZWE,2003-01-01,2003-12-31,181,'716,Zimbabwe,490,'01323,Oranges,5531,Producer Price (SLC/tonne),2003,2003,7021,Annual value,SLC,701.900000,A
ZWE,2015-01-01,2015-12-31,181,'716,Zimbabwe,490,'01323,Oranges,5531,Producer Price (SLC/tonne),2015,2015,7021,Annual value,SLC,477.000000,A
ZWE,2016-01-01,2016-12-31,181,'716,Zimbabwe,490,'01323,Oranges,5531,Producer Price (SLC/tonne),2016,2016,7021,Annual value,SLC,519.000000,A
ZWE,2017-01-01,2017-12-31,181,'716,Zimbabwe,490,'01323,Oranges,5531,Producer Price (SLC/tonne),2017,2017,7021,Annual value,SLC,585.000000,A
ZWE,2018-01-01,2018-12-31,181,'716,Zimbabwe,490,'01323,Oranges,5531,Producer Price (SLC/tonne),2018,2018,7021,Annual value,SLC,642.500000,A
ZWE,2015-01-01,2015-12-31,181,'716,Zimbabwe,490,'01323,Oranges,5532,Producer Price (USD/tonne),2015,2015,7021,Annual value,USD,477.000000,A
ZWE,2016-01-01,2016-12-31,181,'716,Zimbabwe,490,'01323,Oranges,5532,Producer Price (USD/tonne),2016,2016,7021,Annual value,USD,519.000000,A
ZWE,2017-01-01,2017-12-31,181,'716,Zimbabwe,490,'01323,Oranges,5532,Producer Price (USD/tonne),2017,2017,7021,Annual value,USD,585.000000,A
ZWE,1991-01-01,1991-12-31,181,'716,Zimbabwe,490,'01323,Oranges,5539,Producer Price Index (2014-2016 = 100),1991,1991,7021,Annual value,,0.500000,E
ZWE,1992-01-01,1992-12-31,181,'716,Zimbabwe,490,'01323,Oranges,5539,Producer Price Index (2014-2016 = 100),1992,1992,7021,Annual value,,0.500000,E
ZWE,1993-01-01,1993-12-31,181,'716,Zimbabwe,490,'01323,Oranges,5539,Producer Price Index (2014-2016 = 100),1993,1993,7021,Annual value,,0.500000,E
ZWE,1994-01-01,1994-12-31,181,'716,Zimbabwe,490,'01323,Oranges,5539,Producer Price Index (2014-2016 = 100),1994,1994,7021,Annual value,,0.500000,E
ZWE,1995-01-01,1995-12-31,181,'716,Zimbabwe,490,'01323,Oranges,5539,Producer Price Index (2014-2016 = 100),1995,1995,7021,Annual value,,0.580000,E
ZWE,1996-01-01,1996-12-31,181,'716,Zimbabwe,490,'01323,Oranges,5539,Producer Price Index (2014-2016 = 100),1996,1996,7021,Annual value,,0.670000,E
ZWE,1997-01-01,1997-12-31,181,'716,Zimbabwe,490,'01323,Oranges,5539,Producer Price Index (2014-2016 = 100),1997,1997,7021,Annual value,,0.670000,E
ZWE,1998-01-01,1998-12-31,181,'716,Zimbabwe,490,'01323,Oranges,5539,Producer Price Index (2014-2016 = 100),1998,1998,7021,Annual value,,1.610000,E
ZWE,1999-01-01,1999-12-31,181,'716,Zimbabwe,490,'01323,Oranges,5539,Producer Price Index (2014-2016 = 100),1999,1999,7021,Annual value,,2.330000,E
ZWE,2000-01-01,2000-12-31,181,'716,Zimbabwe,490,'01323,Oranges,5539,Producer Price Index (2014-2016 = 100),2000,2000,7021,Annual value,,4.160000,E
ZWE,2001-01-01,2001-12-31,181,'716,Zimbabwe,490,'01323,Oranges,5539,Producer Price Index (2014-2016 = 100),2001,2001,7021,Annual value,,14.430000,E
ZWE,2002-01-01,2002-12-31,181,'716,Zimbabwe,490,'01323,Oranges,5539,Producer Price Index (2014-2016 = 100),2002,2002,7021,Annual value,,21.940000,E
ZWE,2003-01-01,2003-12-31,181,'716,Zimbabwe,490,'01323,Oranges,5539,Producer Price Index (2014-2016 = 100),2003,2003,7021,Annual value,,140.930000,E
ZWE,2004-01-01,2004-12-31,181,'716,Zimbabwe,490,'01323,Oranges,5539,Producer Price Index (2014-2016 = 100),2004,2004,7021,Annual value,,585.240000,E
ZWE,2005-01-01,2005-12-31,181,'716,Zimbabwe,490,'01323,Oranges,5539,Producer Price Index (2014-2016 = 100),2005,2005,7021,Annual value,,1793.980000,E
ZWE,2006-01-01,2006-12-31,181,'716,Zimbabwe,490,'01323,Oranges,5539,Producer Price Index (2014-2016 = 100),2006,2006,7021,Annual value,,24978.220000,E
ZWE,2007-01-01,2007-12-31,181,'716,Zimbabwe,490,'01323,Oranges,5539,Producer Price Index (2014-2016 = 100),2007,2007,7021,Annual value,,75506.170000,E
ZWE,2015-01-01,2015-12-31,181,'716,Zimbabwe,490,'01323,Oranges,5539,Producer Price Index (2014-2016 = 100),2015,2015,7021,Annual value,,95.780000,E
ZWE,2016-01-01,2016-12-31,181,'716,Zimbabwe,490,'01323,Oranges,5539,Producer Price Index (2014-2016 = 100),2016,2016,7021,Annual value,,104.220000,E
ZWE,2017-01-01,2017-12-31,181,'716,Zimbabwe,490,'01323,Oranges,5539,Producer Price Index (2014-2016 = 100),2017,2017,7021,Annual value,,117.470000,E
ZWE,2018-01-01,2018-12-31,181,'716,Zimbabwe,490,'01323,Oranges,5539,Producer Price Index (2014-2016 = 100),2018,2018,7021,Annual value,,129.010000,E
ZWE,2000-01-01,2000-12-31,181,'716,Zimbabwe,414,'01241.90,"Other beans, green",5530,Producer Price (LCU/tonne),2000,2000,7021,Annual value,LCU,28000.000000,A
ZWE,2001-01-01,2001-12-31,181,'716,Zimbabwe,414,'01241.90,"Other beans, green",5530,Producer Price (LCU/tonne),2001,2001,7021,Annual value,LCU,60500.000000,A
ZWE,2002-01-01,2002-12-31,181,'716,Zimbabwe,414,'01241.90,"Other beans, green",5530,Producer Price (LCU/tonne),2002,2002,7021,Annual value,LCU,152000.000000,A
ZWE,2003-01-01,2003-12-31,181,'716,Zimbabwe,414,'01241.90,"Other beans, green",5530,Producer Price (LCU/tonne),2003,2003,7021,Annual value,LCU,453000.000000,A
ZWE,2015-01-01,2015-12-31,181,'716,Zimbabwe,414,'01241.90,"Other beans, green",5530,Producer Price (LCU/tonne),2015,2015,7021,Annual value,LCU,1054.000000,A
ZWE,2016-01-01,2016-12-31,181,'716,Zimbabwe,414,'01241.90,"Other beans, green",5530,Producer Price (LCU/tonne),2016,2016,7021,Annual value,LCU,1214.000000,A
ZWE,2017-01-01,2017-12-31,181,'716,Zimbabwe,414,'01241.90,"Other beans, green",5530,Producer Price (LCU/tonne),2017,2017,7021,Annual value,LCU,1411.000000,A
ZWE,2017-01-01,2017-01-31,181,'716,Zimbabwe,414,'01241.90,"Other beans, green",5530,Producer Price (LCU/tonne),2017,2017,7001,January,LCU,1430.000000,A
ZWE,2017-02-01,2017-02-28,181,'716,Zimbabwe,414,'01241.90,"Other beans, green",5530,Producer Price (LCU/tonne),2017,2017,7002,February,LCU,1525.000000,A
ZWE,2017-03-01,2017-03-31,181,'716,Zimbabwe,414,'01241.90,"Other beans, green",5530,Producer Price (LCU/tonne),2017,2017,7003,March,LCU,1690.000000,A
ZWE,2017-04-01,2017-04-30,181,'716,Zimbabwe,414,'01241.90,"Other beans, green",5530,Producer Price (LCU/tonne),2017,2017,7004,April,LCU,1590.000000,A
ZWE,2017-05-01,2017-05-31,181,'716,Zimbabwe,414,'01241.90,"Other beans, green",5530,Producer Price (LCU/tonne),2017,2017,7005,May,LCU,1653.000000,A
ZWE,2017-06-01,2017-06-30,181,'716,Zimbabwe,414,'01241.90,"Other beans, green",5530,Producer Price (LCU/tonne),2017,2017,7006,June,LCU,1645.000000,A
ZWE,2017-07-01,2017-07-31,181,'716,Zimbabwe,414,'01241.90,"Other beans, green",5530,Producer Price (LCU/tonne),2017,2017,7007,July,LCU,1288.000000,A
ZWE,2017-08-01,2017-08-31,181,'716,Zimbabwe,414,'01241.90,"Other beans, green",5530,Producer Price (LCU/tonne),2017,2017,7008,August,LCU,1155.000000,A
ZWE,2017-09-01,2017-09-30,181,'716,Zimbabwe,414,'01241.90,"Other beans, green",5530,Producer Price (LCU/tonne),2017,2017,7009,September,LCU,1293.000000,A
ZWE,2017-10-01,2017-10-31,181,'716,Zimbabwe,414,'01241.90,"Other beans, green",5530,Producer Price (LCU/tonne),2017,2017,7010,October,LCU,1220.000000,A
ZWE,2017-11-01,2017-11-30,181,'716,Zimbabwe,414,'01241.90,"Other beans, green",5530,Producer Price (LCU/tonne),2017,2017,7011,November,LCU,1220.000000,A
ZWE,2017-12-01,2017-12-31,181,'716,Zimbabwe,414,'01241.90,"Other beans, green",5530,Producer Price (LCU/tonne),2017,2017,7012,December,LCU,1220.000000,A
ZWE,2018-01-01,2018-01-31,181,'716,Zimbabwe,414,'01241.90,"Other beans, green",5530,Producer Price (LCU/tonne),2018,2018,7001,January,LCU,1440.000000,A
ZWE,2000-01-01,2000-12-31,181,'716,Zimbabwe,414,'01241.90,"Other beans, green",5531,Producer Price (SLC/tonne),2000,2000,7021,Annual value,SLC,77.400000,A
ZWE,2001-01-01,2001-12-31,181,'716,Zimbabwe,414,'01241.90,"Other beans, green",5531,Producer Price (SLC/tonne),2001,2001,7021,Annual value,SLC,167.200000,A
ZWE,2002-01-01,2002-12-31,181,'716,Zimbabwe,414,'01241.90,"Other beans, green",5531,Producer Price (SLC/tonne),2002,2002,7021,Annual value,SLC,420.000000,A
ZWE,2003-01-01,2003-12-31,181,'716,Zimbabwe,414,'01241.90,"Other beans, green",5531,Producer Price (SLC/tonne),2003,2003,7021,Annual value,SLC,1251.700000,A
ZWE,2015-01-01,2015-12-31,181,'716,Zimbabwe,414,'01241.90,"Other beans, green",5531,Producer Price (SLC/tonne),2015,2015,7021,Annual value,SLC,1054.000000,A
ZWE,2016-01-01,2016-12-31,181,'716,Zimbabwe,414,'01241.90,"Other beans, green",5531,Producer Price (SLC/tonne),2016,2016,7021,Annual value,SLC,1214.000000,A
ZWE,2017-01-01,2017-12-31,181,'716,Zimbabwe,414,'01241.90,"Other beans, green",5531,Producer Price (SLC/tonne),2017,2017,7021,Annual value,SLC,1411.000000,A
ZWE,2018-01-01,2018-12-31,181,'716,Zimbabwe,414,'01241.90,"Other beans, green",5531,Producer Price (SLC/tonne),2018,2018,7021,Annual value,SLC,1549.600000,A
ZWE,2015-01-01,2015-12-31,181,'716,Zimbabwe,414,'01241.90,"Other beans, green",5532,Producer Price (USD/tonne),2015,2015,7021,Annual value,USD,1054.000000,A
ZWE,2016-01-01,2016-12-31,181,'716,Zimbabwe,414,'01241.90,"Other beans, green",5532,Producer Price (USD/tonne),2016,2016,7021,Annual value,USD,1214.000000,A
ZWE,2017-01-01,2017-12-31,181,'716,Zimbabwe,414,'01241.90,"Other beans, green",5532,Producer Price (USD/tonne),2017,2017,7021,Annual value,USD,1411.000000,A
ZWE,1991-01-01,1991-12-31,181,'716,Zimbabwe,414,'01241.90,"Other beans, green",5539,Producer Price Index (2014-2016 = 100),1991,1991,7021,Annual value,,0.700000,E
ZWE,1992-01-01,1992-12-31,181,'716,Zimbabwe,414,'01241.90,"Other beans, green",5539,Producer Price Index (2014-2016 = 100),1992,1992,7021,Annual value,,0.890000,E
ZWE,1993-01-01,1993-12-31,181,'716,Zimbabwe,414,'01241.90,"Other beans, green",5539,Producer Price Index (2014-2016 = 100),1993,1993,7021,Annual value,,1.090000,E
ZWE,1994-01-01,1994-12-31,181,'716,Zimbabwe,414,'01241.90,"Other beans, green",5539,Producer Price Index (2014-2016 = 100),1994,1994,7021,Annual value,,1.320000,E
ZWE,1995-01-01,1995-12-31,181,'716,Zimbabwe,414,'01241.90,"Other beans, green",5539,Producer Price Index (2014-2016 = 100),1995,1995,7021,Annual value,,1.450000,E
ZWE,1996-01-01,1996-12-31,181,'716,Zimbabwe,414,'01241.90,"Other beans, green",5539,Producer Price Index (2014-2016 = 100),1996,1996,7021,Annual value,,1.820000,E
ZWE,1997-01-01,1997-12-31,181,'716,Zimbabwe,414,'01241.90,"Other beans, green",5539,Producer Price Index (2014-2016 = 100),1997,1997,7021,Annual value,,2.110000,E
ZWE,1998-01-01,1998-12-31,181,'716,Zimbabwe,414,'01241.90,"Other beans, green",5539,Producer Price Index (2014-2016 = 100),1998,1998,7021,Annual value,,2.730000,E
ZWE,1999-01-01,1999-12-31,181,'716,Zimbabwe,414,'01241.90,"Other beans, green",5539,Producer Price Index (2014-2016 = 100),1999,1999,7021,Annual value,,4.270000,E
ZWE,2000-01-01,2000-12-31,181,'716,Zimbabwe,414,'01241.90,"Other beans, green",5539,Producer Price Index (2014-2016 = 100),2000,2000,7021,Annual value,,6.820000,E
ZWE,2001-01-01,2001-12-31,181,'716,Zimbabwe,414,'01241.90,"Other beans, green",5539,Producer Price Index (2014-2016 = 100),2001,2001,7021,Annual value,,14.740000,E
ZWE,2002-01-01,2002-12-31,181,'716,Zimbabwe,414,'01241.90,"Other beans, green",5539,Producer Price Index (2014-2016 = 100),2002,2002,7021,Annual value,,37.040000,E
ZWE,2003-01-01,2003-12-31,181,'716,Zimbabwe,414,'01241.90,"Other beans, green",5539,Producer Price Index (2014-2016 = 100),2003,2003,7021,Annual value,,110.380000,E
ZWE,2004-01-01,2004-12-31,181,'716,Zimbabwe,414,'01241.90,"Other beans, green",5539,Producer Price Index (2014-2016 = 100),2004,2004,7021,Annual value,,389.260000,E
ZWE,2005-01-01,2005-12-31,181,'716,Zimbabwe,414,'01241.90,"Other beans, green",5539,Producer Price Index (2014-2016 = 100),2005,2005,7021,Annual value,,1037.000000,E
ZWE,2006-01-01,2006-12-31,181,'716,Zimbabwe,414,'01241.90,"Other beans, green",5539,Producer Price Index (2014-2016 = 100),2006,2006,7021,Annual value,,14438.480000,E
ZWE,2007-01-01,2007-12-31,181,'716,Zimbabwe,414,'01241.90,"Other beans, green",5539,Producer Price Index (2014-2016 = 100),2007,2007,7021,Annual value,,36465.460000,E
ZWE,2015-01-01,2015-12-31,181,'716,Zimbabwe,414,'01241.90,"Other beans, green",5539,Producer Price Index (2014-2016 = 100),2015,2015,7021,Annual value,,92.950000,E
ZWE,2016-01-01,2016-12-31,181,'716,Zimbabwe,414,'01241.90,"Other beans, green",5539,Producer Price Index (2014-2016 = 100),2016,2016,7021,Annual value,,107.050000,E
ZWE,2017-01-01,2017-12-31,181,'716,Zimbabwe,414,'01241.90,"Other beans, green",5539,Producer Price Index (2014-2016 = 100),2017,2017,7021,Annual value,,124.430000,E
ZWE,2018-01-01,2018-12-31,181,'716,Zimbabwe,414,'01241.90,"Other beans, green",5539,Producer Price Index (2014-2016 = 100),2018,2018,7021,Annual value,,136.650000,E
ZWE,2013-01-01,2013-12-31,181,'716,Zimbabwe,211,'01709.90,Other pulses n.e.c.,5530,Producer Price (LCU/tonne),2013,2013,7021,Annual value,LCU,54460.000000,I
ZWE,2013-01-01,2013-01-31,181,'716,Zimbabwe,211,'01709.90,Other pulses n.e.c.,5530,Producer Price (LCU/tonne),2013,2013,7001,January,LCU,108570.000000,A
ZWE,2013-02-01,2013-02-28,181,'716,Zimbabwe,211,'01709.90,Other pulses n.e.c.,5530,Producer Price (LCU/tonne),2013,2013,7002,February,LCU,108570.000000,A
ZWE,2013-03-01,2013-03-31,181,'716,Zimbabwe,211,'01709.90,Other pulses n.e.c.,5530,Producer Price (LCU/tonne),2013,2013,7003,March,LCU,108570.000000,A
ZWE,2014-01-01,2014-12-31,181,'716,Zimbabwe,211,'01709.90,Other pulses n.e.c.,5530,Producer Price (LCU/tonne),2014,2014,7021,Annual value,LCU,350.000000,A
ZWE,2014-01-01,2014-01-31,181,'716,Zimbabwe,211,'01709.90,Other pulses n.e.c.,5530,Producer Price (LCU/tonne),2014,2014,7001,January,LCU,350.000000,A
ZWE,2014-02-01,2014-02-28,181,'716,Zimbabwe,211,'01709.90,Other pulses n.e.c.,5530,Producer Price (LCU/tonne),2014,2014,7002,February,LCU,350.000000,A
ZWE,2014-03-01,2014-03-31,181,'716,Zimbabwe,211,'01709.90,Other pulses n.e.c.,5530,Producer Price (LCU/tonne),2014,2014,7003,March,LCU,350.000000,A
ZWE,2014-04-01,2014-04-30,181,'716,Zimbabwe,211,'01709.90,Other pulses n.e.c.,5530,Producer Price (LCU/tonne),2014,2014,7004,April,LCU,350.000000,A
ZWE,2014-05-01,2014-05-31,181,'716,Zimbabwe,211,'01709.90,Other pulses n.e.c.,5530,Producer Price (LCU/tonne),2014,2014,7005,May,LCU,350.000000,A
ZWE,2014-06-01,2014-06-30,181,'716,Zimbabwe,211,'01709.90,Other pulses n.e.c.,5530,Producer Price (LCU/tonne),2014,2014,7006,June,LCU,350.000000,A
ZWE,2014-07-01,2014-07-31,181,'716,Zimbabwe,211,'01709.90,Other pulses n.e.c.,5530,Producer Price (LCU/tonne),2014,2014,7007,July,LCU,350.000000,A
ZWE,2014-08-01,2014-08-31,181,'716,Zimbabwe,211,'01709.90,Other pulses n.e.c.,5530,Producer Price (LCU/tonne),2014,2014,7008,August,LCU,350.000000,A
ZWE,2014-09-01,2014-09-30,181,'716,Zimbabwe,211,'01709.90,Other pulses n.e.c.,5530,Producer Price (LCU/tonne),2014,2014,7009,September,LCU,350.000000,A
ZWE,2014-10-01,2014-10-31,181,'716,Zimbabwe,211,'01709.90,Other pulses n.e.c.,5530,Producer Price (LCU/tonne),2014,2014,7010,October,LCU,350.000000,A
ZWE,2014-11-01,2014-11-30,181,'716,Zimbabwe,211,'01709.90,Other pulses n.e.c.,5530,Producer Price (LCU/tonne),2014,2014,7011,November,LCU,350.000000,A
ZWE,2014-12-01,2014-12-31,181,'716,Zimbabwe,211,'01709.90,Other pulses n.e.c.,5530,Producer Price (LCU/tonne),2014,2014,7012,December,LCU,350.000000,A
ZWE,2015-01-01,2015-01-31,181,'716,Zimbabwe,211,'01709.90,Other pulses n.e.c.,5530,Producer Price (LCU/tonne),2015,2015,7001,January,LCU,350.000000,A
ZWE,2013-01-01,2013-12-31,181,'716,Zimbabwe,211,'01709.90,Other pulses n.e.c.,5531,Producer Price (SLC/tonne),2013,2013,7021,Annual value,SLC,150.500000,I
ZWE,2014-01-01,2014-12-31,181,'716,Zimbabwe,211,'01709.90,Other pulses n.e.c.,5531,Producer Price (SLC/tonne),2014,2014,7021,Annual value,SLC,350.000000,A
ZWE,2010-01-01,2010-12-31,181,'716,Zimbabwe,211,'01709.90,Other pulses n.e.c.,5532,Producer Price (USD/tonne),2010,2010,7021,Annual value,USD,110.000000,A
ZWE,2011-01-01,2011-12-31,181,'716,Zimbabwe,211,'01709.90,Other pulses n.e.c.,5532,Producer Price (USD/tonne),2011,2011,7021,Annual value,USD,205.000000,I
ZWE,2012-01-01,2012-12-31,181,'716,Zimbabwe,211,'01709.90,Other pulses n.e.c.,5532,Producer Price (USD/tonne),2012,2012,7021,Annual value,USD,300.000000,A
ZWE,2013-01-01,2013-12-31,181,'716,Zimbabwe,211,'01709.90,Other pulses n.e.c.,5532,Producer Price (USD/tonne),2013,2013,7021,Annual value,USD,150.500000,I
ZWE,2014-01-01,2014-12-31,181,'716,Zimbabwe,211,'01709.90,Other pulses n.e.c.,5532,Producer Price (USD/tonne),2014,2014,7021,Annual value,USD,350.000000,A
ZWE,1991-01-01,1991-12-31,181,'716,Zimbabwe,211,'01709.90,Other pulses n.e.c.,5539,Producer Price Index (2014-2016 = 100),1991,1991,7021,Annual value,,0.350000,E
ZWE,1992-01-01,1992-12-31,181,'716,Zimbabwe,211,'01709.90,Other pulses n.e.c.,5539,Producer Price Index (2014-2016 = 100),1992,1992,7021,Annual value,,0.350000,E
ZWE,1993-01-01,1993-12-31,181,'716,Zimbabwe,211,'01709.90,Other pulses n.e.c.,5539,Producer Price Index (2014-2016 = 100),1993,1993,7021,Annual value,,1.990000,E
ZWE,1994-01-01,1994-12-31,181,'716,Zimbabwe,211,'01709.90,Other pulses n.e.c.,5539,Producer Price Index (2014-2016 = 100),1994,1994,7021,Annual value,,2.130000,E
ZWE,1995-01-01,1995-12-31,181,'716,Zimbabwe,211,'01709.90,Other pulses n.e.c.,5539,Producer Price Index (2014-2016 = 100),1995,1995,7021,Annual value,,3.320000,E
ZWE,1996-01-01,1996-12-31,181,'716,Zimbabwe,211,'01709.90,Other pulses n.e.c.,5539,Producer Price Index (2014-2016 = 100),1996,1996,7021,Annual value,,5.020000,E
ZWE,1997-01-01,1997-12-31,181,'716,Zimbabwe,211,'01709.90,Other pulses n.e.c.,5539,Producer Price Index (2014-2016 = 100),1997,1997,7021,Annual value,,4.890000,E
ZWE,1998-01-01,1998-12-31,181,'716,Zimbabwe,211,'01709.90,Other pulses n.e.c.,5539,Producer Price Index (2014-2016 = 100),1998,1998,7021,Annual value,,3.720000,E
ZWE,1999-01-01,1999-12-31,181,'716,Zimbabwe,211,'01709.90,Other pulses n.e.c.,5539,Producer Price Index (2014-2016 = 100),1999,1999,7021,Annual value,,6.570000,E
ZWE,2000-01-01,2000-12-31,181,'716,Zimbabwe,211,'01709.90,Other pulses n.e.c.,5539,Producer Price Index (2014-2016 = 100),2000,2000,7021,Annual value,,23.180000,E
ZWE,2001-01-01,2001-12-31,181,'716,Zimbabwe,211,'01709.90,Other pulses n.e.c.,5539,Producer Price Index (2014-2016 = 100),2001,2001,7021,Annual value,,40.190000,E
ZWE,2002-01-01,2002-12-31,181,'716,Zimbabwe,211,'01709.90,Other pulses n.e.c.,5539,Producer Price Index (2014-2016 = 100),2002,2002,7021,Annual value,,189.330000,E
ZWE,2003-01-01,2003-12-31,181,'716,Zimbabwe,211,'01709.90,Other pulses n.e.c.,5539,Producer Price Index (2014-2016 = 100),2003,2003,7021,Annual value,,1762.300000,E
ZWE,2004-01-01,2004-12-31,181,'716,Zimbabwe,211,'01709.90,Other pulses n.e.c.,5539,Producer Price Index (2014-2016 = 100),2004,2004,7021,Annual value,,8593.610000,E
ZWE,2005-01-01,2005-12-31,181,'716,Zimbabwe,211,'01709.90,Other pulses n.e.c.,5539,Producer Price Index (2014-2016 = 100),2005,2005,7021,Annual value,,34993.920000,E
ZWE,2006-01-01,2006-12-31,181,'716,Zimbabwe,211,'01709.90,Other pulses n.e.c.,5539,Producer Price Index (2014-2016 = 100),2006,2006,7021,Annual value,,487232.160000,E
ZWE,2007-01-01,2007-12-31,181,'716,Zimbabwe,211,'01709.90,Other pulses n.e.c.,5539,Producer Price Index (2014-2016 = 100),2007,2007,7021,Annual value,,1826611.510000,E
ZWE,2010-01-01,2010-12-31,181,'716,Zimbabwe,211,'01709.90,Other pulses n.e.c.,5539,Producer Price Index (2014-2016 = 100),2010,2010,7021,Annual value,,30.760000,E
ZWE,2011-01-01,2011-12-31,181,'716,Zimbabwe,211,'01709.90,Other pulses n.e.c.,5539,Producer Price Index (2014-2016 = 100),2011,2011,7021,Annual value,,57.330000,E
ZWE,2012-01-01,2012-12-31,181,'716,Zimbabwe,211,'01709.90,Other pulses n.e.c.,5539,Producer Price Index (2014-2016 = 100),2012,2012,7021,Annual value,,83.900000,E
ZWE,2013-01-01,2013-12-31,181,'716,Zimbabwe,211,'01709.90,Other pulses n.e.c.,5539,Producer Price Index (2014-2016 = 100),2013,2013,7021,Annual value,,42.090000,E
ZWE,2014-01-01,2014-12-31,181,'716,Zimbabwe,211,'01709.90,Other pulses n.e.c.,5539,Producer Price Index (2014-2016 = 100),2014,2014,7021,Annual value,,97.890000,E
ZWE,2015-01-01,2015-12-31,181,'716,Zimbabwe,211,'01709.90,Other pulses n.e.c.,5539,Producer Price Index (2014-2016 = 100),2015,2015,7021,Annual value,,100.160000,E
ZWE,2016-01-01,2016-12-31,181,'716,Zimbabwe,211,'01709.90,Other pulses n.e.c.,5539,Producer Price Index (2014-2016 = 100),2016,2016,7021,Annual value,,101.950000,E
ZWE,2017-01-01,2017-12-31,181,'716,Zimbabwe,211,'01709.90,Other pulses n.e.c.,5539,Producer Price Index (2014-2016 = 100),2017,2017,7021,Annual value,,126.280000,E
ZWE,2018-01-01,2018-12-31,181,'716,Zimbabwe,211,'01709.90,Other pulses n.e.c.,5539,Producer Price Index (2014-2016 = 100),2018,2018,7021,Annual value,,94.270000,E
ZWE,2002-01-01,2002-12-31,181,'716,Zimbabwe,541,'01349.20,Other stone fruits,5530,Producer Price (LCU/tonne),2002,2002,7021,Annual value,LCU,79090.000000,A
ZWE,2003-01-01,2003-12-31,181,'716,Zimbabwe,541,'01349.20,Other stone fruits,5530,Producer Price (LCU/tonne),2003,2003,7021,Annual value,LCU,198500.000000,A
ZWE,2002-01-01,2002-12-31,181,'716,Zimbabwe,541,'01349.20,Other stone fruits,5531,Producer Price (SLC/tonne),2002,2002,7021,Annual value,SLC,218.500000,A
ZWE,2003-01-01,2003-12-31,181,'716,Zimbabwe,541,'01349.20,Other stone fruits,5531,Producer Price (SLC/tonne),2003,2003,7021,Annual value,SLC,548.500000,A
ZWE,2015-01-01,2015-12-31,181,'716,Zimbabwe,463,'01290.90,"Other vegetables, fresh n.e.c.",5530,Producer Price (LCU/tonne),2015,2015,7021,Annual value,LCU,671.000000,A
ZWE,2016-01-01,2016-12-31,181,'716,Zimbabwe,463,'01290.90,"Other vegetables, fresh n.e.c.",5530,Producer Price (LCU/tonne),2016,2016,7021,Annual value,LCU,1727.000000,A
ZWE,2017-01-01,2017-12-31,181,'716,Zimbabwe,463,'01290.90,"Other vegetables, fresh n.e.c.",5530,Producer Price (LCU/tonne),2017,2017,7021,Annual value,LCU,607.000000,A
ZWE,2017-01-01,2017-01-31,181,'716,Zimbabwe,463,'01290.90,"Other vegetables, fresh n.e.c.",5530,Producer Price (LCU/tonne),2017,2017,7001,January,LCU,365.000000,A
ZWE,2017-02-01,2017-02-28,181,'716,Zimbabwe,463,'01290.90,"Other vegetables, fresh n.e.c.",5530,Producer Price (LCU/tonne),2017,2017,7002,February,LCU,525.000000,A
ZWE,2017-03-01,2017-03-31,181,'716,Zimbabwe,463,'01290.90,"Other vegetables, fresh n.e.c.",5530,Producer Price (LCU/tonne),2017,2017,7003,March,LCU,1125.000000,A
ZWE,2017-04-01,2017-04-30,181,'716,Zimbabwe,463,'01290.90,"Other vegetables, fresh n.e.c.",5530,Producer Price (LCU/tonne),2017,2017,7004,April,LCU,1000.000000,A
ZWE,2017-05-01,2017-05-31,181,'716,Zimbabwe,463,'01290.90,"Other vegetables, fresh n.e.c.",5530,Producer Price (LCU/tonne),2017,2017,7005,May,LCU,373.000000,A
ZWE,2017-06-01,2017-06-30,181,'716,Zimbabwe,463,'01290.90,"Other vegetables, fresh n.e.c.",5530,Producer Price (LCU/tonne),2017,2017,7006,June,LCU,413.000000,A
ZWE,2017-07-01,2017-07-31,181,'716,Zimbabwe,463,'01290.90,"Other vegetables, fresh n.e.c.",5530,Producer Price (LCU/tonne),2017,2017,7007,July,LCU,358.000000,A
ZWE,2017-08-01,2017-08-31,181,'716,Zimbabwe,463,'01290.90,"Other vegetables, fresh n.e.c.",5530,Producer Price (LCU/tonne),2017,2017,7008,August,LCU,390.000000,A
ZWE,2017-09-01,2017-09-30,181,'716,Zimbabwe,463,'01290.90,"Other vegetables, fresh n.e.c.",5530,Producer Price (LCU/tonne),2017,2017,7009,September,LCU,1000.000000,A
ZWE,2017-10-01,2017-10-31,181,'716,Zimbabwe,463,'01290.90,"Other vegetables, fresh n.e.c.",5530,Producer Price (LCU/tonne),2017,2017,7010,October,LCU,660.000000,A
ZWE,2017-11-01,2017-11-30,181,'716,Zimbabwe,463,'01290.90,"Other vegetables, fresh n.e.c.",5530,Producer Price (LCU/tonne),2017,2017,7011,November,LCU,500.000000,A
ZWE,2017-12-01,2017-12-31,181,'716,Zimbabwe,463,'01290.90,"Other vegetables, fresh n.e.c.",5530,Producer Price (LCU/tonne),2017,2017,7012,December,LCU,580.000000,A
ZWE,2018-01-01,2018-01-31,181,'716,Zimbabwe,463,'01290.90,"Other vegetables, fresh n.e.c.",5530,Producer Price (LCU/tonne),2018,2018,7001,January,LCU,1333.000000,A
ZWE,2015-01-01,2015-12-31,181,'716,Zimbabwe,463,'01290.90,"Other vegetables, fresh n.e.c.",5531,Producer Price (SLC/tonne),2015,2015,7021,Annual value,SLC,671.000000,A
ZWE,2016-01-01,2016-12-31,181,'716,Zimbabwe,463,'01290.90,"Other vegetables, fresh n.e.c.",5531,Producer Price (SLC/tonne),2016,2016,7021,Annual value,SLC,1727.000000,A
ZWE,2017-01-01,2017-12-31,181,'716,Zimbabwe,463,'01290.90,"Other vegetables, fresh n.e.c.",5531,Producer Price (SLC/tonne),2017,2017,7021,Annual value,SLC,607.000000,A
ZWE,2018-01-01,2018-12-31,181,'716,Zimbabwe,463,'01290.90,"Other vegetables, fresh n.e.c.",5531,Producer Price (SLC/tonne),2018,2018,7021,Annual value,SLC,666.600000,A
ZWE,2015-01-01,2015-12-31,181,'716,Zimbabwe,463,'01290.90,"Other vegetables, fresh n.e.c.",5532,Producer Price (USD/tonne),2015,2015,7021,Annual value,USD,671.000000,A
ZWE,2016-01-01,2016-12-31,181,'716,Zimbabwe,463,'01290.90,"Other vegetables, fresh n.e.c.",5532,Producer Price (USD/tonne),2016,2016,7021,Annual value,USD,1727.000000,A
ZWE,2017-01-01,2017-12-31,181,'716,Zimbabwe,463,'01290.90,"Other vegetables, fresh n.e.c.",5532,Producer Price (USD/tonne),2017,2017,7021,Annual value,USD,607.000000,A
ZWE,1991-01-01,1991-12-31,181,'716,Zimbabwe,463,'01290.90,"Other vegetables, fresh n.e.c.",5539,Producer Price Index (2014-2016 = 100),1991,1991,7021,Annual value,,0.350000,E
ZWE,1992-01-01,1992-12-31,181,'716,Zimbabwe,463,'01290.90,"Other vegetables, fresh n.e.c.",5539,Producer Price Index (2014-2016 = 100),1992,1992,7021,Annual value,,0.460000,E
ZWE,1993-01-01,1993-12-31,181,'716,Zimbabwe,463,'01290.90,"Other vegetables, fresh n.e.c.",5539,Producer Price Index (2014-2016 = 100),1993,1993,7021,Annual value,,0.460000,E
ZWE,1994-01-01,1994-12-31,181,'716,Zimbabwe,463,'01290.90,"Other vegetables, fresh n.e.c.",5539,Producer Price Index (2014-2016 = 100),1994,1994,7021,Annual value,,0.640000,E
ZWE,1995-01-01,1995-12-31,181,'716,Zimbabwe,463,'01290.90,"Other vegetables, fresh n.e.c.",5539,Producer Price Index (2014-2016 = 100),1995,1995,7021,Annual value,,0.690000,E
ZWE,1996-01-01,1996-12-31,181,'716,Zimbabwe,463,'01290.90,"Other vegetables, fresh n.e.c.",5539,Producer Price Index (2014-2016 = 100),1996,1996,7021,Annual value,,0.920000,E
ZWE,1997-01-01,1997-12-31,181,'716,Zimbabwe,463,'01290.90,"Other vegetables, fresh n.e.c.",5539,Producer Price Index (2014-2016 = 100),1997,1997,7021,Annual value,,1.380000,E
ZWE,1998-01-01,1998-12-31,181,'716,Zimbabwe,463,'01290.90,"Other vegetables, fresh n.e.c.",5539,Producer Price Index (2014-2016 = 100),1998,1998,7021,Annual value,,1.380000,E
ZWE,1999-01-01,1999-12-31,181,'716,Zimbabwe,463,'01290.90,"Other vegetables, fresh n.e.c.",5539,Producer Price Index (2014-2016 = 100),1999,1999,7021,Annual value,,2.000000,E
ZWE,2000-01-01,2000-12-31,181,'716,Zimbabwe,463,'01290.90,"Other vegetables, fresh n.e.c.",5539,Producer Price Index (2014-2016 = 100),2000,2000,7021,Annual value,,2.620000,E
ZWE,2001-01-01,2001-12-31,181,'716,Zimbabwe,463,'01290.90,"Other vegetables, fresh n.e.c.",5539,Producer Price Index (2014-2016 = 100),2001,2001,7021,Annual value,,7.150000,E
ZWE,2002-01-01,2002-12-31,181,'716,Zimbabwe,463,'01290.90,"Other vegetables, fresh n.e.c.",5539,Producer Price Index (2014-2016 = 100),2002,2002,7021,Annual value,,13.350000,E
ZWE,2003-01-01,2003-12-31,181,'716,Zimbabwe,463,'01290.90,"Other vegetables, fresh n.e.c.",5539,Producer Price Index (2014-2016 = 100),2003,2003,7021,Annual value,,124.270000,E
ZWE,2004-01-01,2004-12-31,181,'716,Zimbabwe,463,'01290.90,"Other vegetables, fresh n.e.c.",5539,Producer Price Index (2014-2016 = 100),2004,2004,7021,Annual value,,567.640000,E
ZWE,2005-01-01,2005-12-31,181,'716,Zimbabwe,463,'01290.90,"Other vegetables, fresh n.e.c.",5539,Producer Price Index (2014-2016 = 100),2005,2005,7021,Annual value,,2043.630000,E
ZWE,2006-01-01,2006-12-31,181,'716,Zimbabwe,463,'01290.90,"Other vegetables, fresh n.e.c.",5539,Producer Price Index (2014-2016 = 100),2006,2006,7021,Annual value,,5295.640000,E
ZWE,2007-01-01,2007-12-31,181,'716,Zimbabwe,463,'01290.90,"Other vegetables, fresh n.e.c.",5539,Producer Price Index (2014-2016 = 100),2007,2007,7021,Annual value,,14463.080000,E
ZWE,2015-01-01,2015-12-31,181,'716,Zimbabwe,463,'01290.90,"Other vegetables, fresh n.e.c.",5539,Producer Price Index (2014-2016 = 100),2015,2015,7021,Annual value,,55.960000,E
ZWE,2016-01-01,2016-12-31,181,'716,Zimbabwe,463,'01290.90,"Other vegetables, fresh n.e.c.",5539,Producer Price Index (2014-2016 = 100),2016,2016,7021,Annual value,,144.040000,E
ZWE,2017-01-01,2017-12-31,181,'716,Zimbabwe,463,'01290.90,"Other vegetables, fresh n.e.c.",5539,Producer Price Index (2014-2016 = 100),2017,2017,7021,Annual value,,50.630000,E
ZWE,2018-01-01,2018-12-31,181,'716,Zimbabwe,463,'01290.90,"Other vegetables, fresh n.e.c.",5539,Producer Price Index (2014-2016 = 100),2018,2018,7021,Annual value,,55.600000,E
ZWE,1991-01-01,1991-12-31,181,'716,Zimbabwe,534,'01345,Peaches and nectarines,5530,Producer Price (LCU/tonne),1991,1991,7021,Annual value,LCU,2667.000000,A
ZWE,1992-01-01,1992-12-31,181,'716,Zimbabwe,534,'01345,Peaches and nectarines,5530,Producer Price (LCU/tonne),1992,1992,7021,Annual value,LCU,2667.000000,A
ZWE,1993-01-01,1993-12-31,181,'716,Zimbabwe,534,'01345,Peaches and nectarines,5530,Producer Price (LCU/tonne),1993,1993,7021,Annual value,LCU,2667.000000,A
ZWE,1994-01-01,1994-12-31,181,'716,Zimbabwe,534,'01345,Peaches and nectarines,5530,Producer Price (LCU/tonne),1994,1994,7021,Annual value,LCU,2667.000000,X
ZWE,1991-01-01,1991-12-31,181,'716,Zimbabwe,534,'01345,Peaches and nectarines,5531,Producer Price (SLC/tonne),1991,1991,7021,Annual value,SLC,7.400000,A
ZWE,1992-01-01,1992-12-31,181,'716,Zimbabwe,534,'01345,Peaches and nectarines,5531,Producer Price (SLC/tonne),1992,1992,7021,Annual value,SLC,7.400000,A
ZWE,1993-01-01,1993-12-31,181,'716,Zimbabwe,534,'01345,Peaches and nectarines,5531,Producer Price (SLC/tonne),1993,1993,7021,Annual value,SLC,7.400000,A
ZWE,1994-01-01,1994-12-31,181,'716,Zimbabwe,534,'01345,Peaches and nectarines,5531,Producer Price (SLC/tonne),1994,1994,7021,Annual value,SLC,7.400000,X
ZWE,2015-01-01,2015-12-31,181,'716,Zimbabwe,521,'01342.01,Pears,5530,Producer Price (LCU/tonne),2015,2015,7021,Annual value,LCU,2133.000000,A
ZWE,2016-01-01,2016-12-31,181,'716,Zimbabwe,521,'01342.01,Pears,5530,Producer Price (LCU/tonne),2016,2016,7021,Annual value,LCU,2084.000000,A
ZWE,2017-01-01,2017-12-31,181,'716,Zimbabwe,521,'01342.01,Pears,5530,Producer Price (LCU/tonne),2017,2017,7021,Annual value,LCU,2477.000000,A
ZWE,2017-01-01,2017-01-31,181,'716,Zimbabwe,521,'01342.01,Pears,5530,Producer Price (LCU/tonne),2017,2017,7001,January,LCU,2300.000000,A
ZWE,2017-02-01,2017-02-28,181,'716,Zimbabwe,521,'01342.01,Pears,5530,Producer Price (LCU/tonne),2017,2017,7002,February,LCU,2330.000000,A
ZWE,2017-03-01,2017-03-31,181,'716,Zimbabwe,521,'01342.01,Pears,5530,Producer Price (LCU/tonne),2017,2017,7003,March,LCU,2180.000000,A
ZWE,2017-04-01,2017-04-30,181,'716,Zimbabwe,521,'01342.01,Pears,5530,Producer Price (LCU/tonne),2017,2017,7004,April,LCU,2210.000000,A
ZWE,2017-05-01,2017-05-31,181,'716,Zimbabwe,521,'01342.01,Pears,5530,Producer Price (LCU/tonne),2017,2017,7005,May,LCU,2230.000000,A
ZWE,2017-06-01,2017-06-30,181,'716,Zimbabwe,521,'01342.01,Pears,5530,Producer Price (LCU/tonne),2017,2017,7006,June,LCU,2230.000000,A
ZWE,2017-07-01,2017-07-31,181,'716,Zimbabwe,521,'01342.01,Pears,5530,Producer Price (LCU/tonne),2017,2017,7007,July,LCU,2260.000000,A
ZWE,2017-08-01,2017-08-31,181,'716,Zimbabwe,521,'01342.01,Pears,5530,Producer Price (LCU/tonne),2017,2017,7008,August,LCU,2400.000000,A
ZWE,2017-09-01,2017-09-30,181,'716,Zimbabwe,521,'01342.01,Pears,5530,Producer Price (LCU/tonne),2017,2017,7009,September,LCU,2640.000000,A
ZWE,2017-10-01,2017-10-31,181,'716,Zimbabwe,521,'01342.01,Pears,5530,Producer Price (LCU/tonne),2017,2017,7010,October,LCU,2850.000000,A
ZWE,2017-11-01,2017-11-30,181,'716,Zimbabwe,521,'01342.01,Pears,5530,Producer Price (LCU/tonne),2017,2017,7011,November,LCU,2980.000000,A
ZWE,2017-12-01,2017-12-31,181,'716,Zimbabwe,521,'01342.01,Pears,5530,Producer Price (LCU/tonne),2017,2017,7012,December,LCU,3110.000000,A
ZWE,2018-01-01,2018-01-31,181,'716,Zimbabwe,521,'01342.01,Pears,5530,Producer Price (LCU/tonne),2018,2018,7001,January,LCU,3150.000000,A
ZWE,2015-01-01,2015-12-31,181,'716,Zimbabwe,521,'01342.01,Pears,5531,Producer Price (SLC/tonne),2015,2015,7021,Annual value,SLC,2133.000000,A
ZWE,2016-01-01,2016-12-31,181,'716,Zimbabwe,521,'01342.01,Pears,5531,Producer Price (SLC/tonne),2016,2016,7021,Annual value,SLC,2084.000000,A
ZWE,2017-01-01,2017-12-31,181,'716,Zimbabwe,521,'01342.01,Pears,5531,Producer Price (SLC/tonne),2017,2017,7021,Annual value,SLC,2477.000000,A
ZWE,2018-01-01,2018-12-31,181,'716,Zimbabwe,521,'01342.01,Pears,5531,Producer Price (SLC/tonne),2018,2018,7021,Annual value,SLC,2720.300000,A
ZWE,2015-01-01,2015-12-31,181,'716,Zimbabwe,521,'01342.01,Pears,5532,Producer Price (USD/tonne),2015,2015,7021,Annual value,USD,2133.000000,A
ZWE,2016-01-01,2016-12-31,181,'716,Zimbabwe,521,'01342.01,Pears,5532,Producer Price (USD/tonne),2016,2016,7021,Annual value,USD,2084.000000,A
ZWE,2017-01-01,2017-12-31,181,'716,Zimbabwe,521,'01342.01,Pears,5532,Producer Price (USD/tonne),2017,2017,7021,Annual value,USD,2477.000000,A
ZWE,1991-01-01,1991-12-31,181,'716,Zimbabwe,521,'01342.01,Pears,5539,Producer Price Index (2014-2016 = 100),1991,1991,7021,Annual value,,0.260000,E
ZWE,1992-01-01,1992-12-31,181,'716,Zimbabwe,521,'01342.01,Pears,5539,Producer Price Index (2014-2016 = 100),1992,1992,7021,Annual value,,0.260000,E
ZWE,1993-01-01,1993-12-31,181,'716,Zimbabwe,521,'01342.01,Pears,5539,Producer Price Index (2014-2016 = 100),1993,1993,7021,Annual value,,0.300000,E
ZWE,1994-01-01,1994-12-31,181,'716,Zimbabwe,521,'01342.01,Pears,5539,Producer Price Index (2014-2016 = 100),1994,1994,7021,Annual value,,0.310000,E
ZWE,1995-01-01,1995-12-31,181,'716,Zimbabwe,521,'01342.01,Pears,5539,Producer Price Index (2014-2016 = 100),1995,1995,7021,Annual value,,0.360000,E
ZWE,1996-01-01,1996-12-31,181,'716,Zimbabwe,521,'01342.01,Pears,5539,Producer Price Index (2014-2016 = 100),1996,1996,7021,Annual value,,0.410000,E
ZWE,1997-01-01,1997-12-31,181,'716,Zimbabwe,521,'01342.01,Pears,5539,Producer Price Index (2014-2016 = 100),1997,1997,7021,Annual value,,0.410000,E
ZWE,1998-01-01,1998-12-31,181,'716,Zimbabwe,521,'01342.01,Pears,5539,Producer Price Index (2014-2016 = 100),1998,1998,7021,Annual value,,1.000000,E
ZWE,1999-01-01,1999-12-31,181,'716,Zimbabwe,521,'01342.01,Pears,5539,Producer Price Index (2014-2016 = 100),1999,1999,7021,Annual value,,1.440000,E
ZWE,2000-01-01,2000-12-31,181,'716,Zimbabwe,521,'01342.01,Pears,5539,Producer Price Index (2014-2016 = 100),2000,2000,7021,Annual value,,2.050000,E
ZWE,2001-01-01,2001-12-31,181,'716,Zimbabwe,521,'01342.01,Pears,5539,Producer Price Index (2014-2016 = 100),2001,2001,7021,Annual value,,4.640000,E
ZWE,2002-01-01,2002-12-31,181,'716,Zimbabwe,521,'01342.01,Pears,5539,Producer Price Index (2014-2016 = 100),2002,2002,7021,Annual value,,6.930000,E
ZWE,2003-01-01,2003-12-31,181,'716,Zimbabwe,521,'01342.01,Pears,5539,Producer Price Index (2014-2016 = 100),2003,2003,7021,Annual value,,94.040000,E
ZWE,2004-01-01,2004-12-31,181,'716,Zimbabwe,521,'01342.01,Pears,5539,Producer Price Index (2014-2016 = 100),2004,2004,7021,Annual value,,483.410000,E
ZWE,2005-01-01,2005-12-31,181,'716,Zimbabwe,521,'01342.01,Pears,5539,Producer Price Index (2014-2016 = 100),2005,2005,7021,Annual value,,2052.320000,E
ZWE,2006-01-01,2006-12-31,181,'716,Zimbabwe,521,'01342.01,Pears,5539,Producer Price Index (2014-2016 = 100),2006,2006,7021,Annual value,,28575.120000,E
ZWE,2007-01-01,2007-12-31,181,'716,Zimbabwe,521,'01342.01,Pears,5539,Producer Price Index (2014-2016 = 100),2007,2007,7021,Annual value,,92973.700000,E
ZWE,2015-01-01,2015-12-31,181,'716,Zimbabwe,521,'01342.01,Pears,5539,Producer Price Index (2014-2016 = 100),2015,2015,7021,Annual value,,101.160000,E
ZWE,2016-01-01,2016-12-31,181,'716,Zimbabwe,521,'01342.01,Pears,5539,Producer Price Index (2014-2016 = 100),2016,2016,7021,Annual value,,98.840000,E
ZWE,2017-01-01,2017-12-31,181,'716,Zimbabwe,521,'01342.01,Pears,5539,Producer Price Index (2014-2016 = 100),2017,2017,7021,Annual value,,117.480000,E
ZWE,2018-01-01,2018-12-31,181,'716,Zimbabwe,521,'01342.01,Pears,5539,Producer Price Index (2014-2016 = 100),2018,2018,7021,Annual value,,129.020000,E
ZWE,2000-01-01,2000-12-31,181,'716,Zimbabwe,417,'01242,"Peas, green",5530,Producer Price (LCU/tonne),2000,2000,7021,Annual value,LCU,10000.000000,A
ZWE,2001-01-01,2001-12-31,181,'716,Zimbabwe,417,'01242,"Peas, green",5530,Producer Price (LCU/tonne),2001,2001,7021,Annual value,LCU,23000.000000,A
ZWE,2002-01-01,2002-12-31,181,'716,Zimbabwe,417,'01242,"Peas, green",5530,Producer Price (LCU/tonne),2002,2002,7021,Annual value,LCU,118000.000000,A
ZWE,2003-01-01,2003-12-31,181,'716,Zimbabwe,417,'01242,"Peas, green",5530,Producer Price (LCU/tonne),2003,2003,7021,Annual value,LCU,327000.000000,A
ZWE,2015-01-01,2015-12-31,181,'716,Zimbabwe,417,'01242,"Peas, green",5530,Producer Price (LCU/tonne),2015,2015,7021,Annual value,LCU,1773.000000,A
ZWE,2016-01-01,2016-12-31,181,'716,Zimbabwe,417,'01242,"Peas, green",5530,Producer Price (LCU/tonne),2016,2016,7021,Annual value,LCU,1671.000000,A
ZWE,2017-01-01,2017-12-31,181,'716,Zimbabwe,417,'01242,"Peas, green",5530,Producer Price (LCU/tonne),2017,2017,7021,Annual value,LCU,1680.000000,A
ZWE,2017-01-01,2017-01-31,181,'716,Zimbabwe,417,'01242,"Peas, green",5530,Producer Price (LCU/tonne),2017,2017,7001,January,LCU,1530.000000,A
ZWE,2017-02-01,2017-02-28,181,'716,Zimbabwe,417,'01242,"Peas, green",5530,Producer Price (LCU/tonne),2017,2017,7002,February,LCU,1650.000000,A
ZWE,2017-03-01,2017-03-31,181,'716,Zimbabwe,417,'01242,"Peas, green",5530,Producer Price (LCU/tonne),2017,2017,7003,March,LCU,1680.000000,A
ZWE,2017-04-01,2017-04-30,181,'716,Zimbabwe,417,'01242,"Peas, green",5530,Producer Price (LCU/tonne),2017,2017,7004,April,LCU,1750.000000,A
ZWE,2017-05-01,2017-05-31,181,'716,Zimbabwe,417,'01242,"Peas, green",5530,Producer Price (LCU/tonne),2017,2017,7005,May,LCU,1810.000000,A
ZWE,2017-06-01,2017-06-30,181,'716,Zimbabwe,417,'01242,"Peas, green",5530,Producer Price (LCU/tonne),2017,2017,7006,June,LCU,1770.000000,A
ZWE,2017-07-01,2017-07-31,181,'716,Zimbabwe,417,'01242,"Peas, green",5530,Producer Price (LCU/tonne),2017,2017,7007,July,LCU,1700.000000,A
ZWE,2017-08-01,2017-08-31,181,'716,Zimbabwe,417,'01242,"Peas, green",5530,Producer Price (LCU/tonne),2017,2017,7008,August,LCU,1720.000000,A
ZWE,2017-09-01,2017-09-30,181,'716,Zimbabwe,417,'01242,"Peas, green",5530,Producer Price (LCU/tonne),2017,2017,7009,September,LCU,1650.000000,A
ZWE,2017-10-01,2017-10-31,181,'716,Zimbabwe,417,'01242,"Peas, green",5530,Producer Price (LCU/tonne),2017,2017,7010,October,LCU,1630.000000,A
ZWE,2017-11-01,2017-11-30,181,'716,Zimbabwe,417,'01242,"Peas, green",5530,Producer Price (LCU/tonne),2017,2017,7011,November,LCU,1640.000000,A
ZWE,2017-12-01,2017-12-31,181,'716,Zimbabwe,417,'01242,"Peas, green",5530,Producer Price (LCU/tonne),2017,2017,7012,December,LCU,1630.000000,A
ZWE,2018-01-01,2018-01-31,181,'716,Zimbabwe,417,'01242,"Peas, green",5530,Producer Price (LCU/tonne),2018,2018,7001,January,LCU,1680.000000,A
ZWE,2000-01-01,2000-12-31,181,'716,Zimbabwe,417,'01242,"Peas, green",5531,Producer Price (SLC/tonne),2000,2000,7021,Annual value,SLC,27.600000,A
ZWE,2001-01-01,2001-12-31,181,'716,Zimbabwe,417,'01242,"Peas, green",5531,Producer Price (SLC/tonne),2001,2001,7021,Annual value,SLC,63.600000,A
ZWE,2002-01-01,2002-12-31,181,'716,Zimbabwe,417,'01242,"Peas, green",5531,Producer Price (SLC/tonne),2002,2002,7021,Annual value,SLC,326.100000,A
ZWE,2003-01-01,2003-12-31,181,'716,Zimbabwe,417,'01242,"Peas, green",5531,Producer Price (SLC/tonne),2003,2003,7021,Annual value,SLC,903.600000,A
ZWE,2015-01-01,2015-12-31,181,'716,Zimbabwe,417,'01242,"Peas, green",5531,Producer Price (SLC/tonne),2015,2015,7021,Annual value,SLC,1773.000000,A
ZWE,2016-01-01,2016-12-31,181,'716,Zimbabwe,417,'01242,"Peas, green",5531,Producer Price (SLC/tonne),2016,2016,7021,Annual value,SLC,1671.000000,A
ZWE,2017-01-01,2017-12-31,181,'716,Zimbabwe,417,'01242,"Peas, green",5531,Producer Price (SLC/tonne),2017,2017,7021,Annual value,SLC,1680.000000,A
ZWE,2018-01-01,2018-12-31,181,'716,Zimbabwe,417,'01242,"Peas, green",5531,Producer Price (SLC/tonne),2018,2018,7021,Annual value,SLC,1845.000000,A
ZWE,2015-01-01,2015-12-31,181,'716,Zimbabwe,417,'01242,"Peas, green",5532,Producer Price (USD/tonne),2015,2015,7021,Annual value,USD,1773.000000,A
ZWE,2016-01-01,2016-12-31,181,'716,Zimbabwe,417,'01242,"Peas, green",5532,Producer Price (USD/tonne),2016,2016,7021,Annual value,USD,1671.000000,A
ZWE,2017-01-01,2017-12-31,181,'716,Zimbabwe,417,'01242,"Peas, green",5532,Producer Price (USD/tonne),2017,2017,7021,Annual value,USD,1680.000000,A
ZWE,1991-01-01,1991-12-31,181,'716,Zimbabwe,417,'01242,"Peas, green",5539,Producer Price Index (2014-2016 = 100),1991,1991,7021,Annual value,,0.160000,E
ZWE,1992-01-01,1992-12-31,181,'716,Zimbabwe,417,'01242,"Peas, green",5539,Producer Price Index (2014-2016 = 100),1992,1992,7021,Annual value,,0.210000,E
ZWE,1993-01-01,1993-12-31,181,'716,Zimbabwe,417,'01242,"Peas, green",5539,Producer Price Index (2014-2016 = 100),1993,1993,7021,Annual value,,0.260000,E
ZWE,1994-01-01,1994-12-31,181,'716,Zimbabwe,417,'01242,"Peas, green",5539,Producer Price Index (2014-2016 = 100),1994,1994,7021,Annual value,,0.310000,E
ZWE,1995-01-01,1995-12-31,181,'716,Zimbabwe,417,'01242,"Peas, green",5539,Producer Price Index (2014-2016 = 100),1995,1995,7021,Annual value,,0.340000,E
ZWE,1996-01-01,1996-12-31,181,'716,Zimbabwe,417,'01242,"Peas, green",5539,Producer Price Index (2014-2016 = 100),1996,1996,7021,Annual value,,0.430000,E
ZWE,1997-01-01,1997-12-31,181,'716,Zimbabwe,417,'01242,"Peas, green",5539,Producer Price Index (2014-2016 = 100),1997,1997,7021,Annual value,,0.500000,E
ZWE,1998-01-01,1998-12-31,181,'716,Zimbabwe,417,'01242,"Peas, green",5539,Producer Price Index (2014-2016 = 100),1998,1998,7021,Annual value,,0.640000,E
ZWE,1999-01-01,1999-12-31,181,'716,Zimbabwe,417,'01242,"Peas, green",5539,Producer Price Index (2014-2016 = 100),1999,1999,7021,Annual value,,1.000000,E
ZWE,2000-01-01,2000-12-31,181,'716,Zimbabwe,417,'01242,"Peas, green",5539,Producer Price Index (2014-2016 = 100),2000,2000,7021,Annual value,,1.600000,E
ZWE,2001-01-01,2001-12-31,181,'716,Zimbabwe,417,'01242,"Peas, green",5539,Producer Price Index (2014-2016 = 100),2001,2001,7021,Annual value,,3.690000,E
ZWE,2002-01-01,2002-12-31,181,'716,Zimbabwe,417,'01242,"Peas, green",5539,Producer Price Index (2014-2016 = 100),2002,2002,7021,Annual value,,18.930000,E
ZWE,2003-01-01,2003-12-31,181,'716,Zimbabwe,417,'01242,"Peas, green",5539,Producer Price Index (2014-2016 = 100),2003,2003,7021,Annual value,,52.470000,E
ZWE,2004-01-01,2004-12-31,181,'716,Zimbabwe,417,'01242,"Peas, green",5539,Producer Price Index (2014-2016 = 100),2004,2004,7021,Annual value,,207.330000,E
ZWE,2005-01-01,2005-12-31,181,'716,Zimbabwe,417,'01242,"Peas, green",5539,Producer Price Index (2014-2016 = 100),2005,2005,7021,Annual value,,634.510000,E
ZWE,2006-01-01,2006-12-31,181,'716,Zimbabwe,417,'01242,"Peas, green",5539,Producer Price Index (2014-2016 = 100),2006,2006,7021,Annual value,,8834.510000,E
ZWE,2007-01-01,2007-12-31,181,'716,Zimbabwe,417,'01242,"Peas, green",5539,Producer Price Index (2014-2016 = 100),2007,2007,7021,Annual value,,25526.980000,E
ZWE,2015-01-01,2015-12-31,181,'716,Zimbabwe,417,'01242,"Peas, green",5539,Producer Price Index (2014-2016 = 100),2015,2015,7021,Annual value,,102.960000,E
ZWE,2016-01-01,2016-12-31,181,'716,Zimbabwe,417,'01242,"Peas, green",5539,Producer Price Index (2014-2016 = 100),2016,2016,7021,Annual value,,97.040000,E
ZWE,2017-01-01,2017-12-31,181,'716,Zimbabwe,417,'01242,"Peas, green",5539,Producer Price Index (2014-2016 = 100),2017,2017,7021,Annual value,,97.560000,E
ZWE,2018-01-01,2018-12-31,181,'716,Zimbabwe,417,'01242,"Peas, green",5539,Producer Price Index (2014-2016 = 100),2018,2018,7021,Annual value,,107.140000,E
ZWE,2000-01-01,2000-12-31,181,'716,Zimbabwe,574,'01318,Pineapples,5530,Producer Price (LCU/tonne),2000,2000,7021,Annual value,LCU,14500.000000,A
ZWE,2001-01-01,2001-12-31,181,'716,Zimbabwe,574,'01318,Pineapples,5530,Producer Price (LCU/tonne),2001,2001,7021,Annual value,LCU,33000.000000,A
ZWE,2002-01-01,2002-12-31,181,'716,Zimbabwe,574,'01318,Pineapples,5530,Producer Price (LCU/tonne),2002,2002,7021,Annual value,LCU,46820.000000,A
ZWE,2003-01-01,2003-12-31,181,'716,Zimbabwe,574,'01318,Pineapples,5530,Producer Price (LCU/tonne),2003,2003,7021,Annual value,LCU,415000.000000,A
ZWE,2015-01-01,2015-12-31,181,'716,Zimbabwe,574,'01318,Pineapples,5530,Producer Price (LCU/tonne),2015,2015,7021,Annual value,LCU,1753.000000,A
ZWE,2016-01-01,2016-12-31,181,'716,Zimbabwe,574,'01318,Pineapples,5530,Producer Price (LCU/tonne),2016,2016,7021,Annual value,LCU,1914.000000,A
ZWE,2017-01-01,2017-12-31,181,'716,Zimbabwe,574,'01318,Pineapples,5530,Producer Price (LCU/tonne),2017,2017,7021,Annual value,LCU,2056.000000,A
ZWE,2017-01-01,2017-01-31,181,'716,Zimbabwe,574,'01318,Pineapples,5530,Producer Price (LCU/tonne),2017,2017,7001,January,LCU,2060.000000,A
ZWE,2017-02-01,2017-02-28,181,'716,Zimbabwe,574,'01318,Pineapples,5530,Producer Price (LCU/tonne),2017,2017,7002,February,LCU,2010.000000,A
ZWE,2017-03-01,2017-03-31,181,'716,Zimbabwe,574,'01318,Pineapples,5530,Producer Price (LCU/tonne),2017,2017,7003,March,LCU,2030.000000,A
ZWE,2017-04-01,2017-04-30,181,'716,Zimbabwe,574,'01318,Pineapples,5530,Producer Price (LCU/tonne),2017,2017,7004,April,LCU,2060.000000,A
ZWE,2017-05-01,2017-05-31,181,'716,Zimbabwe,574,'01318,Pineapples,5530,Producer Price (LCU/tonne),2017,2017,7005,May,LCU,2090.000000,A
ZWE,2017-06-01,2017-06-30,181,'716,Zimbabwe,574,'01318,Pineapples,5530,Producer Price (LCU/tonne),2017,2017,7006,June,LCU,2090.000000,A
ZWE,2017-07-01,2017-07-31,181,'716,Zimbabwe,574,'01318,Pineapples,5530,Producer Price (LCU/tonne),2017,2017,7007,July,LCU,2050.000000,A
ZWE,2017-08-01,2017-08-31,181,'716,Zimbabwe,574,'01318,Pineapples,5530,Producer Price (LCU/tonne),2017,2017,7008,August,LCU,2030.000000,A
ZWE,2017-09-01,2017-09-30,181,'716,Zimbabwe,574,'01318,Pineapples,5530,Producer Price (LCU/tonne),2017,2017,7009,September,LCU,1970.000000,A
ZWE,2017-10-01,2017-10-31,181,'716,Zimbabwe,574,'01318,Pineapples,5530,Producer Price (LCU/tonne),2017,2017,7010,October,LCU,2020.000000,A
ZWE,2017-11-01,2017-11-30,181,'716,Zimbabwe,574,'01318,Pineapples,5530,Producer Price (LCU/tonne),2017,2017,7011,November,LCU,2110.000000,A
ZWE,2017-12-01,2017-12-31,181,'716,Zimbabwe,574,'01318,Pineapples,5530,Producer Price (LCU/tonne),2017,2017,7012,December,LCU,2170.000000,A
ZWE,2018-01-01,2018-01-31,181,'716,Zimbabwe,574,'01318,Pineapples,5530,Producer Price (LCU/tonne),2018,2018,7001,January,LCU,2260.000000,A
ZWE,2000-01-01,2000-12-31,181,'716,Zimbabwe,574,'01318,Pineapples,5531,Producer Price (SLC/tonne),2000,2000,7021,Annual value,SLC,40.100000,A
ZWE,2001-01-01,2001-12-31,181,'716,Zimbabwe,574,'01318,Pineapples,5531,Producer Price (SLC/tonne),2001,2001,7021,Annual value,SLC,91.200000,A
ZWE,2002-01-01,2002-12-31,181,'716,Zimbabwe,574,'01318,Pineapples,5531,Producer Price (SLC/tonne),2002,2002,7021,Annual value,SLC,129.400000,A
ZWE,2003-01-01,2003-12-31,181,'716,Zimbabwe,574,'01318,Pineapples,5531,Producer Price (SLC/tonne),2003,2003,7021,Annual value,SLC,1146.700000,A
ZWE,2015-01-01,2015-12-31,181,'716,Zimbabwe,574,'01318,Pineapples,5531,Producer Price (SLC/tonne),2015,2015,7021,Annual value,SLC,1753.000000,A
ZWE,2016-01-01,2016-12-31,181,'716,Zimbabwe,574,'01318,Pineapples,5531,Producer Price (SLC/tonne),2016,2016,7021,Annual value,SLC,1914.000000,A
ZWE,2017-01-01,2017-12-31,181,'716,Zimbabwe,574,'01318,Pineapples,5531,Producer Price (SLC/tonne),2017,2017,7021,Annual value,SLC,2056.000000,A
ZWE,2018-01-01,2018-12-31,181,'716,Zimbabwe,574,'01318,Pineapples,5531,Producer Price (SLC/tonne),2018,2018,7021,Annual value,SLC,2257.900000,A
ZWE,2015-01-01,2015-12-31,181,'716,Zimbabwe,574,'01318,Pineapples,5532,Producer Price (USD/tonne),2015,2015,7021,Annual value,USD,1753.000000,A
ZWE,2016-01-01,2016-12-31,181,'716,Zimbabwe,574,'01318,Pineapples,5532,Producer Price (USD/tonne),2016,2016,7021,Annual value,USD,1914.000000,A
ZWE,2017-01-01,2017-12-31,181,'716,Zimbabwe,574,'01318,Pineapples,5532,Producer Price (USD/tonne),2017,2017,7021,Annual value,USD,2056.000000,A
ZWE,1991-01-01,1991-12-31,181,'716,Zimbabwe,574,'01318,Pineapples,5539,Producer Price Index (2014-2016 = 100),1991,1991,7021,Annual value,,0.220000,E
ZWE,1992-01-01,1992-12-31,181,'716,Zimbabwe,574,'01318,Pineapples,5539,Producer Price Index (2014-2016 = 100),1992,1992,7021,Annual value,,0.290000,E
ZWE,1993-01-01,1993-12-31,181,'716,Zimbabwe,574,'01318,Pineapples,5539,Producer Price Index (2014-2016 = 100),1993,1993,7021,Annual value,,0.350000,E
ZWE,1994-01-01,1994-12-31,181,'716,Zimbabwe,574,'01318,Pineapples,5539,Producer Price Index (2014-2016 = 100),1994,1994,7021,Annual value,,0.420000,E
ZWE,1995-01-01,1995-12-31,181,'716,Zimbabwe,574,'01318,Pineapples,5539,Producer Price Index (2014-2016 = 100),1995,1995,7021,Annual value,,0.460000,E
ZWE,1996-01-01,1996-12-31,181,'716,Zimbabwe,574,'01318,Pineapples,5539,Producer Price Index (2014-2016 = 100),1996,1996,7021,Annual value,,0.580000,E
ZWE,1997-01-01,1997-12-31,181,'716,Zimbabwe,574,'01318,Pineapples,5539,Producer Price Index (2014-2016 = 100),1997,1997,7021,Annual value,,0.680000,E
ZWE,1998-01-01,1998-12-31,181,'716,Zimbabwe,574,'01318,Pineapples,5539,Producer Price Index (2014-2016 = 100),1998,1998,7021,Annual value,,0.880000,E
ZWE,1999-01-01,1999-12-31,181,'716,Zimbabwe,574,'01318,Pineapples,5539,Producer Price Index (2014-2016 = 100),1999,1999,7021,Annual value,,1.370000,E
ZWE,2000-01-01,2000-12-31,181,'716,Zimbabwe,574,'01318,Pineapples,5539,Producer Price Index (2014-2016 = 100),2000,2000,7021,Annual value,,2.190000,E
ZWE,2001-01-01,2001-12-31,181,'716,Zimbabwe,574,'01318,Pineapples,5539,Producer Price Index (2014-2016 = 100),2001,2001,7021,Annual value,,4.970000,E
ZWE,2002-01-01,2002-12-31,181,'716,Zimbabwe,574,'01318,Pineapples,5539,Producer Price Index (2014-2016 = 100),2002,2002,7021,Annual value,,7.060000,E
ZWE,2003-01-01,2003-12-31,181,'716,Zimbabwe,574,'01318,Pineapples,5539,Producer Price Index (2014-2016 = 100),2003,2003,7021,Annual value,,62.540000,E
ZWE,2004-01-01,2004-12-31,181,'716,Zimbabwe,574,'01318,Pineapples,5539,Producer Price Index (2014-2016 = 100),2004,2004,7021,Annual value,,271.680000,E
ZWE,2005-01-01,2005-12-31,181,'716,Zimbabwe,574,'01318,Pineapples,5539,Producer Price Index (2014-2016 = 100),2005,2005,7021,Annual value,,938.250000,E
ZWE,2006-01-01,2006-12-31,181,'716,Zimbabwe,574,'01318,Pineapples,5539,Producer Price Index (2014-2016 = 100),2006,2006,7021,Annual value,,13063.620000,E
ZWE,2007-01-01,2007-12-31,181,'716,Zimbabwe,574,'01318,Pineapples,5539,Producer Price Index (2014-2016 = 100),2007,2007,7021,Annual value,,37618.760000,E
ZWE,2015-01-01,2015-12-31,181,'716,Zimbabwe,574,'01318,Pineapples,5539,Producer Price Index (2014-2016 = 100),2015,2015,7021,Annual value,,95.610000,E
ZWE,2016-01-01,2016-12-31,181,'716,Zimbabwe,574,'01318,Pineapples,5539,Producer Price Index (2014-2016 = 100),2016,2016,7021,Annual value,,104.390000,E
ZWE,2017-01-01,2017-12-31,181,'716,Zimbabwe,574,'01318,Pineapples,5539,Producer Price Index (2014-2016 = 100),2017,2017,7021,Annual value,,112.140000,E
ZWE,2018-01-01,2018-12-31,181,'716,Zimbabwe,574,'01318,Pineapples,5539,Producer Price Index (2014-2016 = 100),2018,2018,7021,Annual value,,123.150000,E
ZWE,2015-01-01,2015-12-31,181,'716,Zimbabwe,536,'01346,Plums and sloes,5530,Producer Price (LCU/tonne),2015,2015,7021,Annual value,LCU,3610.000000,A
ZWE,2016-01-01,2016-12-31,181,'716,Zimbabwe,536,'01346,Plums and sloes,5530,Producer Price (LCU/tonne),2016,2016,7021,Annual value,LCU,2798.000000,A
ZWE,2017-01-01,2017-12-31,181,'716,Zimbabwe,536,'01346,Plums and sloes,5530,Producer Price (LCU/tonne),2017,2017,7021,Annual value,LCU,3161.000000,A
ZWE,2017-01-01,2017-01-31,181,'716,Zimbabwe,536,'01346,Plums and sloes,5530,Producer Price (LCU/tonne),2017,2017,7001,January,LCU,3260.000000,A
ZWE,2017-02-01,2017-02-28,181,'716,Zimbabwe,536,'01346,Plums and sloes,5530,Producer Price (LCU/tonne),2017,2017,7002,February,LCU,2750.000000,A
ZWE,2017-03-01,2017-03-31,181,'716,Zimbabwe,536,'01346,Plums and sloes,5530,Producer Price (LCU/tonne),2017,2017,7003,March,LCU,2590.000000,A
ZWE,2017-04-01,2017-04-30,181,'716,Zimbabwe,536,'01346,Plums and sloes,5530,Producer Price (LCU/tonne),2017,2017,7004,April,LCU,2490.000000,A
ZWE,2017-05-01,2017-05-31,181,'716,Zimbabwe,536,'01346,Plums and sloes,5530,Producer Price (LCU/tonne),2017,2017,7005,May,LCU,2640.000000,A
ZWE,2017-06-01,2017-06-30,181,'716,Zimbabwe,536,'01346,Plums and sloes,5530,Producer Price (LCU/tonne),2017,2017,7006,June,LCU,2680.000000,A
ZWE,2017-07-01,2017-07-31,181,'716,Zimbabwe,536,'01346,Plums and sloes,5530,Producer Price (LCU/tonne),2017,2017,7007,July,LCU,2620.000000,A
ZWE,2017-08-01,2017-08-31,181,'716,Zimbabwe,536,'01346,Plums and sloes,5530,Producer Price (LCU/tonne),2017,2017,7008,August,LCU,3520.000000,A
ZWE,2017-09-01,2017-09-30,181,'716,Zimbabwe,536,'01346,Plums and sloes,5530,Producer Price (LCU/tonne),2017,2017,7009,September,LCU,3700.000000,A
ZWE,2017-10-01,2017-10-31,181,'716,Zimbabwe,536,'01346,Plums and sloes,5530,Producer Price (LCU/tonne),2017,2017,7010,October,LCU,3980.000000,A
ZWE,2017-11-01,2017-11-30,181,'716,Zimbabwe,536,'01346,Plums and sloes,5530,Producer Price (LCU/tonne),2017,2017,7011,November,LCU,3810.000000,A
ZWE,2017-12-01,2017-12-31,181,'716,Zimbabwe,536,'01346,Plums and sloes,5530,Producer Price (LCU/tonne),2017,2017,7012,December,LCU,3890.000000,A
ZWE,2018-01-01,2018-01-31,181,'716,Zimbabwe,536,'01346,Plums and sloes,5530,Producer Price (LCU/tonne),2018,2018,7001,January,LCU,3800.000000,A
ZWE,2015-01-01,2015-12-31,181,'716,Zimbabwe,536,'01346,Plums and sloes,5531,Producer Price (SLC/tonne),2015,2015,7021,Annual value,SLC,3610.000000,A
ZWE,2016-01-01,2016-12-31,181,'716,Zimbabwe,536,'01346,Plums and sloes,5531,Producer Price (SLC/tonne),2016,2016,7021,Annual value,SLC,2798.000000,A
ZWE,2017-01-01,2017-12-31,181,'716,Zimbabwe,536,'01346,Plums and sloes,5531,Producer Price (SLC/tonne),2017,2017,7021,Annual value,SLC,3161.000000,A
ZWE,2018-01-01,2018-12-31,181,'716,Zimbabwe,536,'01346,Plums and sloes,5531,Producer Price (SLC/tonne),2018,2018,7021,Annual value,SLC,3471.500000,A
ZWE,2015-01-01,2015-12-31,181,'716,Zimbabwe,536,'01346,Plums and sloes,5532,Producer Price (USD/tonne),2015,2015,7021,Annual value,USD,3610.000000,A
ZWE,2016-01-01,2016-12-31,181,'716,Zimbabwe,536,'01346,Plums and sloes,5532,Producer Price (USD/tonne),2016,2016,7021,Annual value,USD,2798.000000,A
ZWE,2017-01-01,2017-12-31,181,'716,Zimbabwe,536,'01346,Plums and sloes,5532,Producer Price (USD/tonne),2017,2017,7021,Annual value,USD,3161.000000,A
ZWE,1991-01-01,1991-12-31,181,'716,Zimbabwe,536,'01346,Plums and sloes,5539,Producer Price Index (2014-2016 = 100),1991,1991,7021,Annual value,,0.120000,E
ZWE,1992-01-01,1992-12-31,181,'716,Zimbabwe,536,'01346,Plums and sloes,5539,Producer Price Index (2014-2016 = 100),1992,1992,7021,Annual value,,0.120000,E
ZWE,1993-01-01,1993-12-31,181,'716,Zimbabwe,536,'01346,Plums and sloes,5539,Producer Price Index (2014-2016 = 100),1993,1993,7021,Annual value,,0.120000,E
ZWE,1994-01-01,1994-12-31,181,'716,Zimbabwe,536,'01346,Plums and sloes,5539,Producer Price Index (2014-2016 = 100),1994,1994,7021,Annual value,,0.120000,E
ZWE,1995-01-01,1995-12-31,181,'716,Zimbabwe,536,'01346,Plums and sloes,5539,Producer Price Index (2014-2016 = 100),1995,1995,7021,Annual value,,0.140000,E
ZWE,1996-01-01,1996-12-31,181,'716,Zimbabwe,536,'01346,Plums and sloes,5539,Producer Price Index (2014-2016 = 100),1996,1996,7021,Annual value,,0.160000,E
ZWE,1997-01-01,1997-12-31,181,'716,Zimbabwe,536,'01346,Plums and sloes,5539,Producer Price Index (2014-2016 = 100),1997,1997,7021,Annual value,,0.160000,E
ZWE,1998-01-01,1998-12-31,181,'716,Zimbabwe,536,'01346,Plums and sloes,5539,Producer Price Index (2014-2016 = 100),1998,1998,7021,Annual value,,0.400000,E
ZWE,1999-01-01,1999-12-31,181,'716,Zimbabwe,536,'01346,Plums and sloes,5539,Producer Price Index (2014-2016 = 100),1999,1999,7021,Annual value,,0.570000,E
ZWE,2000-01-01,2000-12-31,181,'716,Zimbabwe,536,'01346,Plums and sloes,5539,Producer Price Index (2014-2016 = 100),2000,2000,7021,Annual value,,1.030000,E
ZWE,2001-01-01,2001-12-31,181,'716,Zimbabwe,536,'01346,Plums and sloes,5539,Producer Price Index (2014-2016 = 100),2001,2001,7021,Annual value,,3.560000,E
ZWE,2002-01-01,2002-12-31,181,'716,Zimbabwe,536,'01346,Plums and sloes,5539,Producer Price Index (2014-2016 = 100),2002,2002,7021,Annual value,,5.410000,E
ZWE,2003-01-01,2003-12-31,181,'716,Zimbabwe,536,'01346,Plums and sloes,5539,Producer Price Index (2014-2016 = 100),2003,2003,7021,Annual value,,34.770000,E
ZWE,2004-01-01,2004-12-31,181,'716,Zimbabwe,536,'01346,Plums and sloes,5539,Producer Price Index (2014-2016 = 100),2004,2004,7021,Annual value,,144.380000,E
ZWE,2005-01-01,2005-12-31,181,'716,Zimbabwe,536,'01346,Plums and sloes,5539,Producer Price Index (2014-2016 = 100),2005,2005,7021,Annual value,,442.570000,E
ZWE,2006-01-01,2006-12-31,181,'716,Zimbabwe,536,'01346,Plums and sloes,5539,Producer Price Index (2014-2016 = 100),2006,2006,7021,Annual value,,6162.000000,E
ZWE,2007-01-01,2007-12-31,181,'716,Zimbabwe,536,'01346,Plums and sloes,5539,Producer Price Index (2014-2016 = 100),2007,2007,7021,Annual value,,18626.990000,E
ZWE,2015-01-01,2015-12-31,181,'716,Zimbabwe,536,'01346,Plums and sloes,5539,Producer Price Index (2014-2016 = 100),2015,2015,7021,Annual value,,112.670000,E
ZWE,2016-01-01,2016-12-31,181,'716,Zimbabwe,536,'01346,Plums and sloes,5539,Producer Price Index (2014-2016 = 100),2016,2016,7021,Annual value,,87.330000,E
ZWE,2017-01-01,2017-12-31,181,'716,Zimbabwe,536,'01346,Plums and sloes,5539,Producer Price Index (2014-2016 = 100),2017,2017,7021,Annual value,,98.660000,E
ZWE,2018-01-01,2018-12-31,181,'716,Zimbabwe,536,'01346,Plums and sloes,5539,Producer Price Index (2014-2016 = 100),2018,2018,7021,Annual value,,108.350000,E
ZWE,1991-01-01,1991-12-31,181,'716,Zimbabwe,116,'01510,Potatoes,5530,Producer Price (LCU/tonne),1991,1991,7021,Annual value,LCU,1200.000000,A
ZWE,1992-01-01,1992-12-31,181,'716,Zimbabwe,116,'01510,Potatoes,5530,Producer Price (LCU/tonne),1992,1992,7021,Annual value,LCU,1667.000000,A
ZWE,1993-01-01,1993-12-31,181,'716,Zimbabwe,116,'01510,Potatoes,5530,Producer Price (LCU/tonne),1993,1993,7021,Annual value,LCU,1333.000000,A
ZWE,1994-01-01,1994-12-31,181,'716,Zimbabwe,116,'01510,Potatoes,5530,Producer Price (LCU/tonne),1994,1994,7021,Annual value,LCU,1333.000000,A
ZWE,1995-01-01,1995-12-31,181,'716,Zimbabwe,116,'01510,Potatoes,5530,Producer Price (LCU/tonne),1995,1995,7021,Annual value,LCU,1300.000000,A
ZWE,1996-01-01,1996-12-31,181,'716,Zimbabwe,116,'01510,Potatoes,5530,Producer Price (LCU/tonne),1996,1996,7021,Annual value,LCU,1660.000000,A
ZWE,1997-01-01,1997-12-31,181,'716,Zimbabwe,116,'01510,Potatoes,5530,Producer Price (LCU/tonne),1997,1997,7021,Annual value,LCU,2660.000000,A
ZWE,1998-01-01,1998-12-31,181,'716,Zimbabwe,116,'01510,Potatoes,5530,Producer Price (LCU/tonne),1998,1998,7021,Annual value,LCU,4000.000000,A
ZWE,2000-01-01,2000-12-31,181,'716,Zimbabwe,116,'01510,Potatoes,5530,Producer Price (LCU/tonne),2000,2000,7021,Annual value,LCU,110000.000000,A
ZWE,2001-01-01,2001-12-31,181,'716,Zimbabwe,116,'01510,Potatoes,5530,Producer Price (LCU/tonne),2001,2001,7021,Annual value,LCU,216000.000000,A
ZWE,2002-01-01,2002-12-31,181,'716,Zimbabwe,116,'01510,Potatoes,5530,Producer Price (LCU/tonne),2002,2002,7021,Annual value,LCU,33261.000000,A
ZWE,2003-01-01,2003-12-31,181,'716,Zimbabwe,116,'01510,Potatoes,5530,Producer Price (LCU/tonne),2003,2003,7021,Annual value,LCU,518000.000000,A
ZWE,2015-01-01,2015-12-31,181,'716,Zimbabwe,116,'01510,Potatoes,5530,Producer Price (LCU/tonne),2015,2015,7021,Annual value,LCU,620.000000,A
ZWE,2016-01-01,2016-12-31,181,'716,Zimbabwe,116,'01510,Potatoes,5530,Producer Price (LCU/tonne),2016,2016,7021,Annual value,LCU,635.000000,A
ZWE,2017-01-01,2017-12-31,181,'716,Zimbabwe,116,'01510,Potatoes,5530,Producer Price (LCU/tonne),2017,2017,7021,Annual value,LCU,625.000000,A
ZWE,1991-01-01,1991-12-31,181,'716,Zimbabwe,116,'01510,Potatoes,5531,Producer Price (SLC/tonne),1991,1991,7021,Annual value,SLC,3.300000,A
ZWE,1992-01-01,1992-12-31,181,'716,Zimbabwe,116,'01510,Potatoes,5531,Producer Price (SLC/tonne),1992,1992,7021,Annual value,SLC,4.600000,A
ZWE,1993-01-01,1993-12-31,181,'716,Zimbabwe,116,'01510,Potatoes,5531,Producer Price (SLC/tonne),1993,1993,7021,Annual value,SLC,3.700000,A
ZWE,1994-01-01,1994-12-31,181,'716,Zimbabwe,116,'01510,Potatoes,5531,Producer Price (SLC/tonne),1994,1994,7021,Annual value,SLC,3.700000,A
ZWE,1995-01-01,1995-12-31,181,'716,Zimbabwe,116,'01510,Potatoes,5531,Producer Price (SLC/tonne),1995,1995,7021,Annual value,SLC,3.600000,A
ZWE,1996-01-01,1996-12-31,181,'716,Zimbabwe,116,'01510,Potatoes,5531,Producer Price (SLC/tonne),1996,1996,7021,Annual value,SLC,4.600000,A
ZWE,1997-01-01,1997-12-31,181,'716,Zimbabwe,116,'01510,Potatoes,5531,Producer Price (SLC/tonne),1997,1997,7021,Annual value,SLC,7.400000,A
ZWE,1998-01-01,1998-12-31,181,'716,Zimbabwe,116,'01510,Potatoes,5531,Producer Price (SLC/tonne),1998,1998,7021,Annual value,SLC,11.100000,A
ZWE,2000-01-01,2000-12-31,181,'716,Zimbabwe,116,'01510,Potatoes,5531,Producer Price (SLC/tonne),2000,2000,7021,Annual value,SLC,304.000000,A
ZWE,2001-01-01,2001-12-31,181,'716,Zimbabwe,116,'01510,Potatoes,5531,Producer Price (SLC/tonne),2001,2001,7021,Annual value,SLC,596.800000,A
ZWE,2002-01-01,2002-12-31,181,'716,Zimbabwe,116,'01510,Potatoes,5531,Producer Price (SLC/tonne),2002,2002,7021,Annual value,SLC,91.900000,A
ZWE,2003-01-01,2003-12-31,181,'716,Zimbabwe,116,'01510,Potatoes,5531,Producer Price (SLC/tonne),2003,2003,7021,Annual value,SLC,1431.300000,A
ZWE,2015-01-01,2015-12-31,181,'716,Zimbabwe,116,'01510,Potatoes,5531,Producer Price (SLC/tonne),2015,2015,7021,Annual value,SLC,620.000000,A
ZWE,2016-01-01,2016-12-31,181,'716,Zimbabwe,116,'01510,Potatoes,5531,Producer Price (SLC/tonne),2016,2016,7021,Annual value,SLC,635.000000,A
ZWE,2017-01-01,2017-12-31,181,'716,Zimbabwe,116,'01510,Potatoes,5531,Producer Price (SLC/tonne),2017,2017,7021,Annual value,SLC,625.000000,A
ZWE,2018-01-01,2018-12-31,181,'716,Zimbabwe,116,'01510,Potatoes,5531,Producer Price (SLC/tonne),2018,2018,7021,Annual value,SLC,686.400000,A
ZWE,2015-01-01,2015-12-31,181,'716,Zimbabwe,116,'01510,Potatoes,5532,Producer Price (USD/tonne),2015,2015,7021,Annual value,USD,620.000000,A
ZWE,2016-01-01,2016-12-31,181,'716,Zimbabwe,116,'01510,Potatoes,5532,Producer Price (USD/tonne),2016,2016,7021,Annual value,USD,635.000000,A
ZWE,2017-01-01,2017-12-31,181,'716,Zimbabwe,116,'01510,Potatoes,5532,Producer Price (USD/tonne),2017,2017,7021,Annual value,USD,625.000000,A
ZWE,1991-01-01,1991-12-31,181,'716,Zimbabwe,116,'01510,Potatoes,5539,Producer Price Index (2014-2016 = 100),1991,1991,7021,Annual value,,0.530000,E
ZWE,1992-01-01,1992-12-31,181,'716,Zimbabwe,116,'01510,Potatoes,5539,Producer Price Index (2014-2016 = 100),1992,1992,7021,Annual value,,0.730000,E
ZWE,1993-01-01,1993-12-31,181,'716,Zimbabwe,116,'01510,Potatoes,5539,Producer Price Index (2014-2016 = 100),1993,1993,7021,Annual value,,0.590000,E
ZWE,1994-01-01,1994-12-31,181,'716,Zimbabwe,116,'01510,Potatoes,5539,Producer Price Index (2014-2016 = 100),1994,1994,7021,Annual value,,0.590000,E
ZWE,1995-01-01,1995-12-31,181,'716,Zimbabwe,116,'01510,Potatoes,5539,Producer Price Index (2014-2016 = 100),1995,1995,7021,Annual value,,0.570000,E
ZWE,1996-01-01,1996-12-31,181,'716,Zimbabwe,116,'01510,Potatoes,5539,Producer Price Index (2014-2016 = 100),1996,1996,7021,Annual value,,0.730000,E
ZWE,1997-01-01,1997-12-31,181,'716,Zimbabwe,116,'01510,Potatoes,5539,Producer Price Index (2014-2016 = 100),1997,1997,7021,Annual value,,1.170000,E
ZWE,1998-01-01,1998-12-31,181,'716,Zimbabwe,116,'01510,Potatoes,5539,Producer Price Index (2014-2016 = 100),1998,1998,7021,Annual value,,1.760000,E
ZWE,1999-01-01,1999-12-31,181,'716,Zimbabwe,116,'01510,Potatoes,5539,Producer Price Index (2014-2016 = 100),1999,1999,7021,Annual value,,2.550000,E
ZWE,2000-01-01,2000-12-31,181,'716,Zimbabwe,116,'01510,Potatoes,5539,Producer Price Index (2014-2016 = 100),2000,2000,7021,Annual value,,48.440000,E
ZWE,2001-01-01,2001-12-31,181,'716,Zimbabwe,116,'01510,Potatoes,5539,Producer Price Index (2014-2016 = 100),2001,2001,7021,Annual value,,95.120000,E
ZWE,2002-01-01,2002-12-31,181,'716,Zimbabwe,116,'01510,Potatoes,5539,Producer Price Index (2014-2016 = 100),2002,2002,7021,Annual value,,14.650000,E
ZWE,2003-01-01,2003-12-31,181,'716,Zimbabwe,116,'01510,Potatoes,5539,Producer Price Index (2014-2016 = 100),2003,2003,7021,Annual value,,228.100000,E
ZWE,2004-01-01,2004-12-31,181,'716,Zimbabwe,116,'01510,Potatoes,5539,Producer Price Index (2014-2016 = 100),2004,2004,7021,Annual value,,514.040000,E
ZWE,2005-01-01,2005-12-31,181,'716,Zimbabwe,116,'01510,Potatoes,5539,Producer Price Index (2014-2016 = 100),2005,2005,7021,Annual value,,2033.790000,E
ZWE,2006-01-01,2006-12-31,181,'716,Zimbabwe,116,'01510,Potatoes,5539,Producer Price Index (2014-2016 = 100),2006,2006,7021,Annual value,,64033.650000,E
ZWE,2007-01-01,2007-12-31,181,'716,Zimbabwe,116,'01510,Potatoes,5539,Producer Price Index (2014-2016 = 100),2007,2007,7021,Annual value,,187020.760000,E
ZWE,2015-01-01,2015-12-31,181,'716,Zimbabwe,116,'01510,Potatoes,5539,Producer Price Index (2014-2016 = 100),2015,2015,7021,Annual value,,98.800000,E
ZWE,2016-01-01,2016-12-31,181,'716,Zimbabwe,116,'01510,Potatoes,5539,Producer Price Index (2014-2016 = 100),2016,2016,7021,Annual value,,101.200000,E
ZWE,2017-01-01,2017-12-31,181,'716,Zimbabwe,116,'01510,Potatoes,5539,Producer Price Index (2014-2016 = 100),2017,2017,7021,Annual value,,99.600000,E
ZWE,2018-01-01,2018-12-31,181,'716,Zimbabwe,116,'01510,Potatoes,5539,Producer Price Index (2014-2016 = 100),2018,2018,7021,Annual value,,109.380000,E
ZWE,1991-01-01,1991-12-31,181,'716,Zimbabwe,882,'02211,Raw milk of cattle,5530,Producer Price (LCU/tonne),1991,1991,7021,Annual value,LCU,530.000000,A
ZWE,1992-01-01,1992-12-31,181,'716,Zimbabwe,882,'02211,Raw milk of cattle,5530,Producer Price (LCU/tonne),1992,1992,7021,Annual value,LCU,720.000000,A
ZWE,1993-01-01,1993-12-31,181,'716,Zimbabwe,882,'02211,Raw milk of cattle,5530,Producer Price (LCU/tonne),1993,1993,7021,Annual value,LCU,1160.000000,A
ZWE,1994-01-01,1994-12-31,181,'716,Zimbabwe,882,'02211,Raw milk of cattle,5530,Producer Price (LCU/tonne),1994,1994,7021,Annual value,LCU,1480.000000,A
ZWE,1995-01-01,1995-12-31,181,'716,Zimbabwe,882,'02211,Raw milk of cattle,5530,Producer Price (LCU/tonne),1995,1995,7021,Annual value,LCU,1770.000000,A
ZWE,1996-01-01,1996-12-31,181,'716,Zimbabwe,882,'02211,Raw milk of cattle,5530,Producer Price (LCU/tonne),1996,1996,7021,Annual value,LCU,2213.000000,A
ZWE,1997-01-01,1997-12-31,181,'716,Zimbabwe,882,'02211,Raw milk of cattle,5530,Producer Price (LCU/tonne),1997,1997,7021,Annual value,LCU,2550.000000,A
ZWE,1998-01-01,1998-12-31,181,'716,Zimbabwe,882,'02211,Raw milk of cattle,5530,Producer Price (LCU/tonne),1998,1998,7021,Annual value,LCU,3760.000000,A
ZWE,1999-01-01,1999-12-31,181,'716,Zimbabwe,882,'02211,Raw milk of cattle,5530,Producer Price (LCU/tonne),1999,1999,7021,Annual value,LCU,6176.000000,A
ZWE,2000-01-01,2000-12-31,181,'716,Zimbabwe,882,'02211,Raw milk of cattle,5530,Producer Price (LCU/tonne),2000,2000,7021,Annual value,LCU,11420.000000,A
ZWE,2001-01-01,2001-12-31,181,'716,Zimbabwe,882,'02211,Raw milk of cattle,5530,Producer Price (LCU/tonne),2001,2001,7021,Annual value,LCU,19100.000000,A
ZWE,2002-01-01,2002-12-31,181,'716,Zimbabwe,882,'02211,Raw milk of cattle,5530,Producer Price (LCU/tonne),2002,2002,7021,Annual value,LCU,54250.000000,A
ZWE,2003-01-01,2003-12-31,181,'716,Zimbabwe,882,'02211,Raw milk of cattle,5530,Producer Price (LCU/tonne),2003,2003,7021,Annual value,LCU,490000.000000,A
ZWE,2004-01-01,2004-12-31,181,'716,Zimbabwe,882,'02211,Raw milk of cattle,5530,Producer Price (LCU/tonne),2004,2004,7021,Annual value,LCU,1900355.000000,A
ZWE,2005-01-01,2005-12-31,181,'716,Zimbabwe,882,'02211,Raw milk of cattle,5530,Producer Price (LCU/tonne),2005,2005,7021,Annual value,LCU,6955529.000000,A
ZWE,2014-01-01,2014-12-31,181,'716,Zimbabwe,882,'02211,Raw milk of cattle,5530,Producer Price (LCU/tonne),2014,2014,7021,Annual value,LCU,450.000000,A
ZWE,2014-01-01,2014-01-31,181,'716,Zimbabwe,882,'02211,Raw milk of cattle,5530,Producer Price (LCU/tonne),2014,2014,7001,January,LCU,450.000000,A
ZWE,2014-02-01,2014-02-28,181,'716,Zimbabwe,882,'02211,Raw milk of cattle,5530,Producer Price (LCU/tonne),2014,2014,7002,February,LCU,450.000000,A
ZWE,2014-03-01,2014-03-31,181,'716,Zimbabwe,882,'02211,Raw milk of cattle,5530,Producer Price (LCU/tonne),2014,2014,7003,March,LCU,450.000000,A
ZWE,2014-04-01,2014-04-30,181,'716,Zimbabwe,882,'02211,Raw milk of cattle,5530,Producer Price (LCU/tonne),2014,2014,7004,April,LCU,450.000000,A
ZWE,2014-05-01,2014-05-31,181,'716,Zimbabwe,882,'02211,Raw milk of cattle,5530,Producer Price (LCU/tonne),2014,2014,7005,May,LCU,450.000000,A
ZWE,2014-06-01,2014-06-30,181,'716,Zimbabwe,882,'02211,Raw milk of cattle,5530,Producer Price (LCU/tonne),2014,2014,7006,June,LCU,450.000000,A
ZWE,2014-07-01,2014-07-31,181,'716,Zimbabwe,882,'02211,Raw milk of cattle,5530,Producer Price (LCU/tonne),2014,2014,7007,July,LCU,450.000000,A
ZWE,2014-08-01,2014-08-31,181,'716,Zimbabwe,882,'02211,Raw milk of cattle,5530,Producer Price (LCU/tonne),2014,2014,7008,August,LCU,450.000000,A
ZWE,2014-09-01,2014-09-30,181,'716,Zimbabwe,882,'02211,Raw milk of cattle,5530,Producer Price (LCU/tonne),2014,2014,7009,September,LCU,450.000000,A
ZWE,2014-10-01,2014-10-31,181,'716,Zimbabwe,882,'02211,Raw milk of cattle,5530,Producer Price (LCU/tonne),2014,2014,7010,October,LCU,450.000000,A
ZWE,2014-11-01,2014-11-30,181,'716,Zimbabwe,882,'02211,Raw milk of cattle,5530,Producer Price (LCU/tonne),2014,2014,7011,November,LCU,450.000000,A
ZWE,2014-12-01,2014-12-31,181,'716,Zimbabwe,882,'02211,Raw milk of cattle,5530,Producer Price (LCU/tonne),2014,2014,7012,December,LCU,450.000000,A
ZWE,2015-01-01,2015-01-31,181,'716,Zimbabwe,882,'02211,Raw milk of cattle,5530,Producer Price (LCU/tonne),2015,2015,7001,January,LCU,450.000000,A
ZWE,2016-01-01,2016-01-31,181,'716,Zimbabwe,882,'02211,Raw milk of cattle,5530,Producer Price (LCU/tonne),2016,2016,7001,January,LCU,500.000000,A
ZWE,2016-02-01,2016-02-29,181,'716,Zimbabwe,882,'02211,Raw milk of cattle,5530,Producer Price (LCU/tonne),2016,2016,7002,February,LCU,500.000000,A
ZWE,2016-03-01,2016-03-31,181,'716,Zimbabwe,882,'02211,Raw milk of cattle,5530,Producer Price (LCU/tonne),2016,2016,7003,March,LCU,500.000000,A
ZWE,2016-04-01,2016-04-30,181,'716,Zimbabwe,882,'02211,Raw milk of cattle,5530,Producer Price (LCU/tonne),2016,2016,7004,April,LCU,500.000000,A
ZWE,2016-05-01,2016-05-31,181,'716,Zimbabwe,882,'02211,Raw milk of cattle,5530,Producer Price (LCU/tonne),2016,2016,7005,May,LCU,500.000000,A
ZWE,2016-06-01,2016-06-30,181,'716,Zimbabwe,882,'02211,Raw milk of cattle,5530,Producer Price (LCU/tonne),2016,2016,7006,June,LCU,500.000000,A
ZWE,2016-07-01,2016-07-31,181,'716,Zimbabwe,882,'02211,Raw milk of cattle,5530,Producer Price (LCU/tonne),2016,2016,7007,July,LCU,500.000000,A
ZWE,2016-08-01,2016-08-31,181,'716,Zimbabwe,882,'02211,Raw milk of cattle,5530,Producer Price (LCU/tonne),2016,2016,7008,August,LCU,500.000000,A
ZWE,2016-09-01,2016-09-30,181,'716,Zimbabwe,882,'02211,Raw milk of cattle,5530,Producer Price (LCU/tonne),2016,2016,7009,September,LCU,500.000000,A
ZWE,2016-10-01,2016-10-31,181,'716,Zimbabwe,882,'02211,Raw milk of cattle,5530,Producer Price (LCU/tonne),2016,2016,7010,October,LCU,500.000000,A
ZWE,2016-11-01,2016-11-30,181,'716,Zimbabwe,882,'02211,Raw milk of cattle,5530,Producer Price (LCU/tonne),2016,2016,7011,November,LCU,500.000000,A
ZWE,2016-12-01,2016-12-31,181,'716,Zimbabwe,882,'02211,Raw milk of cattle,5530,Producer Price (LCU/tonne),2016,2016,7012,December,LCU,500.000000,A
ZWE,2017-01-01,2017-01-31,181,'716,Zimbabwe,882,'02211,Raw milk of cattle,5530,Producer Price (LCU/tonne),2017,2017,7001,January,LCU,500.000000,A
ZWE,1991-01-01,1991-12-31,181,'716,Zimbabwe,882,'02211,Raw milk of cattle,5531,Producer Price (SLC/tonne),1991,1991,7021,Annual value,SLC,1.500000,A
ZWE,1992-01-01,1992-12-31,181,'716,Zimbabwe,882,'02211,Raw milk of cattle,5531,Producer Price (SLC/tonne),1992,1992,7021,Annual value,SLC,2.000000,A
ZWE,1993-01-01,1993-12-31,181,'716,Zimbabwe,882,'02211,Raw milk of cattle,5531,Producer Price (SLC/tonne),1993,1993,7021,Annual value,SLC,3.200000,A
ZWE,1994-01-01,1994-12-31,181,'716,Zimbabwe,882,'02211,Raw milk of cattle,5531,Producer Price (SLC/tonne),1994,1994,7021,Annual value,SLC,4.100000,A
ZWE,1995-01-01,1995-12-31,181,'716,Zimbabwe,882,'02211,Raw milk of cattle,5531,Producer Price (SLC/tonne),1995,1995,7021,Annual value,SLC,4.900000,A
ZWE,1996-01-01,1996-12-31,181,'716,Zimbabwe,882,'02211,Raw milk of cattle,5531,Producer Price (SLC/tonne),1996,1996,7021,Annual value,SLC,6.100000,A
ZWE,1997-01-01,1997-12-31,181,'716,Zimbabwe,882,'02211,Raw milk of cattle,5531,Producer Price (SLC/tonne),1997,1997,7021,Annual value,SLC,7.000000,A
ZWE,1998-01-01,1998-12-31,181,'716,Zimbabwe,882,'02211,Raw milk of cattle,5531,Producer Price (SLC/tonne),1998,1998,7021,Annual value,SLC,10.400000,A
ZWE,1999-01-01,1999-12-31,181,'716,Zimbabwe,882,'02211,Raw milk of cattle,5531,Producer Price (SLC/tonne),1999,1999,7021,Annual value,SLC,17.100000,A
ZWE,2000-01-01,2000-12-31,181,'716,Zimbabwe,882,'02211,Raw milk of cattle,5531,Producer Price (SLC/tonne),2000,2000,7021,Annual value,SLC,31.600000,A
ZWE,2001-01-01,2001-12-31,181,'716,Zimbabwe,882,'02211,Raw milk of cattle,5531,Producer Price (SLC/tonne),2001,2001,7021,Annual value,SLC,52.800000,A
ZWE,2002-01-01,2002-12-31,181,'716,Zimbabwe,882,'02211,Raw milk of cattle,5531,Producer Price (SLC/tonne),2002,2002,7021,Annual value,SLC,149.900000,A
ZWE,2003-01-01,2003-12-31,181,'716,Zimbabwe,882,'02211,Raw milk of cattle,5531,Producer Price (SLC/tonne),2003,2003,7021,Annual value,SLC,1354.000000,A
ZWE,2004-01-01,2004-12-31,181,'716,Zimbabwe,882,'02211,Raw milk of cattle,5531,Producer Price (SLC/tonne),2004,2004,7021,Annual value,SLC,5251.100000,A
ZWE,2005-01-01,2005-12-31,181,'716,Zimbabwe,882,'02211,Raw milk of cattle,5531,Producer Price (SLC/tonne),2005,2005,7021,Annual value,SLC,19219.500000,A
ZWE,2014-01-01,2014-12-31,181,'716,Zimbabwe,882,'02211,Raw milk of cattle,5531,Producer Price (SLC/tonne),2014,2014,7021,Annual value,SLC,450.000000,A
ZWE,2014-01-01,2014-12-31,181,'716,Zimbabwe,882,'02211,Raw milk of cattle,5532,Producer Price (USD/tonne),2014,2014,7021,Annual value,USD,450.000000,A
ZWE,2015-01-01,2015-12-31,181,'716,Zimbabwe,882,'02211,Raw milk of cattle,5532,Producer Price (USD/tonne),2015,2015,7021,Annual value,USD,460.500000,A
ZWE,2016-01-01,2016-12-31,181,'716,Zimbabwe,882,'02211,Raw milk of cattle,5532,Producer Price (USD/tonne),2016,2016,7021,Annual value,USD,468.700000,A
ZWE,2017-01-01,2017-12-31,181,'716,Zimbabwe,882,'02211,Raw milk of cattle,5532,Producer Price (USD/tonne),2017,2017,7021,Annual value,USD,580.500000,A
ZWE,1991-01-01,1991-12-31,181,'716,Zimbabwe,882,'02211,Raw milk of cattle,5539,Producer Price Index (2014-2016 = 100),1991,1991,7021,Annual value,,0.330000,E
ZWE,1992-01-01,1992-12-31,181,'716,Zimbabwe,882,'02211,Raw milk of cattle,5539,Producer Price Index (2014-2016 = 100),1992,1992,7021,Annual value,,0.440000,E
ZWE,1993-01-01,1993-12-31,181,'716,Zimbabwe,882,'02211,Raw milk of cattle,5539,Producer Price Index (2014-2016 = 100),1993,1993,7021,Annual value,,0.710000,E
ZWE,1994-01-01,1994-12-31,181,'716,Zimbabwe,882,'02211,Raw milk of cattle,5539,Producer Price Index (2014-2016 = 100),1994,1994,7021,Annual value,,0.910000,E
ZWE,1995-01-01,1995-12-31,181,'716,Zimbabwe,882,'02211,Raw milk of cattle,5539,Producer Price Index (2014-2016 = 100),1995,1995,7021,Annual value,,1.090000,E
ZWE,1996-01-01,1996-12-31,181,'716,Zimbabwe,882,'02211,Raw milk of cattle,5539,Producer Price Index (2014-2016 = 100),1996,1996,7021,Annual value,,1.360000,E
ZWE,1997-01-01,1997-12-31,181,'716,Zimbabwe,882,'02211,Raw milk of cattle,5539,Producer Price Index (2014-2016 = 100),1997,1997,7021,Annual value,,1.570000,E
ZWE,1998-01-01,1998-12-31,181,'716,Zimbabwe,882,'02211,Raw milk of cattle,5539,Producer Price Index (2014-2016 = 100),1998,1998,7021,Annual value,,2.310000,E
ZWE,1999-01-01,1999-12-31,181,'716,Zimbabwe,882,'02211,Raw milk of cattle,5539,Producer Price Index (2014-2016 = 100),1999,1999,7021,Annual value,,3.790000,E
ZWE,2000-01-01,2000-12-31,181,'716,Zimbabwe,882,'02211,Raw milk of cattle,5539,Producer Price Index (2014-2016 = 100),2000,2000,7021,Annual value,,7.010000,E
ZWE,2001-01-01,2001-12-31,181,'716,Zimbabwe,882,'02211,Raw milk of cattle,5539,Producer Price Index (2014-2016 = 100),2001,2001,7021,Annual value,,11.730000,E
ZWE,2002-01-01,2002-12-31,181,'716,Zimbabwe,882,'02211,Raw milk of cattle,5539,Producer Price Index (2014-2016 = 100),2002,2002,7021,Annual value,,33.310000,E
ZWE,2003-01-01,2003-12-31,181,'716,Zimbabwe,882,'02211,Raw milk of cattle,5539,Producer Price Index (2014-2016 = 100),2003,2003,7021,Annual value,,300.880000,E
ZWE,2004-01-01,2004-12-31,181,'716,Zimbabwe,882,'02211,Raw milk of cattle,5539,Producer Price Index (2014-2016 = 100),2004,2004,7021,Annual value,,1166.900000,E
ZWE,2005-01-01,2005-12-31,181,'716,Zimbabwe,882,'02211,Raw milk of cattle,5539,Producer Price Index (2014-2016 = 100),2005,2005,7021,Annual value,,4271.000000,E
ZWE,2006-01-01,2006-12-31,181,'716,Zimbabwe,882,'02211,Raw milk of cattle,5539,Producer Price Index (2014-2016 = 100),2006,2006,7021,Annual value,,11731.650000,E
ZWE,2007-01-01,2007-12-31,181,'716,Zimbabwe,882,'02211,Raw milk of cattle,5539,Producer Price Index (2014-2016 = 100),2007,2007,7021,Annual value,,33661.700000,E
ZWE,2014-01-01,2014-12-31,181,'716,Zimbabwe,882,'02211,Raw milk of cattle,5539,Producer Price Index (2014-2016 = 100),2014,2014,7021,Annual value,,100.000000,E
ZWE,2015-01-01,2015-12-31,181,'716,Zimbabwe,882,'02211,Raw milk of cattle,5539,Producer Price Index (2014-2016 = 100),2015,2015,7021,Annual value,,100.160000,E
ZWE,2016-01-01,2016-12-31,181,'716,Zimbabwe,882,'02211,Raw milk of cattle,5539,Producer Price Index (2014-2016 = 100),2016,2016,7021,Annual value,,101.950000,E
ZWE,2017-01-01,2017-12-31,181,'716,Zimbabwe,882,'02211,Raw milk of cattle,5539,Producer Price Index (2014-2016 = 100),2017,2017,7021,Annual value,,126.280000,E
ZWE,2018-01-01,2018-12-31,181,'716,Zimbabwe,882,'02211,Raw milk of cattle,5539,Producer Price Index (2014-2016 = 100),2018,2018,7021,Annual value,,96.720000,E
ZWE,1995-01-01,1995-12-31,181,'716,Zimbabwe,27,'0113,Rice,5530,Producer Price (LCU/tonne),1995,1995,7021,Annual value,LCU,2500.000000,A
ZWE,1996-01-01,1996-12-31,181,'716,Zimbabwe,27,'0113,Rice,5530,Producer Price (LCU/tonne),1996,1996,7021,Annual value,LCU,3400.000000,A
ZWE,2021-01-01,2021-12-31,181,'716,Zimbabwe,27,'0113,Rice,5530,Producer Price (LCU/tonne),2021,2021,7021,Annual value,LCU,74496.000000,A
ZWE,2022-01-01,2022-12-31,181,'716,Zimbabwe,27,'0113,Rice,5530,Producer Price (LCU/tonne),2022,2022,7021,Annual value,LCU,134228.000000,A
ZWE,2023-01-01,2023-12-31,181,'716,Zimbabwe,27,'0113,Rice,5530,Producer Price (LCU/tonne),2023,2023,7021,Annual value,LCU,3077348.000000,A
ZWE,2023-01-01,2023-01-31,181,'716,Zimbabwe,27,'0113,Rice,5530,Producer Price (LCU/tonne),2023,2023,7001,January,LCU,1221000.000000,A
ZWE,2023-02-01,2023-02-28,181,'716,Zimbabwe,27,'0113,Rice,5530,Producer Price (LCU/tonne),2023,2023,7002,February,LCU,913000.000000,A
ZWE,2023-03-01,2023-03-31,181,'716,Zimbabwe,27,'0113,Rice,5530,Producer Price (LCU/tonne),2023,2023,7003,March,LCU,1120500.000000,A
ZWE,2023-04-01,2023-04-30,181,'716,Zimbabwe,27,'0113,Rice,5530,Producer Price (LCU/tonne),2023,2023,7004,April,LCU,1920000.000000,A
ZWE,2023-05-01,2023-05-31,181,'716,Zimbabwe,27,'0113,Rice,5530,Producer Price (LCU/tonne),2023,2023,7005,May,LCU,1995000.000000,A
ZWE,2023-06-01,2023-06-30,181,'716,Zimbabwe,27,'0113,Rice,5530,Producer Price (LCU/tonne),2023,2023,7006,June,LCU,4760000.000000,A
ZWE,2023-07-01,2023-07-31,181,'716,Zimbabwe,27,'0113,Rice,5530,Producer Price (LCU/tonne),2023,2023,7007,July,LCU,3360000.000000,A
ZWE,2023-08-01,2023-08-31,181,'716,Zimbabwe,27,'0113,Rice,5530,Producer Price (LCU/tonne),2023,2023,7008,August,LCU,3864000.000000,A
ZWE,2023-09-01,2023-09-30,181,'716,Zimbabwe,27,'0113,Rice,5530,Producer Price (LCU/tonne),2023,2023,7009,September,LCU,5727000.000000,A
ZWE,2023-10-01,2023-10-31,181,'716,Zimbabwe,27,'0113,Rice,5530,Producer Price (LCU/tonne),2023,2023,7010,October,LCU,3694000.000000,A
ZWE,2023-11-01,2023-11-30,181,'716,Zimbabwe,27,'0113,Rice,5530,Producer Price (LCU/tonne),2023,2023,7011,November,LCU,4211000.000000,A
ZWE,2023-12-01,2023-12-31,181,'716,Zimbabwe,27,'0113,Rice,5530,Producer Price (LCU/tonne),2023,2023,7012,December,LCU,4142678.000000,A
ZWE,1995-01-01,1995-12-31,181,'716,Zimbabwe,27,'0113,Rice,5531,Producer Price (SLC/tonne),1995,1995,7021,Annual value,SLC,6.900000,A
ZWE,1996-01-01,1996-12-31,181,'716,Zimbabwe,27,'0113,Rice,5531,Producer Price (SLC/tonne),1996,1996,7021,Annual value,SLC,9.400000,A
ZWE,2021-01-01,2021-12-31,181,'716,Zimbabwe,27,'0113,Rice,5532,Producer Price (USD/tonne),2021,2021,7021,Annual value,USD,841.300000,A
ZWE,2022-01-01,2022-12-31,181,'716,Zimbabwe,27,'0113,Rice,5532,Producer Price (USD/tonne),2022,2022,7021,Annual value,USD,134228.000000,A
ZWE,2023-01-01,2023-12-31,181,'716,Zimbabwe,27,'0113,Rice,5532,Producer Price (USD/tonne),2023,2023,7021,Annual value,USD,876.900000,A
ZWE,1991-01-01,1991-12-31,181,'716,Zimbabwe,328,'01921.01,"Seed cotton, unginned",5530,Producer Price (LCU/tonne),1991,1991,7021,Annual value,LCU,1630.000000,A
ZWE,1992-01-01,1992-12-31,181,'716,Zimbabwe,328,'01921.01,"Seed cotton, unginned",5530,Producer Price (LCU/tonne),1992,1992,7021,Annual value,LCU,1350.000000,A
ZWE,1993-01-01,1993-12-31,181,'716,Zimbabwe,328,'01921.01,"Seed cotton, unginned",5530,Producer Price (LCU/tonne),1993,1993,7021,Annual value,LCU,2620.000000,A
ZWE,1994-01-01,1994-12-31,181,'716,Zimbabwe,328,'01921.01,"Seed cotton, unginned",5530,Producer Price (LCU/tonne),1994,1994,7021,Annual value,LCU,2950.000000,A
ZWE,1995-01-01,1995-12-31,181,'716,Zimbabwe,328,'01921.01,"Seed cotton, unginned",5530,Producer Price (LCU/tonne),1995,1995,7021,Annual value,LCU,5420.000000,A
ZWE,1996-01-01,1996-12-31,181,'716,Zimbabwe,328,'01921.01,"Seed cotton, unginned",5530,Producer Price (LCU/tonne),1996,1996,7021,Annual value,LCU,5900.000000,A
ZWE,1997-01-01,1997-12-31,181,'716,Zimbabwe,328,'01921.01,"Seed cotton, unginned",5530,Producer Price (LCU/tonne),1997,1997,7021,Annual value,LCU,5750.000000,A
ZWE,1998-01-01,1998-12-31,181,'716,Zimbabwe,328,'01921.01,"Seed cotton, unginned",5530,Producer Price (LCU/tonne),1998,1998,7021,Annual value,LCU,5430.000000,A
ZWE,1999-01-01,1999-12-31,181,'716,Zimbabwe,328,'01921.01,"Seed cotton, unginned",5530,Producer Price (LCU/tonne),1999,1999,7021,Annual value,LCU,8700.000000,A
ZWE,2000-01-01,2000-12-31,181,'716,Zimbabwe,328,'01921.01,"Seed cotton, unginned",5530,Producer Price (LCU/tonne),2000,2000,7021,Annual value,LCU,15800.000000,A
ZWE,2001-01-01,2001-12-31,181,'716,Zimbabwe,328,'01921.01,"Seed cotton, unginned",5530,Producer Price (LCU/tonne),2001,2001,7021,Annual value,LCU,18100.000000,A
ZWE,2002-01-01,2002-12-31,181,'716,Zimbabwe,328,'01921.01,"Seed cotton, unginned",5530,Producer Price (LCU/tonne),2002,2002,7021,Annual value,LCU,22500.000000,A
ZWE,2003-01-01,2003-12-31,181,'716,Zimbabwe,328,'01921.01,"Seed cotton, unginned",5530,Producer Price (LCU/tonne),2003,2003,7021,Annual value,LCU,56000.000000,A
ZWE,2004-01-01,2004-12-31,181,'716,Zimbabwe,328,'01921.01,"Seed cotton, unginned",5530,Producer Price (LCU/tonne),2004,2004,7021,Annual value,LCU,173782.300000,A
ZWE,2015-01-01,2015-12-31,181,'716,Zimbabwe,328,'01921.01,"Seed cotton, unginned",5530,Producer Price (LCU/tonne),2015,2015,7021,Annual value,LCU,340.000000,A
ZWE,2016-01-01,2016-12-31,181,'716,Zimbabwe,328,'01921.01,"Seed cotton, unginned",5530,Producer Price (LCU/tonne),2016,2016,7021,Annual value,LCU,390.000000,A
ZWE,2017-01-01,2017-12-31,181,'716,Zimbabwe,328,'01921.01,"Seed cotton, unginned",5530,Producer Price (LCU/tonne),2017,2017,7021,Annual value,LCU,470.000000,A
ZWE,2017-01-01,2017-01-31,181,'716,Zimbabwe,328,'01921.01,"Seed cotton, unginned",5530,Producer Price (LCU/tonne),2017,2017,7001,January,LCU,470.000000,A
ZWE,2017-02-01,2017-02-28,181,'716,Zimbabwe,328,'01921.01,"Seed cotton, unginned",5530,Producer Price (LCU/tonne),2017,2017,7002,February,LCU,470.000000,A
ZWE,2017-03-01,2017-03-31,181,'716,Zimbabwe,328,'01921.01,"Seed cotton, unginned",5530,Producer Price (LCU/tonne),2017,2017,7003,March,LCU,470.000000,A
ZWE,2017-04-01,2017-04-30,181,'716,Zimbabwe,328,'01921.01,"Seed cotton, unginned",5530,Producer Price (LCU/tonne),2017,2017,7004,April,LCU,470.000000,A
ZWE,2017-05-01,2017-05-31,181,'716,Zimbabwe,328,'01921.01,"Seed cotton, unginned",5530,Producer Price (LCU/tonne),2017,2017,7005,May,LCU,470.000000,A
ZWE,2017-06-01,2017-06-30,181,'716,Zimbabwe,328,'01921.01,"Seed cotton, unginned",5530,Producer Price (LCU/tonne),2017,2017,7006,June,LCU,470.000000,A
ZWE,2017-07-01,2017-07-31,181,'716,Zimbabwe,328,'01921.01,"Seed cotton, unginned",5530,Producer Price (LCU/tonne),2017,2017,7007,July,LCU,470.000000,A
ZWE,2017-08-01,2017-08-31,181,'716,Zimbabwe,328,'01921.01,"Seed cotton, unginned",5530,Producer Price (LCU/tonne),2017,2017,7008,August,LCU,470.000000,A
ZWE,2017-09-01,2017-09-30,181,'716,Zimbabwe,328,'01921.01,"Seed cotton, unginned",5530,Producer Price (LCU/tonne),2017,2017,7009,September,LCU,470.000000,A
ZWE,2017-10-01,2017-10-31,181,'716,Zimbabwe,328,'01921.01,"Seed cotton, unginned",5530,Producer Price (LCU/tonne),2017,2017,7010,October,LCU,470.000000,A
ZWE,2017-11-01,2017-11-30,181,'716,Zimbabwe,328,'01921.01,"Seed cotton, unginned",5530,Producer Price (LCU/tonne),2017,2017,7011,November,LCU,470.000000,A
ZWE,2017-12-01,2017-12-31,181,'716,Zimbabwe,328,'01921.01,"Seed cotton, unginned",5530,Producer Price (LCU/tonne),2017,2017,7012,December,LCU,470.000000,A
ZWE,2018-01-01,2018-12-31,181,'716,Zimbabwe,328,'01921.01,"Seed cotton, unginned",5530,Producer Price (LCU/tonne),2018,2018,7021,Annual value,LCU,530.000000,A
ZWE,2018-01-01,2018-01-31,181,'716,Zimbabwe,328,'01921.01,"Seed cotton, unginned",5530,Producer Price (LCU/tonne),2018,2018,7001,January,LCU,470.000000,A
ZWE,1991-01-01,1991-12-31,181,'716,Zimbabwe,328,'01921.01,"Seed cotton, unginned",5531,Producer Price (SLC/tonne),1991,1991,7021,Annual value,SLC,4.500000,A
ZWE,1992-01-01,1992-12-31,181,'716,Zimbabwe,328,'01921.01,"Seed cotton, unginned",5531,Producer Price (SLC/tonne),1992,1992,7021,Annual value,SLC,3.700000,A
ZWE,1993-01-01,1993-12-31,181,'716,Zimbabwe,328,'01921.01,"Seed cotton, unginned",5531,Producer Price (SLC/tonne),1993,1993,7021,Annual value,SLC,7.200000,A
ZWE,1994-01-01,1994-12-31,181,'716,Zimbabwe,328,'01921.01,"Seed cotton, unginned",5531,Producer Price (SLC/tonne),1994,1994,7021,Annual value,SLC,8.200000,A
ZWE,1995-01-01,1995-12-31,181,'716,Zimbabwe,328,'01921.01,"Seed cotton, unginned",5531,Producer Price (SLC/tonne),1995,1995,7021,Annual value,SLC,15.000000,A
ZWE,1996-01-01,1996-12-31,181,'716,Zimbabwe,328,'01921.01,"Seed cotton, unginned",5531,Producer Price (SLC/tonne),1996,1996,7021,Annual value,SLC,16.300000,A
ZWE,1997-01-01,1997-12-31,181,'716,Zimbabwe,328,'01921.01,"Seed cotton, unginned",5531,Producer Price (SLC/tonne),1997,1997,7021,Annual value,SLC,15.900000,A
ZWE,1998-01-01,1998-12-31,181,'716,Zimbabwe,328,'01921.01,"Seed cotton, unginned",5531,Producer Price (SLC/tonne),1998,1998,7021,Annual value,SLC,15.000000,A
ZWE,1999-01-01,1999-12-31,181,'716,Zimbabwe,328,'01921.01,"Seed cotton, unginned",5531,Producer Price (SLC/tonne),1999,1999,7021,Annual value,SLC,24.000000,A
ZWE,2000-01-01,2000-12-31,181,'716,Zimbabwe,328,'01921.01,"Seed cotton, unginned",5531,Producer Price (SLC/tonne),2000,2000,7021,Annual value,SLC,43.700000,A
ZWE,2001-01-01,2001-12-31,181,'716,Zimbabwe,328,'01921.01,"Seed cotton, unginned",5531,Producer Price (SLC/tonne),2001,2001,7021,Annual value,SLC,50.000000,A
ZWE,2002-01-01,2002-12-31,181,'716,Zimbabwe,328,'01921.01,"Seed cotton, unginned",5531,Producer Price (SLC/tonne),2002,2002,7021,Annual value,SLC,62.200000,A
ZWE,2003-01-01,2003-12-31,181,'716,Zimbabwe,328,'01921.01,"Seed cotton, unginned",5531,Producer Price (SLC/tonne),2003,2003,7021,Annual value,SLC,154.700000,A
ZWE,2004-01-01,2004-12-31,181,'716,Zimbabwe,328,'01921.01,"Seed cotton, unginned",5531,Producer Price (SLC/tonne),2004,2004,7021,Annual value,SLC,480.200000,A
ZWE,2015-01-01,2015-12-31,181,'716,Zimbabwe,328,'01921.01,"Seed cotton, unginned",5531,Producer Price (SLC/tonne),2015,2015,7021,Annual value,SLC,340.000000,A
ZWE,2016-01-01,2016-12-31,181,'716,Zimbabwe,328,'01921.01,"Seed cotton, unginned",5531,Producer Price (SLC/tonne),2016,2016,7021,Annual value,SLC,390.000000,A
ZWE,2017-01-01,2017-12-31,181,'716,Zimbabwe,328,'01921.01,"Seed cotton, unginned",5531,Producer Price (SLC/tonne),2017,2017,7021,Annual value,SLC,470.000000,A
ZWE,2018-01-01,2018-12-31,181,'716,Zimbabwe,328,'01921.01,"Seed cotton, unginned",5531,Producer Price (SLC/tonne),2018,2018,7021,Annual value,SLC,530.000000,A
ZWE,2015-01-01,2015-12-31,181,'716,Zimbabwe,328,'01921.01,"Seed cotton, unginned",5532,Producer Price (USD/tonne),2015,2015,7021,Annual value,USD,340.000000,A
ZWE,2016-01-01,2016-12-31,181,'716,Zimbabwe,328,'01921.01,"Seed cotton, unginned",5532,Producer Price (USD/tonne),2016,2016,7021,Annual value,USD,390.000000,A
ZWE,2017-01-01,2017-12-31,181,'716,Zimbabwe,328,'01921.01,"Seed cotton, unginned",5532,Producer Price (USD/tonne),2017,2017,7021,Annual value,USD,470.000000,A
ZWE,2018-01-01,2018-12-31,181,'716,Zimbabwe,328,'01921.01,"Seed cotton, unginned",5532,Producer Price (USD/tonne),2018,2018,7021,Annual value,USD,530.000000,A
ZWE,1991-01-01,1991-12-31,181,'716,Zimbabwe,328,'01921.01,"Seed cotton, unginned",5539,Producer Price Index (2014-2016 = 100),1991,1991,7021,Annual value,,1.230000,E
ZWE,1992-01-01,1992-12-31,181,'716,Zimbabwe,328,'01921.01,"Seed cotton, unginned",5539,Producer Price Index (2014-2016 = 100),1992,1992,7021,Annual value,,1.020000,E
ZWE,1993-01-01,1993-12-31,181,'716,Zimbabwe,328,'01921.01,"Seed cotton, unginned",5539,Producer Price Index (2014-2016 = 100),1993,1993,7021,Annual value,,1.980000,E
ZWE,1994-01-01,1994-12-31,181,'716,Zimbabwe,328,'01921.01,"Seed cotton, unginned",5539,Producer Price Index (2014-2016 = 100),1994,1994,7021,Annual value,,2.230000,E
ZWE,1995-01-01,1995-12-31,181,'716,Zimbabwe,328,'01921.01,"Seed cotton, unginned",5539,Producer Price Index (2014-2016 = 100),1995,1995,7021,Annual value,,4.100000,E
ZWE,1996-01-01,1996-12-31,181,'716,Zimbabwe,328,'01921.01,"Seed cotton, unginned",5539,Producer Price Index (2014-2016 = 100),1996,1996,7021,Annual value,,4.470000,E
ZWE,1997-01-01,1997-12-31,181,'716,Zimbabwe,328,'01921.01,"Seed cotton, unginned",5539,Producer Price Index (2014-2016 = 100),1997,1997,7021,Annual value,,4.350000,E
ZWE,1998-01-01,1998-12-31,181,'716,Zimbabwe,328,'01921.01,"Seed cotton, unginned",5539,Producer Price Index (2014-2016 = 100),1998,1998,7021,Annual value,,4.110000,E
ZWE,1999-01-01,1999-12-31,181,'716,Zimbabwe,328,'01921.01,"Seed cotton, unginned",5539,Producer Price Index (2014-2016 = 100),1999,1999,7021,Annual value,,6.590000,E
ZWE,2000-01-01,2000-12-31,181,'716,Zimbabwe,328,'01921.01,"Seed cotton, unginned",5539,Producer Price Index (2014-2016 = 100),2000,2000,7021,Annual value,,11.960000,E
ZWE,2001-01-01,2001-12-31,181,'716,Zimbabwe,328,'01921.01,"Seed cotton, unginned",5539,Producer Price Index (2014-2016 = 100),2001,2001,7021,Annual value,,13.700000,E
ZWE,2002-01-01,2002-12-31,181,'716,Zimbabwe,328,'01921.01,"Seed cotton, unginned",5539,Producer Price Index (2014-2016 = 100),2002,2002,7021,Annual value,,17.030000,E
ZWE,2003-01-01,2003-12-31,181,'716,Zimbabwe,328,'01921.01,"Seed cotton, unginned",5539,Producer Price Index (2014-2016 = 100),2003,2003,7021,Annual value,,42.390000,E
ZWE,2004-01-01,2004-12-31,181,'716,Zimbabwe,328,'01921.01,"Seed cotton, unginned",5539,Producer Price Index (2014-2016 = 100),2004,2004,7021,Annual value,,131.560000,E
ZWE,2005-01-01,2005-12-31,181,'716,Zimbabwe,328,'01921.01,"Seed cotton, unginned",5539,Producer Price Index (2014-2016 = 100),2005,2005,7021,Annual value,,130.320000,E
ZWE,2006-01-01,2006-12-31,181,'716,Zimbabwe,328,'01921.01,"Seed cotton, unginned",5539,Producer Price Index (2014-2016 = 100),2006,2006,7021,Annual value,,144.000000,E
ZWE,2007-01-01,2007-12-31,181,'716,Zimbabwe,328,'01921.01,"Seed cotton, unginned",5539,Producer Price Index (2014-2016 = 100),2007,2007,7021,Annual value,,165.920000,E
ZWE,2015-01-01,2015-12-31,181,'716,Zimbabwe,328,'01921.01,"Seed cotton, unginned",5539,Producer Price Index (2014-2016 = 100),2015,2015,7021,Annual value,,93.150000,E
ZWE,2016-01-01,2016-12-31,181,'716,Zimbabwe,328,'01921.01,"Seed cotton, unginned",5539,Producer Price Index (2014-2016 = 100),2016,2016,7021,Annual value,,106.850000,E
ZWE,2017-01-01,2017-12-31,181,'716,Zimbabwe,328,'01921.01,"Seed cotton, unginned",5539,Producer Price Index (2014-2016 = 100),2017,2017,7021,Annual value,,128.770000,E
ZWE,2018-01-01,2018-12-31,181,'716,Zimbabwe,328,'01921.01,"Seed cotton, unginned",5539,Producer Price Index (2014-2016 = 100),2018,2018,7021,Annual value,,145.210000,E
ZWE,1991-01-01,1991-12-31,181,'716,Zimbabwe,83,'0114,Sorghum,5530,Producer Price (LCU/tonne),1991,1991,7021,Annual value,LCU,250.000000,A
ZWE,1992-01-01,1992-12-31,181,'716,Zimbabwe,83,'0114,Sorghum,5530,Producer Price (LCU/tonne),1992,1992,7021,Annual value,LCU,350.000000,A
ZWE,1993-01-01,1993-12-31,181,'716,Zimbabwe,83,'0114,Sorghum,5530,Producer Price (LCU/tonne),1993,1993,7021,Annual value,LCU,520.000000,A
ZWE,1994-01-01,1994-12-31,181,'716,Zimbabwe,83,'0114,Sorghum,5530,Producer Price (LCU/tonne),1994,1994,7021,Annual value,LCU,520.000000,A
ZWE,1995-01-01,1995-12-31,181,'716,Zimbabwe,83,'0114,Sorghum,5530,Producer Price (LCU/tonne),1995,1995,7021,Annual value,LCU,650.000000,A
ZWE,1996-01-01,1996-12-31,181,'716,Zimbabwe,83,'0114,Sorghum,5530,Producer Price (LCU/tonne),1996,1996,7021,Annual value,LCU,920.000000,A
ZWE,1997-01-01,1997-12-31,181,'716,Zimbabwe,83,'0114,Sorghum,5530,Producer Price (LCU/tonne),1997,1997,7021,Annual value,LCU,2100.000000,A
ZWE,1998-01-01,1998-12-31,181,'716,Zimbabwe,83,'0114,Sorghum,5530,Producer Price (LCU/tonne),1998,1998,7021,Annual value,LCU,900.000000,A
ZWE,1999-01-01,1999-12-31,181,'716,Zimbabwe,83,'0114,Sorghum,5530,Producer Price (LCU/tonne),1999,1999,7021,Annual value,LCU,3000.000000,A
ZWE,2000-01-01,2000-12-31,181,'716,Zimbabwe,83,'0114,Sorghum,5530,Producer Price (LCU/tonne),2000,2000,7021,Annual value,LCU,4000.000000,A
ZWE,2001-01-01,2001-12-31,181,'716,Zimbabwe,83,'0114,Sorghum,5530,Producer Price (LCU/tonne),2001,2001,7021,Annual value,LCU,5500.000000,A
ZWE,2002-01-01,2002-12-31,181,'716,Zimbabwe,83,'0114,Sorghum,5530,Producer Price (LCU/tonne),2002,2002,7021,Annual value,LCU,28000.000000,A
ZWE,2003-01-01,2003-12-31,181,'716,Zimbabwe,83,'0114,Sorghum,5530,Producer Price (LCU/tonne),2003,2003,7021,Annual value,LCU,300000.000000,A
ZWE,2004-01-01,2004-12-31,181,'716,Zimbabwe,83,'0114,Sorghum,5530,Producer Price (LCU/tonne),2004,2004,7021,Annual value,LCU,750000.000000,A
ZWE,2005-01-01,2005-12-31,181,'716,Zimbabwe,83,'0114,Sorghum,5530,Producer Price (LCU/tonne),2005,2005,7021,Annual value,LCU,2250000.000000,A
ZWE,2006-01-01,2006-12-31,181,'716,Zimbabwe,83,'0114,Sorghum,5530,Producer Price (LCU/tonne),2006,2006,7021,Annual value,LCU,31300000.000000,A
ZWE,2013-01-01,2013-12-31,181,'716,Zimbabwe,83,'0114,Sorghum,5530,Producer Price (LCU/tonne),2013,2013,7021,Annual value,LCU,106760.500000,A
ZWE,2013-01-01,2013-01-31,181,'716,Zimbabwe,83,'0114,Sorghum,5530,Producer Price (LCU/tonne),2013,2013,7001,January,LCU,106761.000000,A
ZWE,2013-02-01,2013-02-28,181,'716,Zimbabwe,83,'0114,Sorghum,5530,Producer Price (LCU/tonne),2013,2013,7002,February,LCU,106761.000000,A
ZWE,2013-03-01,2013-03-31,181,'716,Zimbabwe,83,'0114,Sorghum,5530,Producer Price (LCU/tonne),2013,2013,7003,March,LCU,106761.000000,A
ZWE,2013-04-01,2013-04-30,181,'716,Zimbabwe,83,'0114,Sorghum,5530,Producer Price (LCU/tonne),2013,2013,7004,April,LCU,106761.000000,A
ZWE,2013-05-01,2013-05-31,181,'716,Zimbabwe,83,'0114,Sorghum,5530,Producer Price (LCU/tonne),2013,2013,7005,May,LCU,106761.000000,A
ZWE,2013-06-01,2013-06-30,181,'716,Zimbabwe,83,'0114,Sorghum,5530,Producer Price (LCU/tonne),2013,2013,7006,June,LCU,106761.000000,A
ZWE,2013-07-01,2013-07-31,181,'716,Zimbabwe,83,'0114,Sorghum,5530,Producer Price (LCU/tonne),2013,2013,7007,July,LCU,106761.000000,A
ZWE,2013-08-01,2013-08-31,181,'716,Zimbabwe,83,'0114,Sorghum,5530,Producer Price (LCU/tonne),2013,2013,7008,August,LCU,106761.000000,A
ZWE,2013-09-01,2013-09-30,181,'716,Zimbabwe,83,'0114,Sorghum,5530,Producer Price (LCU/tonne),2013,2013,7009,September,LCU,106761.000000,A
ZWE,2013-10-01,2013-10-31,181,'716,Zimbabwe,83,'0114,Sorghum,5530,Producer Price (LCU/tonne),2013,2013,7010,October,LCU,106761.000000,A
ZWE,2013-11-01,2013-11-30,181,'716,Zimbabwe,83,'0114,Sorghum,5530,Producer Price (LCU/tonne),2013,2013,7011,November,LCU,106761.000000,A
ZWE,2013-12-01,2013-12-31,181,'716,Zimbabwe,83,'0114,Sorghum,5530,Producer Price (LCU/tonne),2013,2013,7012,December,LCU,106761.000000,A
ZWE,2014-01-01,2014-12-31,181,'716,Zimbabwe,83,'0114,Sorghum,5530,Producer Price (LCU/tonne),2014,2014,7021,Annual value,LCU,310.000000,A
ZWE,2014-01-01,2014-01-31,181,'716,Zimbabwe,83,'0114,Sorghum,5530,Producer Price (LCU/tonne),2014,2014,7001,January,LCU,310.000000,A
ZWE,2014-02-01,2014-02-28,181,'716,Zimbabwe,83,'0114,Sorghum,5530,Producer Price (LCU/tonne),2014,2014,7002,February,LCU,310.000000,A
ZWE,2014-03-01,2014-03-31,181,'716,Zimbabwe,83,'0114,Sorghum,5530,Producer Price (LCU/tonne),2014,2014,7003,March,LCU,310.000000,A
ZWE,2014-04-01,2014-04-30,181,'716,Zimbabwe,83,'0114,Sorghum,5530,Producer Price (LCU/tonne),2014,2014,7004,April,LCU,344.000000,A
ZWE,2014-05-01,2014-05-31,181,'716,Zimbabwe,83,'0114,Sorghum,5530,Producer Price (LCU/tonne),2014,2014,7005,May,LCU,344.000000,A
ZWE,2014-06-01,2014-06-30,181,'716,Zimbabwe,83,'0114,Sorghum,5530,Producer Price (LCU/tonne),2014,2014,7006,June,LCU,344.000000,A
ZWE,2014-07-01,2014-07-31,181,'716,Zimbabwe,83,'0114,Sorghum,5530,Producer Price (LCU/tonne),2014,2014,7007,July,LCU,344.000000,A
ZWE,2014-08-01,2014-08-31,181,'716,Zimbabwe,83,'0114,Sorghum,5530,Producer Price (LCU/tonne),2014,2014,7008,August,LCU,344.000000,A
ZWE,2014-09-01,2014-09-30,181,'716,Zimbabwe,83,'0114,Sorghum,5530,Producer Price (LCU/tonne),2014,2014,7009,September,LCU,344.000000,A
ZWE,2014-10-01,2014-10-31,181,'716,Zimbabwe,83,'0114,Sorghum,5530,Producer Price (LCU/tonne),2014,2014,7010,October,LCU,344.000000,A
ZWE,2014-11-01,2014-11-30,181,'716,Zimbabwe,83,'0114,Sorghum,5530,Producer Price (LCU/tonne),2014,2014,7011,November,LCU,344.000000,A
ZWE,2014-12-01,2014-12-31,181,'716,Zimbabwe,83,'0114,Sorghum,5530,Producer Price (LCU/tonne),2014,2014,7012,December,LCU,344.000000,A
ZWE,2015-01-01,2015-12-31,181,'716,Zimbabwe,83,'0114,Sorghum,5530,Producer Price (LCU/tonne),2015,2015,7021,Annual value,LCU,230.000000,A
ZWE,2015-01-01,2015-01-31,181,'716,Zimbabwe,83,'0114,Sorghum,5530,Producer Price (LCU/tonne),2015,2015,7001,January,LCU,344.000000,A
ZWE,2016-01-01,2016-12-31,181,'716,Zimbabwe,83,'0114,Sorghum,5530,Producer Price (LCU/tonne),2016,2016,7021,Annual value,LCU,390.000000,A
ZWE,2016-01-01,2016-01-31,181,'716,Zimbabwe,83,'0114,Sorghum,5530,Producer Price (LCU/tonne),2016,2016,7001,January,LCU,344.000000,A
ZWE,2016-02-01,2016-02-29,181,'716,Zimbabwe,83,'0114,Sorghum,5530,Producer Price (LCU/tonne),2016,2016,7002,February,LCU,344.000000,A
ZWE,2016-03-01,2016-03-31,181,'716,Zimbabwe,83,'0114,Sorghum,5530,Producer Price (LCU/tonne),2016,2016,7003,March,LCU,344.000000,A
ZWE,2016-04-01,2016-04-30,181,'716,Zimbabwe,83,'0114,Sorghum,5530,Producer Price (LCU/tonne),2016,2016,7004,April,LCU,230.000000,A
ZWE,2016-05-01,2016-05-31,181,'716,Zimbabwe,83,'0114,Sorghum,5530,Producer Price (LCU/tonne),2016,2016,7005,May,LCU,230.000000,A
ZWE,2016-06-01,2016-06-30,181,'716,Zimbabwe,83,'0114,Sorghum,5530,Producer Price (LCU/tonne),2016,2016,7006,June,LCU,230.000000,A
ZWE,2016-07-01,2016-07-31,181,'716,Zimbabwe,83,'0114,Sorghum,5530,Producer Price (LCU/tonne),2016,2016,7007,July,LCU,230.000000,A
ZWE,2016-08-01,2016-08-31,181,'716,Zimbabwe,83,'0114,Sorghum,5530,Producer Price (LCU/tonne),2016,2016,7008,August,LCU,230.000000,A
ZWE,2016-09-01,2016-09-30,181,'716,Zimbabwe,83,'0114,Sorghum,5530,Producer Price (LCU/tonne),2016,2016,7009,September,LCU,230.000000,A
ZWE,2016-10-01,2016-10-31,181,'716,Zimbabwe,83,'0114,Sorghum,5530,Producer Price (LCU/tonne),2016,2016,7010,October,LCU,230.000000,A
ZWE,2016-11-01,2016-11-30,181,'716,Zimbabwe,83,'0114,Sorghum,5530,Producer Price (LCU/tonne),2016,2016,7011,November,LCU,230.000000,A
ZWE,2016-12-01,2016-12-31,181,'716,Zimbabwe,83,'0114,Sorghum,5530,Producer Price (LCU/tonne),2016,2016,7012,December,LCU,230.000000,A
ZWE,2017-01-01,2017-12-31,181,'716,Zimbabwe,83,'0114,Sorghum,5530,Producer Price (LCU/tonne),2017,2017,7021,Annual value,LCU,390.000000,A
ZWE,2017-01-01,2017-01-31,181,'716,Zimbabwe,83,'0114,Sorghum,5530,Producer Price (LCU/tonne),2017,2017,7001,January,LCU,390.000000,A
ZWE,2017-02-01,2017-02-28,181,'716,Zimbabwe,83,'0114,Sorghum,5530,Producer Price (LCU/tonne),2017,2017,7002,February,LCU,390.000000,A
ZWE,2017-03-01,2017-03-31,181,'716,Zimbabwe,83,'0114,Sorghum,5530,Producer Price (LCU/tonne),2017,2017,7003,March,LCU,390.000000,A
ZWE,2017-04-01,2017-04-30,181,'716,Zimbabwe,83,'0114,Sorghum,5530,Producer Price (LCU/tonne),2017,2017,7004,April,LCU,390.000000,A
ZWE,2017-05-01,2017-05-31,181,'716,Zimbabwe,83,'0114,Sorghum,5530,Producer Price (LCU/tonne),2017,2017,7005,May,LCU,390.000000,A
ZWE,2017-06-01,2017-06-30,181,'716,Zimbabwe,83,'0114,Sorghum,5530,Producer Price (LCU/tonne),2017,2017,7006,June,LCU,390.000000,A
ZWE,2017-07-01,2017-07-31,181,'716,Zimbabwe,83,'0114,Sorghum,5530,Producer Price (LCU/tonne),2017,2017,7007,July,LCU,390.000000,A
ZWE,2017-08-01,2017-08-31,181,'716,Zimbabwe,83,'0114,Sorghum,5530,Producer Price (LCU/tonne),2017,2017,7008,August,LCU,390.000000,A
ZWE,2017-09-01,2017-09-30,181,'716,Zimbabwe,83,'0114,Sorghum,5530,Producer Price (LCU/tonne),2017,2017,7009,September,LCU,390.000000,A
ZWE,2017-10-01,2017-10-31,181,'716,Zimbabwe,83,'0114,Sorghum,5530,Producer Price (LCU/tonne),2017,2017,7010,October,LCU,390.000000,A
ZWE,2017-11-01,2017-11-30,181,'716,Zimbabwe,83,'0114,Sorghum,5530,Producer Price (LCU/tonne),2017,2017,7011,November,LCU,390.000000,A
ZWE,2017-12-01,2017-12-31,181,'716,Zimbabwe,83,'0114,Sorghum,5530,Producer Price (LCU/tonne),2017,2017,7012,December,LCU,390.000000,A
ZWE,2018-01-01,2018-12-31,181,'716,Zimbabwe,83,'0114,Sorghum,5530,Producer Price (LCU/tonne),2018,2018,7021,Annual value,LCU,390.000000,A
ZWE,2018-01-01,2018-01-31,181,'716,Zimbabwe,83,'0114,Sorghum,5530,Producer Price (LCU/tonne),2018,2018,7001,January,LCU,390.000000,A
ZWE,2021-01-01,2021-12-31,181,'716,Zimbabwe,83,'0114,Sorghum,5530,Producer Price (LCU/tonne),2021,2021,7021,Annual value,LCU,36815.000000,A
ZWE,2022-01-01,2022-12-31,181,'716,Zimbabwe,83,'0114,Sorghum,5530,Producer Price (LCU/tonne),2022,2022,7021,Annual value,LCU,66333.000000,A
ZWE,2023-01-01,2023-12-31,181,'716,Zimbabwe,83,'0114,Sorghum,5530,Producer Price (LCU/tonne),2023,2023,7021,Annual value,LCU,1586625.000000,A
ZWE,2023-01-01,2023-01-31,181,'716,Zimbabwe,83,'0114,Sorghum,5530,Producer Price (LCU/tonne),2023,2023,7001,January,LCU,451000.000000,A
ZWE,2023-02-01,2023-02-28,181,'716,Zimbabwe,83,'0114,Sorghum,5530,Producer Price (LCU/tonne),2023,2023,7002,February,LCU,517000.000000,A
ZWE,2023-03-01,2023-03-31,181,'716,Zimbabwe,83,'0114,Sorghum,5530,Producer Price (LCU/tonne),2023,2023,7003,March,LCU,634500.000000,A
ZWE,2023-04-01,2023-04-30,181,'716,Zimbabwe,83,'0114,Sorghum,5530,Producer Price (LCU/tonne),2023,2023,7004,April,LCU,840000.000000,A
ZWE,2023-05-01,2023-05-31,181,'716,Zimbabwe,83,'0114,Sorghum,5530,Producer Price (LCU/tonne),2023,2023,7005,May,LCU,1015000.000000,A
ZWE,2023-06-01,2023-06-30,181,'716,Zimbabwe,83,'0114,Sorghum,5530,Producer Price (LCU/tonne),2023,2023,7006,June,LCU,2465000.000000,A
ZWE,2023-07-01,2023-07-31,181,'716,Zimbabwe,83,'0114,Sorghum,5530,Producer Price (LCU/tonne),2023,2023,7007,July,LCU,1740000.000000,A
ZWE,2023-08-01,2023-08-31,181,'716,Zimbabwe,83,'0114,Sorghum,5530,Producer Price (LCU/tonne),2023,2023,7008,August,LCU,2001000.000000,A
ZWE,2023-09-01,2023-09-30,181,'716,Zimbabwe,83,'0114,Sorghum,5530,Producer Price (LCU/tonne),2023,2023,7009,September,LCU,1656000.000000,A
ZWE,2023-10-01,2023-10-31,181,'716,Zimbabwe,83,'0114,Sorghum,5530,Producer Price (LCU/tonne),2023,2023,7010,October,LCU,1728000.000000,A
ZWE,2023-11-01,2023-11-30,181,'716,Zimbabwe,83,'0114,Sorghum,5530,Producer Price (LCU/tonne),2023,2023,7011,November,LCU,3150000.000000,A
ZWE,2023-12-01,2023-12-31,181,'716,Zimbabwe,83,'0114,Sorghum,5530,Producer Price (LCU/tonne),2023,2023,7012,December,LCU,2842000.000000,A
ZWE,1991-01-01,1991-12-31,181,'716,Zimbabwe,83,'0114,Sorghum,5531,Producer Price (SLC/tonne),1991,1991,7021,Annual value,SLC,0.700000,A
ZWE,1992-01-01,1992-12-31,181,'716,Zimbabwe,83,'0114,Sorghum,5531,Producer Price (SLC/tonne),1992,1992,7021,Annual value,SLC,1.000000,A
ZWE,1993-01-01,1993-12-31,181,'716,Zimbabwe,83,'0114,Sorghum,5531,Producer Price (SLC/tonne),1993,1993,7021,Annual value,SLC,1.400000,A
ZWE,1994-01-01,1994-12-31,181,'716,Zimbabwe,83,'0114,Sorghum,5531,Producer Price (SLC/tonne),1994,1994,7021,Annual value,SLC,1.400000,A
ZWE,1995-01-01,1995-12-31,181,'716,Zimbabwe,83,'0114,Sorghum,5531,Producer Price (SLC/tonne),1995,1995,7021,Annual value,SLC,1.800000,A
ZWE,1996-01-01,1996-12-31,181,'716,Zimbabwe,83,'0114,Sorghum,5531,Producer Price (SLC/tonne),1996,1996,7021,Annual value,SLC,2.500000,A
ZWE,1997-01-01,1997-12-31,181,'716,Zimbabwe,83,'0114,Sorghum,5531,Producer Price (SLC/tonne),1997,1997,7021,Annual value,SLC,5.800000,A
ZWE,1998-01-01,1998-12-31,181,'716,Zimbabwe,83,'0114,Sorghum,5531,Producer Price (SLC/tonne),1998,1998,7021,Annual value,SLC,2.500000,A
ZWE,1999-01-01,1999-12-31,181,'716,Zimbabwe,83,'0114,Sorghum,5531,Producer Price (SLC/tonne),1999,1999,7021,Annual value,SLC,8.300000,A
ZWE,2000-01-01,2000-12-31,181,'716,Zimbabwe,83,'0114,Sorghum,5531,Producer Price (SLC/tonne),2000,2000,7021,Annual value,SLC,11.100000,A
ZWE,2001-01-01,2001-12-31,181,'716,Zimbabwe,83,'0114,Sorghum,5531,Producer Price (SLC/tonne),2001,2001,7021,Annual value,SLC,15.200000,A
ZWE,2002-01-01,2002-12-31,181,'716,Zimbabwe,83,'0114,Sorghum,5531,Producer Price (SLC/tonne),2002,2002,7021,Annual value,SLC,77.400000,A
ZWE,2003-01-01,2003-12-31,181,'716,Zimbabwe,83,'0114,Sorghum,5531,Producer Price (SLC/tonne),2003,2003,7021,Annual value,SLC,829.000000,A
ZWE,2004-01-01,2004-12-31,181,'716,Zimbabwe,83,'0114,Sorghum,5531,Producer Price (SLC/tonne),2004,2004,7021,Annual value,SLC,2072.400000,A
ZWE,2005-01-01,2005-12-31,181,'716,Zimbabwe,83,'0114,Sorghum,5531,Producer Price (SLC/tonne),2005,2005,7021,Annual value,SLC,6217.200000,A
ZWE,2006-01-01,2006-12-31,181,'716,Zimbabwe,83,'0114,Sorghum,5531,Producer Price (SLC/tonne),2006,2006,7021,Annual value,SLC,86488.000000,A
ZWE,2013-01-01,2013-12-31,181,'716,Zimbabwe,83,'0114,Sorghum,5531,Producer Price (SLC/tonne),2013,2013,7021,Annual value,SLC,295.000000,A
ZWE,2014-01-01,2014-12-31,181,'716,Zimbabwe,83,'0114,Sorghum,5531,Producer Price (SLC/tonne),2014,2014,7021,Annual value,SLC,310.000000,A
ZWE,2015-01-01,2015-12-31,181,'716,Zimbabwe,83,'0114,Sorghum,5531,Producer Price (SLC/tonne),2015,2015,7021,Annual value,SLC,230.000000,A
ZWE,2016-01-01,2016-12-31,181,'716,Zimbabwe,83,'0114,Sorghum,5531,Producer Price (SLC/tonne),2016,2016,7021,Annual value,SLC,390.000000,A
ZWE,2017-01-01,2017-12-31,181,'716,Zimbabwe,83,'0114,Sorghum,5531,Producer Price (SLC/tonne),2017,2017,7021,Annual value,SLC,390.000000,A
ZWE,2018-01-01,2018-12-31,181,'716,Zimbabwe,83,'0114,Sorghum,5531,Producer Price (SLC/tonne),2018,2018,7021,Annual value,SLC,390.000000,A
ZWE,2010-01-01,2010-12-31,181,'716,Zimbabwe,83,'0114,Sorghum,5532,Producer Price (USD/tonne),2010,2010,7021,Annual value,USD,110.000000,A
ZWE,2011-01-01,2011-12-31,181,'716,Zimbabwe,83,'0114,Sorghum,5532,Producer Price (USD/tonne),2011,2011,7021,Annual value,USD,285.000000,A
ZWE,2012-01-01,2012-12-31,181,'716,Zimbabwe,83,'0114,Sorghum,5532,Producer Price (USD/tonne),2012,2012,7021,Annual value,USD,295.000000,A
ZWE,2013-01-01,2013-12-31,181,'716,Zimbabwe,83,'0114,Sorghum,5532,Producer Price (USD/tonne),2013,2013,7021,Annual value,USD,295.000000,A
ZWE,2014-01-01,2014-12-31,181,'716,Zimbabwe,83,'0114,Sorghum,5532,Producer Price (USD/tonne),2014,2014,7021,Annual value,USD,310.000000,A
ZWE,2015-01-01,2015-12-31,181,'716,Zimbabwe,83,'0114,Sorghum,5532,Producer Price (USD/tonne),2015,2015,7021,Annual value,USD,230.000000,A
ZWE,2016-01-01,2016-12-31,181,'716,Zimbabwe,83,'0114,Sorghum,5532,Producer Price (USD/tonne),2016,2016,7021,Annual value,USD,390.000000,A
ZWE,2017-01-01,2017-12-31,181,'716,Zimbabwe,83,'0114,Sorghum,5532,Producer Price (USD/tonne),2017,2017,7021,Annual value,USD,390.000000,A
ZWE,2018-01-01,2018-12-31,181,'716,Zimbabwe,83,'0114,Sorghum,5532,Producer Price (USD/tonne),2018,2018,7021,Annual value,USD,390.000000,A
ZWE,2021-01-01,2021-12-31,181,'716,Zimbabwe,83,'0114,Sorghum,5532,Producer Price (USD/tonne),2021,2021,7021,Annual value,USD,415.700000,A
ZWE,2022-01-01,2022-12-31,181,'716,Zimbabwe,83,'0114,Sorghum,5532,Producer Price (USD/tonne),2022,2022,7021,Annual value,USD,66333.000000,A
ZWE,2023-01-01,2023-12-31,181,'716,Zimbabwe,83,'0114,Sorghum,5532,Producer Price (USD/tonne),2023,2023,7021,Annual value,USD,452.100000,A
ZWE,1991-01-01,1991-12-31,181,'716,Zimbabwe,83,'0114,Sorghum,5539,Producer Price Index (2014-2016 = 100),1991,1991,7021,Annual value,,0.220000,E
ZWE,1992-01-01,1992-12-31,181,'716,Zimbabwe,83,'0114,Sorghum,5539,Producer Price Index (2014-2016 = 100),1992,1992,7021,Annual value,,0.310000,E
ZWE,1993-01-01,1993-12-31,181,'716,Zimbabwe,83,'0114,Sorghum,5539,Producer Price Index (2014-2016 = 100),1993,1993,7021,Annual value,,0.460000,E
ZWE,1994-01-01,1994-12-31,181,'716,Zimbabwe,83,'0114,Sorghum,5539,Producer Price Index (2014-2016 = 100),1994,1994,7021,Annual value,,0.460000,E
ZWE,1995-01-01,1995-12-31,181,'716,Zimbabwe,83,'0114,Sorghum,5539,Producer Price Index (2014-2016 = 100),1995,1995,7021,Annual value,,0.580000,E
ZWE,1996-01-01,1996-12-31,181,'716,Zimbabwe,83,'0114,Sorghum,5539,Producer Price Index (2014-2016 = 100),1996,1996,7021,Annual value,,0.820000,E
ZWE,1997-01-01,1997-12-31,181,'716,Zimbabwe,83,'0114,Sorghum,5539,Producer Price Index (2014-2016 = 100),1997,1997,7021,Annual value,,1.870000,E
ZWE,1998-01-01,1998-12-31,181,'716,Zimbabwe,83,'0114,Sorghum,5539,Producer Price Index (2014-2016 = 100),1998,1998,7021,Annual value,,0.800000,E
ZWE,1999-01-01,1999-12-31,181,'716,Zimbabwe,83,'0114,Sorghum,5539,Producer Price Index (2014-2016 = 100),1999,1999,7021,Annual value,,2.670000,E
ZWE,2000-01-01,2000-12-31,181,'716,Zimbabwe,83,'0114,Sorghum,5539,Producer Price Index (2014-2016 = 100),2000,2000,7021,Annual value,,3.570000,E
ZWE,2001-01-01,2001-12-31,181,'716,Zimbabwe,83,'0114,Sorghum,5539,Producer Price Index (2014-2016 = 100),2001,2001,7021,Annual value,,4.900000,E
ZWE,2002-01-01,2002-12-31,181,'716,Zimbabwe,83,'0114,Sorghum,5539,Producer Price Index (2014-2016 = 100),2002,2002,7021,Annual value,,24.960000,E
ZWE,2003-01-01,2003-12-31,181,'716,Zimbabwe,83,'0114,Sorghum,5539,Producer Price Index (2014-2016 = 100),2003,2003,7021,Annual value,,267.410000,E
ZWE,2004-01-01,2004-12-31,181,'716,Zimbabwe,83,'0114,Sorghum,5539,Producer Price Index (2014-2016 = 100),2004,2004,7021,Annual value,,668.510000,E
ZWE,2005-01-01,2005-12-31,181,'716,Zimbabwe,83,'0114,Sorghum,5539,Producer Price Index (2014-2016 = 100),2005,2005,7021,Annual value,,2005.540000,E
ZWE,2006-01-01,2006-12-31,181,'716,Zimbabwe,83,'0114,Sorghum,5539,Producer Price Index (2014-2016 = 100),2006,2006,7021,Annual value,,27899.350000,E
ZWE,2007-01-01,2007-12-31,181,'716,Zimbabwe,83,'0114,Sorghum,5539,Producer Price Index (2014-2016 = 100),2007,2007,7021,Annual value,,84805.790000,E
ZWE,2010-01-01,2010-12-31,181,'716,Zimbabwe,83,'0114,Sorghum,5539,Producer Price Index (2014-2016 = 100),2010,2010,7021,Annual value,,35.480000,E
ZWE,2011-01-01,2011-12-31,181,'716,Zimbabwe,83,'0114,Sorghum,5539,Producer Price Index (2014-2016 = 100),2011,2011,7021,Annual value,,91.940000,E
ZWE,2012-01-01,2012-12-31,181,'716,Zimbabwe,83,'0114,Sorghum,5539,Producer Price Index (2014-2016 = 100),2012,2012,7021,Annual value,,95.160000,E
ZWE,2013-01-01,2013-12-31,181,'716,Zimbabwe,83,'0114,Sorghum,5539,Producer Price Index (2014-2016 = 100),2013,2013,7021,Annual value,,95.160000,E
ZWE,2014-01-01,2014-12-31,181,'716,Zimbabwe,83,'0114,Sorghum,5539,Producer Price Index (2014-2016 = 100),2014,2014,7021,Annual value,,100.000000,E
ZWE,2015-01-01,2015-12-31,181,'716,Zimbabwe,83,'0114,Sorghum,5539,Producer Price Index (2014-2016 = 100),2015,2015,7021,Annual value,,74.190000,E
ZWE,2016-01-01,2016-12-31,181,'716,Zimbabwe,83,'0114,Sorghum,5539,Producer Price Index (2014-2016 = 100),2016,2016,7021,Annual value,,125.810000,E
ZWE,2017-01-01,2017-12-31,181,'716,Zimbabwe,83,'0114,Sorghum,5539,Producer Price Index (2014-2016 = 100),2017,2017,7021,Annual value,,125.810000,E
ZWE,2018-01-01,2018-12-31,181,'716,Zimbabwe,83,'0114,Sorghum,5539,Producer Price Index (2014-2016 = 100),2018,2018,7021,Annual value,,125.810000,E
ZWE,1991-01-01,1991-12-31,181,'716,Zimbabwe,236,'0141,Soya beans,5530,Producer Price (LCU/tonne),1991,1991,7021,Annual value,LCU,560.000000,A
ZWE,1992-01-01,1992-12-31,181,'716,Zimbabwe,236,'0141,Soya beans,5530,Producer Price (LCU/tonne),1992,1992,7021,Annual value,LCU,950.000000,A
ZWE,1993-01-01,1993-12-31,181,'716,Zimbabwe,236,'0141,Soya beans,5530,Producer Price (LCU/tonne),1993,1993,7021,Annual value,LCU,1500.000000,A
ZWE,1994-01-01,1994-12-31,181,'716,Zimbabwe,236,'0141,Soya beans,5530,Producer Price (LCU/tonne),1994,1994,7021,Annual value,LCU,1600.000000,X
ZWE,1995-01-01,1995-12-31,181,'716,Zimbabwe,236,'0141,Soya beans,5530,Producer Price (LCU/tonne),1995,1995,7021,Annual value,LCU,2500.000000,A
ZWE,1996-01-01,1996-12-31,181,'716,Zimbabwe,236,'0141,Soya beans,5530,Producer Price (LCU/tonne),1996,1996,7021,Annual value,LCU,2000.000000,A
ZWE,1997-01-01,1997-12-31,181,'716,Zimbabwe,236,'0141,Soya beans,5530,Producer Price (LCU/tonne),1997,1997,7021,Annual value,LCU,6000.000000,A
ZWE,1998-01-01,1998-12-31,181,'716,Zimbabwe,236,'0141,Soya beans,5530,Producer Price (LCU/tonne),1998,1998,7021,Annual value,LCU,3660.000000,A
ZWE,1999-01-01,1999-12-31,181,'716,Zimbabwe,236,'0141,Soya beans,5530,Producer Price (LCU/tonne),1999,1999,7021,Annual value,LCU,6500.000000,A
ZWE,2000-01-01,2000-12-31,181,'716,Zimbabwe,236,'0141,Soya beans,5530,Producer Price (LCU/tonne),2000,2000,7021,Annual value,LCU,9400.000000,A
ZWE,2001-01-01,2001-12-31,181,'716,Zimbabwe,236,'0141,Soya beans,5530,Producer Price (LCU/tonne),2001,2001,7021,Annual value,LCU,17000.000000,A
ZWE,2002-01-01,2002-12-31,181,'716,Zimbabwe,236,'0141,Soya beans,5530,Producer Price (LCU/tonne),2002,2002,7021,Annual value,LCU,70000.000000,A
ZWE,2003-01-01,2003-12-31,181,'716,Zimbabwe,236,'0141,Soya beans,5530,Producer Price (LCU/tonne),2003,2003,7021,Annual value,LCU,1000000.000000,A
ZWE,2013-01-01,2013-12-31,181,'716,Zimbabwe,236,'0141,Soya beans,5530,Producer Price (LCU/tonne),2013,2013,7021,Annual value,LCU,188188.000000,A
ZWE,2013-01-01,2013-01-31,181,'716,Zimbabwe,236,'0141,Soya beans,5530,Producer Price (LCU/tonne),2013,2013,7001,January,LCU,188188.000000,A
ZWE,2013-02-01,2013-02-28,181,'716,Zimbabwe,236,'0141,Soya beans,5530,Producer Price (LCU/tonne),2013,2013,7002,February,LCU,188188.000000,A
ZWE,2013-03-01,2013-03-31,181,'716,Zimbabwe,236,'0141,Soya beans,5530,Producer Price (LCU/tonne),2013,2013,7003,March,LCU,188188.000000,A
ZWE,2013-04-01,2013-04-30,181,'716,Zimbabwe,236,'0141,Soya beans,5530,Producer Price (LCU/tonne),2013,2013,7004,April,LCU,188188.000000,A
ZWE,2013-05-01,2013-05-31,181,'716,Zimbabwe,236,'0141,Soya beans,5530,Producer Price (LCU/tonne),2013,2013,7005,May,LCU,188188.000000,A
ZWE,2013-06-01,2013-06-30,181,'716,Zimbabwe,236,'0141,Soya beans,5530,Producer Price (LCU/tonne),2013,2013,7006,June,LCU,188188.000000,A
ZWE,2013-07-01,2013-07-31,181,'716,Zimbabwe,236,'0141,Soya beans,5530,Producer Price (LCU/tonne),2013,2013,7007,July,LCU,188188.000000,A
ZWE,2013-08-01,2013-08-31,181,'716,Zimbabwe,236,'0141,Soya beans,5530,Producer Price (LCU/tonne),2013,2013,7008,August,LCU,188188.000000,A
ZWE,2013-09-01,2013-09-30,181,'716,Zimbabwe,236,'0141,Soya beans,5530,Producer Price (LCU/tonne),2013,2013,7009,September,LCU,188188.000000,A
ZWE,2013-10-01,2013-10-31,181,'716,Zimbabwe,236,'0141,Soya beans,5530,Producer Price (LCU/tonne),2013,2013,7010,October,LCU,188188.000000,A
ZWE,2013-11-01,2013-11-30,181,'716,Zimbabwe,236,'0141,Soya beans,5530,Producer Price (LCU/tonne),2013,2013,7011,November,LCU,188188.000000,A
ZWE,2013-12-01,2013-12-31,181,'716,Zimbabwe,236,'0141,Soya beans,5530,Producer Price (LCU/tonne),2013,2013,7012,December,LCU,188188.000000,A
ZWE,2014-01-01,2014-12-31,181,'716,Zimbabwe,236,'0141,Soya beans,5530,Producer Price (LCU/tonne),2014,2014,7021,Annual value,LCU,580.000000,A
ZWE,2014-01-01,2014-01-31,181,'716,Zimbabwe,236,'0141,Soya beans,5530,Producer Price (LCU/tonne),2014,2014,7001,January,LCU,580.000000,A
ZWE,2014-02-01,2014-02-28,181,'716,Zimbabwe,236,'0141,Soya beans,5530,Producer Price (LCU/tonne),2014,2014,7002,February,LCU,580.000000,A
ZWE,2014-03-01,2014-03-31,181,'716,Zimbabwe,236,'0141,Soya beans,5530,Producer Price (LCU/tonne),2014,2014,7003,March,LCU,580.000000,A
ZWE,2014-04-01,2014-04-30,181,'716,Zimbabwe,236,'0141,Soya beans,5530,Producer Price (LCU/tonne),2014,2014,7004,April,LCU,530.000000,A
ZWE,2014-05-01,2014-05-31,181,'716,Zimbabwe,236,'0141,Soya beans,5530,Producer Price (LCU/tonne),2014,2014,7005,May,LCU,530.000000,A
ZWE,2014-06-01,2014-06-30,181,'716,Zimbabwe,236,'0141,Soya beans,5530,Producer Price (LCU/tonne),2014,2014,7006,June,LCU,530.000000,A
ZWE,2014-07-01,2014-07-31,181,'716,Zimbabwe,236,'0141,Soya beans,5530,Producer Price (LCU/tonne),2014,2014,7007,July,LCU,530.000000,A
ZWE,2014-08-01,2014-08-31,181,'716,Zimbabwe,236,'0141,Soya beans,5530,Producer Price (LCU/tonne),2014,2014,7008,August,LCU,530.000000,A
ZWE,2014-09-01,2014-09-30,181,'716,Zimbabwe,236,'0141,Soya beans,5530,Producer Price (LCU/tonne),2014,2014,7009,September,LCU,530.000000,A
ZWE,2014-10-01,2014-10-31,181,'716,Zimbabwe,236,'0141,Soya beans,5530,Producer Price (LCU/tonne),2014,2014,7010,October,LCU,530.000000,A
ZWE,2014-11-01,2014-11-30,181,'716,Zimbabwe,236,'0141,Soya beans,5530,Producer Price (LCU/tonne),2014,2014,7011,November,LCU,530.000000,A
ZWE,2014-12-01,2014-12-31,181,'716,Zimbabwe,236,'0141,Soya beans,5530,Producer Price (LCU/tonne),2014,2014,7012,December,LCU,530.000000,A
ZWE,2015-01-01,2015-12-31,181,'716,Zimbabwe,236,'0141,Soya beans,5530,Producer Price (LCU/tonne),2015,2015,7021,Annual value,LCU,550.000000,A
ZWE,2015-01-01,2015-01-31,181,'716,Zimbabwe,236,'0141,Soya beans,5530,Producer Price (LCU/tonne),2015,2015,7001,January,LCU,530.000000,A
ZWE,2016-01-01,2016-12-31,181,'716,Zimbabwe,236,'0141,Soya beans,5530,Producer Price (LCU/tonne),2016,2016,7021,Annual value,LCU,540.000000,A
ZWE,2016-01-01,2016-01-31,181,'716,Zimbabwe,236,'0141,Soya beans,5530,Producer Price (LCU/tonne),2016,2016,7001,January,LCU,530.000000,A
ZWE,2016-02-01,2016-02-29,181,'716,Zimbabwe,236,'0141,Soya beans,5530,Producer Price (LCU/tonne),2016,2016,7002,February,LCU,530.000000,A
ZWE,2016-03-01,2016-03-31,181,'716,Zimbabwe,236,'0141,Soya beans,5530,Producer Price (LCU/tonne),2016,2016,7003,March,LCU,530.000000,A
ZWE,2016-04-01,2016-04-30,181,'716,Zimbabwe,236,'0141,Soya beans,5530,Producer Price (LCU/tonne),2016,2016,7004,April,LCU,550.000000,A
ZWE,2016-05-01,2016-05-31,181,'716,Zimbabwe,236,'0141,Soya beans,5530,Producer Price (LCU/tonne),2016,2016,7005,May,LCU,550.000000,A
ZWE,2016-06-01,2016-06-30,181,'716,Zimbabwe,236,'0141,Soya beans,5530,Producer Price (LCU/tonne),2016,2016,7006,June,LCU,550.000000,A
ZWE,2016-07-01,2016-07-31,181,'716,Zimbabwe,236,'0141,Soya beans,5530,Producer Price (LCU/tonne),2016,2016,7007,July,LCU,550.000000,A
ZWE,2016-08-01,2016-08-31,181,'716,Zimbabwe,236,'0141,Soya beans,5530,Producer Price (LCU/tonne),2016,2016,7008,August,LCU,550.000000,A
ZWE,2016-09-01,2016-09-30,181,'716,Zimbabwe,236,'0141,Soya beans,5530,Producer Price (LCU/tonne),2016,2016,7009,September,LCU,550.000000,A
ZWE,2016-10-01,2016-10-31,181,'716,Zimbabwe,236,'0141,Soya beans,5530,Producer Price (LCU/tonne),2016,2016,7010,October,LCU,550.000000,A
ZWE,2016-11-01,2016-11-30,181,'716,Zimbabwe,236,'0141,Soya beans,5530,Producer Price (LCU/tonne),2016,2016,7011,November,LCU,550.000000,A
ZWE,2016-12-01,2016-12-31,181,'716,Zimbabwe,236,'0141,Soya beans,5530,Producer Price (LCU/tonne),2016,2016,7012,December,LCU,550.000000,A
ZWE,2017-01-01,2017-12-31,181,'716,Zimbabwe,236,'0141,Soya beans,5530,Producer Price (LCU/tonne),2017,2017,7021,Annual value,LCU,540.000000,A
ZWE,2017-01-01,2017-01-31,181,'716,Zimbabwe,236,'0141,Soya beans,5530,Producer Price (LCU/tonne),2017,2017,7001,January,LCU,540.000000,A
ZWE,2017-02-01,2017-02-28,181,'716,Zimbabwe,236,'0141,Soya beans,5530,Producer Price (LCU/tonne),2017,2017,7002,February,LCU,540.000000,A
ZWE,2017-03-01,2017-03-31,181,'716,Zimbabwe,236,'0141,Soya beans,5530,Producer Price (LCU/tonne),2017,2017,7003,March,LCU,540.000000,A
ZWE,2017-04-01,2017-04-30,181,'716,Zimbabwe,236,'0141,Soya beans,5530,Producer Price (LCU/tonne),2017,2017,7004,April,LCU,540.000000,A
ZWE,2017-05-01,2017-05-31,181,'716,Zimbabwe,236,'0141,Soya beans,5530,Producer Price (LCU/tonne),2017,2017,7005,May,LCU,540.000000,A
ZWE,2017-06-01,2017-06-30,181,'716,Zimbabwe,236,'0141,Soya beans,5530,Producer Price (LCU/tonne),2017,2017,7006,June,LCU,540.000000,A
ZWE,2017-07-01,2017-07-31,181,'716,Zimbabwe,236,'0141,Soya beans,5530,Producer Price (LCU/tonne),2017,2017,7007,July,LCU,540.000000,A
ZWE,2017-08-01,2017-08-31,181,'716,Zimbabwe,236,'0141,Soya beans,5530,Producer Price (LCU/tonne),2017,2017,7008,August,LCU,540.000000,A
ZWE,2017-09-01,2017-09-30,181,'716,Zimbabwe,236,'0141,Soya beans,5530,Producer Price (LCU/tonne),2017,2017,7009,September,LCU,540.000000,A
ZWE,2017-10-01,2017-10-31,181,'716,Zimbabwe,236,'0141,Soya beans,5530,Producer Price (LCU/tonne),2017,2017,7010,October,LCU,540.000000,A
ZWE,2017-11-01,2017-11-30,181,'716,Zimbabwe,236,'0141,Soya beans,5530,Producer Price (LCU/tonne),2017,2017,7011,November,LCU,540.000000,A
ZWE,2017-12-01,2017-12-31,181,'716,Zimbabwe,236,'0141,Soya beans,5530,Producer Price (LCU/tonne),2017,2017,7012,December,LCU,540.000000,A
ZWE,2018-01-01,2018-12-31,181,'716,Zimbabwe,236,'0141,Soya beans,5530,Producer Price (LCU/tonne),2018,2018,7021,Annual value,LCU,780.000000,A
ZWE,2018-01-01,2018-01-31,181,'716,Zimbabwe,236,'0141,Soya beans,5530,Producer Price (LCU/tonne),2018,2018,7001,January,LCU,540.000000,A
ZWE,2021-01-01,2021-12-31,181,'716,Zimbabwe,236,'0141,Soya beans,5530,Producer Price (LCU/tonne),2021,2021,7021,Annual value,LCU,66415.000000,A
ZWE,2022-01-01,2022-12-31,181,'716,Zimbabwe,236,'0141,Soya beans,5530,Producer Price (LCU/tonne),2022,2022,7021,Annual value,LCU,119667.000000,A
ZWE,2023-01-01,2023-12-31,181,'716,Zimbabwe,236,'0141,Soya beans,5530,Producer Price (LCU/tonne),2023,2023,7021,Annual value,LCU,2388958.000000,A
ZWE,2023-01-01,2023-01-31,181,'716,Zimbabwe,236,'0141,Soya beans,5530,Producer Price (LCU/tonne),2023,2023,7001,January,LCU,1221000.000000,A
ZWE,2023-02-01,2023-02-28,181,'716,Zimbabwe,236,'0141,Soya beans,5530,Producer Price (LCU/tonne),2023,2023,7002,February,LCU,1529000.000000,A
ZWE,2023-03-01,2023-03-31,181,'716,Zimbabwe,236,'0141,Soya beans,5530,Producer Price (LCU/tonne),2023,2023,7003,March,LCU,1498500.000000,A
ZWE,2023-04-01,2023-04-30,181,'716,Zimbabwe,236,'0141,Soya beans,5530,Producer Price (LCU/tonne),2023,2023,7004,April,LCU,864000.000000,A
ZWE,2023-05-01,2023-05-31,181,'716,Zimbabwe,236,'0141,Soya beans,5530,Producer Price (LCU/tonne),2023,2023,7005,May,LCU,1260000.000000,A
ZWE,2023-06-01,2023-06-30,181,'716,Zimbabwe,236,'0141,Soya beans,5530,Producer Price (LCU/tonne),2023,2023,7006,June,LCU,2975000.000000,A
ZWE,2023-07-01,2023-07-31,181,'716,Zimbabwe,236,'0141,Soya beans,5530,Producer Price (LCU/tonne),2023,2023,7007,July,LCU,2100000.000000,A
ZWE,2023-08-01,2023-08-31,181,'716,Zimbabwe,236,'0141,Soya beans,5530,Producer Price (LCU/tonne),2023,2023,7008,August,LCU,2346000.000000,A
ZWE,2023-09-01,2023-09-30,181,'716,Zimbabwe,236,'0141,Soya beans,5530,Producer Price (LCU/tonne),2023,2023,7009,September,LCU,3174000.000000,A
ZWE,2023-10-01,2023-10-31,181,'716,Zimbabwe,236,'0141,Soya beans,5530,Producer Price (LCU/tonne),2023,2023,7010,October,LCU,3240000.000000,A
ZWE,2023-11-01,2023-11-30,181,'716,Zimbabwe,236,'0141,Soya beans,5530,Producer Price (LCU/tonne),2023,2023,7011,November,LCU,4050000.000000,A
ZWE,2023-12-01,2023-12-31,181,'716,Zimbabwe,236,'0141,Soya beans,5530,Producer Price (LCU/tonne),2023,2023,7012,December,LCU,4410000.000000,A
ZWE,1991-01-01,1991-12-31,181,'716,Zimbabwe,236,'0141,Soya beans,5531,Producer Price (SLC/tonne),1991,1991,7021,Annual value,SLC,1.500000,A
ZWE,1992-01-01,1992-12-31,181,'716,Zimbabwe,236,'0141,Soya beans,5531,Producer Price (SLC/tonne),1992,1992,7021,Annual value,SLC,2.600000,A
ZWE,1993-01-01,1993-12-31,181,'716,Zimbabwe,236,'0141,Soya beans,5531,Producer Price (SLC/tonne),1993,1993,7021,Annual value,SLC,4.100000,A
ZWE,1994-01-01,1994-12-31,181,'716,Zimbabwe,236,'0141,Soya beans,5531,Producer Price (SLC/tonne),1994,1994,7021,Annual value,SLC,4.400000,X
ZWE,1995-01-01,1995-12-31,181,'716,Zimbabwe,236,'0141,Soya beans,5531,Producer Price (SLC/tonne),1995,1995,7021,Annual value,SLC,6.900000,A
ZWE,1996-01-01,1996-12-31,181,'716,Zimbabwe,236,'0141,Soya beans,5531,Producer Price (SLC/tonne),1996,1996,7021,Annual value,SLC,5.500000,A
ZWE,1997-01-01,1997-12-31,181,'716,Zimbabwe,236,'0141,Soya beans,5531,Producer Price (SLC/tonne),1997,1997,7021,Annual value,SLC,16.600000,A
ZWE,1998-01-01,1998-12-31,181,'716,Zimbabwe,236,'0141,Soya beans,5531,Producer Price (SLC/tonne),1998,1998,7021,Annual value,SLC,10.100000,A
ZWE,1999-01-01,1999-12-31,181,'716,Zimbabwe,236,'0141,Soya beans,5531,Producer Price (SLC/tonne),1999,1999,7021,Annual value,SLC,18.000000,A
ZWE,2000-01-01,2000-12-31,181,'716,Zimbabwe,236,'0141,Soya beans,5531,Producer Price (SLC/tonne),2000,2000,7021,Annual value,SLC,26.000000,A
ZWE,2001-01-01,2001-12-31,181,'716,Zimbabwe,236,'0141,Soya beans,5531,Producer Price (SLC/tonne),2001,2001,7021,Annual value,SLC,47.000000,A
ZWE,2002-01-01,2002-12-31,181,'716,Zimbabwe,236,'0141,Soya beans,5531,Producer Price (SLC/tonne),2002,2002,7021,Annual value,SLC,193.400000,A
ZWE,2003-01-01,2003-12-31,181,'716,Zimbabwe,236,'0141,Soya beans,5531,Producer Price (SLC/tonne),2003,2003,7021,Annual value,SLC,2763.200000,A
ZWE,2013-01-01,2013-12-31,181,'716,Zimbabwe,236,'0141,Soya beans,5531,Producer Price (SLC/tonne),2013,2013,7021,Annual value,SLC,520.000000,A
ZWE,2014-01-01,2014-12-31,181,'716,Zimbabwe,236,'0141,Soya beans,5531,Producer Price (SLC/tonne),2014,2014,7021,Annual value,SLC,580.000000,A
ZWE,2015-01-01,2015-12-31,181,'716,Zimbabwe,236,'0141,Soya beans,5531,Producer Price (SLC/tonne),2015,2015,7021,Annual value,SLC,550.000000,A
ZWE,2016-01-01,2016-12-31,181,'716,Zimbabwe,236,'0141,Soya beans,5531,Producer Price (SLC/tonne),2016,2016,7021,Annual value,SLC,540.000000,A
ZWE,2017-01-01,2017-12-31,181,'716,Zimbabwe,236,'0141,Soya beans,5531,Producer Price (SLC/tonne),2017,2017,7021,Annual value,SLC,540.000000,A
ZWE,2018-01-01,2018-12-31,181,'716,Zimbabwe,236,'0141,Soya beans,5531,Producer Price (SLC/tonne),2018,2018,7021,Annual value,SLC,780.000000,A
ZWE,2010-01-01,2010-12-31,181,'716,Zimbabwe,236,'0141,Soya beans,5532,Producer Price (USD/tonne),2010,2010,7021,Annual value,USD,300.000000,A
ZWE,2011-01-01,2011-12-31,181,'716,Zimbabwe,236,'0141,Soya beans,5532,Producer Price (USD/tonne),2011,2011,7021,Annual value,USD,300.000000,A
ZWE,2012-01-01,2012-12-31,181,'716,Zimbabwe,236,'0141,Soya beans,5532,Producer Price (USD/tonne),2012,2012,7021,Annual value,USD,520.000000,A
ZWE,2013-01-01,2013-12-31,181,'716,Zimbabwe,236,'0141,Soya beans,5532,Producer Price (USD/tonne),2013,2013,7021,Annual value,USD,520.000000,A
ZWE,2014-01-01,2014-12-31,181,'716,Zimbabwe,236,'0141,Soya beans,5532,Producer Price (USD/tonne),2014,2014,7021,Annual value,USD,580.000000,A
ZWE,2015-01-01,2015-12-31,181,'716,Zimbabwe,236,'0141,Soya beans,5532,Producer Price (USD/tonne),2015,2015,7021,Annual value,USD,550.000000,A
ZWE,2016-01-01,2016-12-31,181,'716,Zimbabwe,236,'0141,Soya beans,5532,Producer Price (USD/tonne),2016,2016,7021,Annual value,USD,540.000000,A
ZWE,2017-01-01,2017-12-31,181,'716,Zimbabwe,236,'0141,Soya beans,5532,Producer Price (USD/tonne),2017,2017,7021,Annual value,USD,540.000000,A
ZWE,2018-01-01,2018-12-31,181,'716,Zimbabwe,236,'0141,Soya beans,5532,Producer Price (USD/tonne),2018,2018,7021,Annual value,USD,780.000000,A
ZWE,2021-01-01,2021-12-31,181,'716,Zimbabwe,236,'0141,Soya beans,5532,Producer Price (USD/tonne),2021,2021,7021,Annual value,USD,750.000000,A
ZWE,2022-01-01,2022-12-31,181,'716,Zimbabwe,236,'0141,Soya beans,5532,Producer Price (USD/tonne),2022,2022,7021,Annual value,USD,119667.000000,A
ZWE,2023-01-01,2023-12-31,181,'716,Zimbabwe,236,'0141,Soya beans,5532,Producer Price (USD/tonne),2023,2023,7021,Annual value,USD,680.800000,A
ZWE,1991-01-01,1991-12-31,181,'716,Zimbabwe,236,'0141,Soya beans,5539,Producer Price Index (2014-2016 = 100),1991,1991,7021,Annual value,,0.280000,E
ZWE,1992-01-01,1992-12-31,181,'716,Zimbabwe,236,'0141,Soya beans,5539,Producer Price Index (2014-2016 = 100),1992,1992,7021,Annual value,,0.470000,E
ZWE,1993-01-01,1993-12-31,181,'716,Zimbabwe,236,'0141,Soya beans,5539,Producer Price Index (2014-2016 = 100),1993,1993,7021,Annual value,,0.740000,E
ZWE,1994-01-01,1994-12-31,181,'716,Zimbabwe,236,'0141,Soya beans,5539,Producer Price Index (2014-2016 = 100),1994,1994,7021,Annual value,,0.790000,E
ZWE,1995-01-01,1995-12-31,181,'716,Zimbabwe,236,'0141,Soya beans,5539,Producer Price Index (2014-2016 = 100),1995,1995,7021,Annual value,,1.240000,E
ZWE,1996-01-01,1996-12-31,181,'716,Zimbabwe,236,'0141,Soya beans,5539,Producer Price Index (2014-2016 = 100),1996,1996,7021,Annual value,,0.990000,E
ZWE,1997-01-01,1997-12-31,181,'716,Zimbabwe,236,'0141,Soya beans,5539,Producer Price Index (2014-2016 = 100),1997,1997,7021,Annual value,,2.980000,E
ZWE,1998-01-01,1998-12-31,181,'716,Zimbabwe,236,'0141,Soya beans,5539,Producer Price Index (2014-2016 = 100),1998,1998,7021,Annual value,,1.820000,E
ZWE,1999-01-01,1999-12-31,181,'716,Zimbabwe,236,'0141,Soya beans,5539,Producer Price Index (2014-2016 = 100),1999,1999,7021,Annual value,,3.230000,E
ZWE,2000-01-01,2000-12-31,181,'716,Zimbabwe,236,'0141,Soya beans,5539,Producer Price Index (2014-2016 = 100),2000,2000,7021,Annual value,,4.670000,E
ZWE,2001-01-01,2001-12-31,181,'716,Zimbabwe,236,'0141,Soya beans,5539,Producer Price Index (2014-2016 = 100),2001,2001,7021,Annual value,,8.440000,E
ZWE,2002-01-01,2002-12-31,181,'716,Zimbabwe,236,'0141,Soya beans,5539,Producer Price Index (2014-2016 = 100),2002,2002,7021,Annual value,,34.750000,E
ZWE,2003-01-01,2003-12-31,181,'716,Zimbabwe,236,'0141,Soya beans,5539,Producer Price Index (2014-2016 = 100),2003,2003,7021,Annual value,,496.380000,E
ZWE,2004-01-01,2004-12-31,181,'716,Zimbabwe,236,'0141,Soya beans,5539,Producer Price Index (2014-2016 = 100),2004,2004,7021,Annual value,,2789.450000,E
ZWE,2005-01-01,2005-12-31,181,'716,Zimbabwe,236,'0141,Soya beans,5539,Producer Price Index (2014-2016 = 100),2005,2005,7021,Annual value,,13384.390000,E
ZWE,2006-01-01,2006-12-31,181,'716,Zimbabwe,236,'0141,Soya beans,5539,Producer Price Index (2014-2016 = 100),2006,2006,7021,Annual value,,186355.370000,E
ZWE,2007-01-01,2007-12-31,181,'716,Zimbabwe,236,'0141,Soya beans,5539,Producer Price Index (2014-2016 = 100),2007,2007,7021,Annual value,,669268.850000,E
ZWE,2010-01-01,2010-12-31,181,'716,Zimbabwe,236,'0141,Soya beans,5539,Producer Price Index (2014-2016 = 100),2010,2010,7021,Annual value,,53.890000,E
ZWE,2011-01-01,2011-12-31,181,'716,Zimbabwe,236,'0141,Soya beans,5539,Producer Price Index (2014-2016 = 100),2011,2011,7021,Annual value,,53.890000,E
ZWE,2012-01-01,2012-12-31,181,'716,Zimbabwe,236,'0141,Soya beans,5539,Producer Price Index (2014-2016 = 100),2012,2012,7021,Annual value,,93.410000,E
ZWE,2013-01-01,2013-12-31,181,'716,Zimbabwe,236,'0141,Soya beans,5539,Producer Price Index (2014-2016 = 100),2013,2013,7021,Annual value,,93.410000,E
ZWE,2014-01-01,2014-12-31,181,'716,Zimbabwe,236,'0141,Soya beans,5539,Producer Price Index (2014-2016 = 100),2014,2014,7021,Annual value,,104.190000,E
ZWE,2015-01-01,2015-12-31,181,'716,Zimbabwe,236,'0141,Soya beans,5539,Producer Price Index (2014-2016 = 100),2015,2015,7021,Annual value,,98.800000,E
ZWE,2016-01-01,2016-12-31,181,'716,Zimbabwe,236,'0141,Soya beans,5539,Producer Price Index (2014-2016 = 100),2016,2016,7021,Annual value,,97.010000,E
ZWE,2017-01-01,2017-12-31,181,'716,Zimbabwe,236,'0141,Soya beans,5539,Producer Price Index (2014-2016 = 100),2017,2017,7021,Annual value,,97.010000,E
ZWE,2018-01-01,2018-12-31,181,'716,Zimbabwe,236,'0141,Soya beans,5539,Producer Price Index (2014-2016 = 100),2018,2018,7021,Annual value,,140.120000,E
ZWE,1994-01-01,1994-12-31,181,'716,Zimbabwe,156,'01802,Sugar cane,5530,Producer Price (LCU/tonne),1994,1994,7021,Annual value,LCU,2169.000000,A
ZWE,1995-01-01,1995-12-31,181,'716,Zimbabwe,156,'01802,Sugar cane,5530,Producer Price (LCU/tonne),1995,1995,7021,Annual value,LCU,2453.000000,A
ZWE,1996-01-01,1996-12-31,181,'716,Zimbabwe,156,'01802,Sugar cane,5530,Producer Price (LCU/tonne),1996,1996,7021,Annual value,LCU,2256.000000,A
ZWE,1997-01-01,1997-12-31,181,'716,Zimbabwe,156,'01802,Sugar cane,5530,Producer Price (LCU/tonne),1997,1997,7021,Annual value,LCU,3639.000000,A
ZWE,1998-01-01,1998-12-31,181,'716,Zimbabwe,156,'01802,Sugar cane,5530,Producer Price (LCU/tonne),1998,1998,7021,Annual value,LCU,4625.000000,A
ZWE,1999-01-01,1999-12-31,181,'716,Zimbabwe,156,'01802,Sugar cane,5530,Producer Price (LCU/tonne),1999,1999,7021,Annual value,LCU,8074.000000,A
ZWE,2000-01-01,2000-12-31,181,'716,Zimbabwe,156,'01802,Sugar cane,5530,Producer Price (LCU/tonne),2000,2000,7021,Annual value,LCU,13094.000000,A
ZWE,2001-01-01,2001-12-31,181,'716,Zimbabwe,156,'01802,Sugar cane,5530,Producer Price (LCU/tonne),2001,2001,7021,Annual value,LCU,22288.000000,A
ZWE,2002-01-01,2002-12-31,181,'716,Zimbabwe,156,'01802,Sugar cane,5530,Producer Price (LCU/tonne),2002,2002,7021,Annual value,LCU,33432.000000,A
ZWE,2003-01-01,2003-12-31,181,'716,Zimbabwe,156,'01802,Sugar cane,5530,Producer Price (LCU/tonne),2003,2003,7021,Annual value,LCU,539961.000000,A
ZWE,2015-01-01,2015-12-31,181,'716,Zimbabwe,156,'01802,Sugar cane,5530,Producer Price (LCU/tonne),2015,2015,7021,Annual value,LCU,536.000000,A
ZWE,2016-01-01,2016-12-31,181,'716,Zimbabwe,156,'01802,Sugar cane,5530,Producer Price (LCU/tonne),2016,2016,7021,Annual value,LCU,550.000000,A
ZWE,2017-01-01,2017-12-31,181,'716,Zimbabwe,156,'01802,Sugar cane,5530,Producer Price (LCU/tonne),2017,2017,7021,Annual value,LCU,574.000000,A
ZWE,2017-01-01,2017-01-31,181,'716,Zimbabwe,156,'01802,Sugar cane,5530,Producer Price (LCU/tonne),2017,2017,7001,January,LCU,574.000000,A
ZWE,2017-02-01,2017-02-28,181,'716,Zimbabwe,156,'01802,Sugar cane,5530,Producer Price (LCU/tonne),2017,2017,7002,February,LCU,574.000000,A
ZWE,2017-03-01,2017-03-31,181,'716,Zimbabwe,156,'01802,Sugar cane,5530,Producer Price (LCU/tonne),2017,2017,7003,March,LCU,574.000000,A
ZWE,2017-04-01,2017-04-30,181,'716,Zimbabwe,156,'01802,Sugar cane,5530,Producer Price (LCU/tonne),2017,2017,7004,April,LCU,574.000000,A
ZWE,2017-05-01,2017-05-31,181,'716,Zimbabwe,156,'01802,Sugar cane,5530,Producer Price (LCU/tonne),2017,2017,7005,May,LCU,574.000000,A
ZWE,2017-06-01,2017-06-30,181,'716,Zimbabwe,156,'01802,Sugar cane,5530,Producer Price (LCU/tonne),2017,2017,7006,June,LCU,574.000000,A
ZWE,2017-07-01,2017-07-31,181,'716,Zimbabwe,156,'01802,Sugar cane,5530,Producer Price (LCU/tonne),2017,2017,7007,July,LCU,574.000000,A
ZWE,2017-08-01,2017-08-31,181,'716,Zimbabwe,156,'01802,Sugar cane,5530,Producer Price (LCU/tonne),2017,2017,7008,August,LCU,574.000000,A
ZWE,2017-09-01,2017-09-30,181,'716,Zimbabwe,156,'01802,Sugar cane,5530,Producer Price (LCU/tonne),2017,2017,7009,September,LCU,574.000000,A
ZWE,2017-10-01,2017-10-31,181,'716,Zimbabwe,156,'01802,Sugar cane,5530,Producer Price (LCU/tonne),2017,2017,7010,October,LCU,574.000000,A
ZWE,2017-11-01,2017-11-30,181,'716,Zimbabwe,156,'01802,Sugar cane,5530,Producer Price (LCU/tonne),2017,2017,7011,November,LCU,574.000000,A
ZWE,2017-12-01,2017-12-31,181,'716,Zimbabwe,156,'01802,Sugar cane,5530,Producer Price (LCU/tonne),2017,2017,7012,December,LCU,574.000000,A
ZWE,2018-01-01,2018-01-31,181,'716,Zimbabwe,156,'01802,Sugar cane,5530,Producer Price (LCU/tonne),2018,2018,7001,January,LCU,574.000000,A
ZWE,1994-01-01,1994-12-31,181,'716,Zimbabwe,156,'01802,Sugar cane,5531,Producer Price (SLC/tonne),1994,1994,7021,Annual value,SLC,6.000000,A
ZWE,1995-01-01,1995-12-31,181,'716,Zimbabwe,156,'01802,Sugar cane,5531,Producer Price (SLC/tonne),1995,1995,7021,Annual value,SLC,6.800000,A
ZWE,1996-01-01,1996-12-31,181,'716,Zimbabwe,156,'01802,Sugar cane,5531,Producer Price (SLC/tonne),1996,1996,7021,Annual value,SLC,6.200000,A
ZWE,1997-01-01,1997-12-31,181,'716,Zimbabwe,156,'01802,Sugar cane,5531,Producer Price (SLC/tonne),1997,1997,7021,Annual value,SLC,10.100000,A
ZWE,1998-01-01,1998-12-31,181,'716,Zimbabwe,156,'01802,Sugar cane,5531,Producer Price (SLC/tonne),1998,1998,7021,Annual value,SLC,12.800000,A
ZWE,1999-01-01,1999-12-31,181,'716,Zimbabwe,156,'01802,Sugar cane,5531,Producer Price (SLC/tonne),1999,1999,7021,Annual value,SLC,22.300000,A
ZWE,2000-01-01,2000-12-31,181,'716,Zimbabwe,156,'01802,Sugar cane,5531,Producer Price (SLC/tonne),2000,2000,7021,Annual value,SLC,36.200000,A
ZWE,2001-01-01,2001-12-31,181,'716,Zimbabwe,156,'01802,Sugar cane,5531,Producer Price (SLC/tonne),2001,2001,7021,Annual value,SLC,61.600000,A
ZWE,2002-01-01,2002-12-31,181,'716,Zimbabwe,156,'01802,Sugar cane,5531,Producer Price (SLC/tonne),2002,2002,7021,Annual value,SLC,92.400000,A
ZWE,2003-01-01,2003-12-31,181,'716,Zimbabwe,156,'01802,Sugar cane,5531,Producer Price (SLC/tonne),2003,2003,7021,Annual value,SLC,1492.000000,A
ZWE,2015-01-01,2015-12-31,181,'716,Zimbabwe,156,'01802,Sugar cane,5531,Producer Price (SLC/tonne),2015,2015,7021,Annual value,SLC,536.000000,A
ZWE,2016-01-01,2016-12-31,181,'716,Zimbabwe,156,'01802,Sugar cane,5531,Producer Price (SLC/tonne),2016,2016,7021,Annual value,SLC,550.000000,A
ZWE,2017-01-01,2017-12-31,181,'716,Zimbabwe,156,'01802,Sugar cane,5531,Producer Price (SLC/tonne),2017,2017,7021,Annual value,SLC,574.000000,A
ZWE,2015-01-01,2015-12-31,181,'716,Zimbabwe,156,'01802,Sugar cane,5532,Producer Price (USD/tonne),2015,2015,7021,Annual value,USD,536.000000,A
ZWE,2016-01-01,2016-12-31,181,'716,Zimbabwe,156,'01802,Sugar cane,5532,Producer Price (USD/tonne),2016,2016,7021,Annual value,USD,550.000000,A
ZWE,2017-01-01,2017-12-31,181,'716,Zimbabwe,156,'01802,Sugar cane,5532,Producer Price (USD/tonne),2017,2017,7021,Annual value,USD,574.000000,A
ZWE,1991-01-01,1991-12-31,181,'716,Zimbabwe,156,'01802,Sugar cane,5539,Producer Price Index (2014-2016 = 100),1991,1991,7021,Annual value,,0.040000,E
ZWE,1992-01-01,1992-12-31,181,'716,Zimbabwe,156,'01802,Sugar cane,5539,Producer Price Index (2014-2016 = 100),1992,1992,7021,Annual value,,0.040000,E
ZWE,1993-01-01,1993-12-31,181,'716,Zimbabwe,156,'01802,Sugar cane,5539,Producer Price Index (2014-2016 = 100),1993,1993,7021,Annual value,,0.040000,E
ZWE,1994-01-01,1994-12-31,181,'716,Zimbabwe,156,'01802,Sugar cane,5539,Producer Price Index (2014-2016 = 100),1994,1994,7021,Annual value,,1.100000,E
ZWE,1995-01-01,1995-12-31,181,'716,Zimbabwe,156,'01802,Sugar cane,5539,Producer Price Index (2014-2016 = 100),1995,1995,7021,Annual value,,1.250000,E
ZWE,1996-01-01,1996-12-31,181,'716,Zimbabwe,156,'01802,Sugar cane,5539,Producer Price Index (2014-2016 = 100),1996,1996,7021,Annual value,,1.150000,E
ZWE,1997-01-01,1997-12-31,181,'716,Zimbabwe,156,'01802,Sugar cane,5539,Producer Price Index (2014-2016 = 100),1997,1997,7021,Annual value,,1.850000,E
ZWE,1998-01-01,1998-12-31,181,'716,Zimbabwe,156,'01802,Sugar cane,5539,Producer Price Index (2014-2016 = 100),1998,1998,7021,Annual value,,2.350000,E
ZWE,1999-01-01,1999-12-31,181,'716,Zimbabwe,156,'01802,Sugar cane,5539,Producer Price Index (2014-2016 = 100),1999,1999,7021,Annual value,,4.110000,E
ZWE,2000-01-01,2000-12-31,181,'716,Zimbabwe,156,'01802,Sugar cane,5539,Producer Price Index (2014-2016 = 100),2000,2000,7021,Annual value,,6.660000,E
ZWE,2001-01-01,2001-12-31,181,'716,Zimbabwe,156,'01802,Sugar cane,5539,Producer Price Index (2014-2016 = 100),2001,2001,7021,Annual value,,11.340000,E
ZWE,2002-01-01,2002-12-31,181,'716,Zimbabwe,156,'01802,Sugar cane,5539,Producer Price Index (2014-2016 = 100),2002,2002,7021,Annual value,,17.010000,E
ZWE,2003-01-01,2003-12-31,181,'716,Zimbabwe,156,'01802,Sugar cane,5539,Producer Price Index (2014-2016 = 100),2003,2003,7021,Annual value,,274.770000,E
ZWE,2004-01-01,2004-12-31,181,'716,Zimbabwe,156,'01802,Sugar cane,5539,Producer Price Index (2014-2016 = 100),2004,2004,7021,Annual value,,619.220000,E
ZWE,2005-01-01,2005-12-31,181,'716,Zimbabwe,156,'01802,Sugar cane,5539,Producer Price Index (2014-2016 = 100),2005,2005,7021,Annual value,,2449.920000,E
ZWE,2006-01-01,2006-12-31,181,'716,Zimbabwe,156,'01802,Sugar cane,5539,Producer Price Index (2014-2016 = 100),2006,2006,7021,Annual value,,77135.580000,E
ZWE,2007-01-01,2007-12-31,181,'716,Zimbabwe,156,'01802,Sugar cane,5539,Producer Price Index (2014-2016 = 100),2007,2007,7021,Annual value,,231040.890000,E
ZWE,2015-01-01,2015-12-31,181,'716,Zimbabwe,156,'01802,Sugar cane,5539,Producer Price Index (2014-2016 = 100),2015,2015,7021,Annual value,,98.710000,E
ZWE,2016-01-01,2016-12-31,181,'716,Zimbabwe,156,'01802,Sugar cane,5539,Producer Price Index (2014-2016 = 100),2016,2016,7021,Annual value,,101.290000,E
ZWE,2017-01-01,2017-12-31,181,'716,Zimbabwe,156,'01802,Sugar cane,5539,Producer Price Index (2014-2016 = 100),2017,2017,7021,Annual value,,105.710000,E
ZWE,2018-01-01,2018-12-31,181,'716,Zimbabwe,156,'01802,Sugar cane,5539,Producer Price Index (2014-2016 = 100),2018,2018,7021,Annual value,,116.090000,E
ZWE,1991-01-01,1991-12-31,181,'716,Zimbabwe,267,'01445,Sunflower seed,5530,Producer Price (LCU/tonne),1991,1991,7021,Annual value,LCU,580.000000,A
ZWE,1992-01-01,1992-12-31,181,'716,Zimbabwe,267,'01445,Sunflower seed,5530,Producer Price (LCU/tonne),1992,1992,7021,Annual value,LCU,995.000000,A
ZWE,1993-01-01,1993-12-31,181,'716,Zimbabwe,267,'01445,Sunflower seed,5530,Producer Price (LCU/tonne),1993,1993,7021,Annual value,LCU,1472.000000,A
ZWE,1994-01-01,1994-12-31,181,'716,Zimbabwe,267,'01445,Sunflower seed,5530,Producer Price (LCU/tonne),1994,1994,7021,Annual value,LCU,1472.000000,X
ZWE,1995-01-01,1995-12-31,181,'716,Zimbabwe,267,'01445,Sunflower seed,5530,Producer Price (LCU/tonne),1995,1995,7021,Annual value,LCU,1500.000000,A
ZWE,1996-01-01,1996-12-31,181,'716,Zimbabwe,267,'01445,Sunflower seed,5530,Producer Price (LCU/tonne),1996,1996,7021,Annual value,LCU,1580.000000,A
ZWE,1997-01-01,1997-12-31,181,'716,Zimbabwe,267,'01445,Sunflower seed,5530,Producer Price (LCU/tonne),1997,1997,7021,Annual value,LCU,1900.000000,A
ZWE,1998-01-01,1998-12-31,181,'716,Zimbabwe,267,'01445,Sunflower seed,5530,Producer Price (LCU/tonne),1998,1998,7021,Annual value,LCU,2090.000000,A
ZWE,1999-01-01,1999-12-31,181,'716,Zimbabwe,267,'01445,Sunflower seed,5530,Producer Price (LCU/tonne),1999,1999,7021,Annual value,LCU,6000.000000,A
ZWE,2000-01-01,2000-12-31,181,'716,Zimbabwe,267,'01445,Sunflower seed,5530,Producer Price (LCU/tonne),2000,2000,7021,Annual value,LCU,7000.000000,A
ZWE,2001-01-01,2001-12-31,181,'716,Zimbabwe,267,'01445,Sunflower seed,5530,Producer Price (LCU/tonne),2001,2001,7021,Annual value,LCU,14000.000000,A
ZWE,2002-01-01,2002-12-31,181,'716,Zimbabwe,267,'01445,Sunflower seed,5530,Producer Price (LCU/tonne),2002,2002,7021,Annual value,LCU,40000.000000,A
ZWE,2003-01-01,2003-12-31,181,'716,Zimbabwe,267,'01445,Sunflower seed,5530,Producer Price (LCU/tonne),2003,2003,7021,Annual value,LCU,350000.000000,A
ZWE,2004-01-01,2004-12-31,181,'716,Zimbabwe,267,'01445,Sunflower seed,5530,Producer Price (LCU/tonne),2004,2004,7021,Annual value,LCU,1300000.000000,A
ZWE,2005-01-01,2005-12-31,181,'716,Zimbabwe,267,'01445,Sunflower seed,5530,Producer Price (LCU/tonne),2005,2005,7021,Annual value,LCU,2250000.000000,A
ZWE,2006-01-01,2006-12-31,181,'716,Zimbabwe,267,'01445,Sunflower seed,5530,Producer Price (LCU/tonne),2006,2006,7021,Annual value,LCU,2500000.000000,A
ZWE,2013-01-01,2013-12-31,181,'716,Zimbabwe,267,'01445,Sunflower seed,5530,Producer Price (LCU/tonne),2013,2013,7021,Annual value,LCU,90475.000000,A
ZWE,2013-01-01,2013-01-31,181,'716,Zimbabwe,267,'01445,Sunflower seed,5530,Producer Price (LCU/tonne),2013,2013,7001,January,LCU,90475.000000,A
ZWE,2013-02-01,2013-02-28,181,'716,Zimbabwe,267,'01445,Sunflower seed,5530,Producer Price (LCU/tonne),2013,2013,7002,February,LCU,90475.000000,A
ZWE,2013-03-01,2013-03-31,181,'716,Zimbabwe,267,'01445,Sunflower seed,5530,Producer Price (LCU/tonne),2013,2013,7003,March,LCU,90475.000000,A
ZWE,2013-04-01,2013-04-30,181,'716,Zimbabwe,267,'01445,Sunflower seed,5530,Producer Price (LCU/tonne),2013,2013,7004,April,LCU,90475.000000,A
ZWE,2013-05-01,2013-05-31,181,'716,Zimbabwe,267,'01445,Sunflower seed,5530,Producer Price (LCU/tonne),2013,2013,7005,May,LCU,90475.000000,A
ZWE,2013-06-01,2013-06-30,181,'716,Zimbabwe,267,'01445,Sunflower seed,5530,Producer Price (LCU/tonne),2013,2013,7006,June,LCU,90475.000000,A
ZWE,2013-07-01,2013-07-31,181,'716,Zimbabwe,267,'01445,Sunflower seed,5530,Producer Price (LCU/tonne),2013,2013,7007,July,LCU,90475.000000,A
ZWE,2013-08-01,2013-08-31,181,'716,Zimbabwe,267,'01445,Sunflower seed,5530,Producer Price (LCU/tonne),2013,2013,7008,August,LCU,90475.000000,A
ZWE,2013-09-01,2013-09-30,181,'716,Zimbabwe,267,'01445,Sunflower seed,5530,Producer Price (LCU/tonne),2013,2013,7009,September,LCU,90475.000000,A
ZWE,2013-10-01,2013-10-31,181,'716,Zimbabwe,267,'01445,Sunflower seed,5530,Producer Price (LCU/tonne),2013,2013,7010,October,LCU,90475.000000,A
ZWE,2013-11-01,2013-11-30,181,'716,Zimbabwe,267,'01445,Sunflower seed,5530,Producer Price (LCU/tonne),2013,2013,7011,November,LCU,90475.000000,A
ZWE,2013-12-01,2013-12-31,181,'716,Zimbabwe,267,'01445,Sunflower seed,5530,Producer Price (LCU/tonne),2013,2013,7012,December,LCU,90475.000000,A
ZWE,2014-01-01,2014-12-31,181,'716,Zimbabwe,267,'01445,Sunflower seed,5530,Producer Price (LCU/tonne),2014,2014,7021,Annual value,LCU,250.000000,A
ZWE,2014-01-01,2014-01-31,181,'716,Zimbabwe,267,'01445,Sunflower seed,5530,Producer Price (LCU/tonne),2014,2014,7001,January,LCU,250.000000,A
ZWE,2014-02-01,2014-02-28,181,'716,Zimbabwe,267,'01445,Sunflower seed,5530,Producer Price (LCU/tonne),2014,2014,7002,February,LCU,250.000000,A
ZWE,2014-03-01,2014-03-31,181,'716,Zimbabwe,267,'01445,Sunflower seed,5530,Producer Price (LCU/tonne),2014,2014,7003,March,LCU,250.000000,A
ZWE,2014-04-01,2014-04-30,181,'716,Zimbabwe,267,'01445,Sunflower seed,5530,Producer Price (LCU/tonne),2014,2014,7004,April,LCU,250.000000,A
ZWE,2014-05-01,2014-05-31,181,'716,Zimbabwe,267,'01445,Sunflower seed,5530,Producer Price (LCU/tonne),2014,2014,7005,May,LCU,250.000000,A
ZWE,2014-06-01,2014-06-30,181,'716,Zimbabwe,267,'01445,Sunflower seed,5530,Producer Price (LCU/tonne),2014,2014,7006,June,LCU,250.000000,A
ZWE,2014-07-01,2014-07-31,181,'716,Zimbabwe,267,'01445,Sunflower seed,5530,Producer Price (LCU/tonne),2014,2014,7007,July,LCU,250.000000,A
ZWE,2014-08-01,2014-08-31,181,'716,Zimbabwe,267,'01445,Sunflower seed,5530,Producer Price (LCU/tonne),2014,2014,7008,August,LCU,250.000000,A
ZWE,2014-09-01,2014-09-30,181,'716,Zimbabwe,267,'01445,Sunflower seed,5530,Producer Price (LCU/tonne),2014,2014,7009,September,LCU,250.000000,A
ZWE,2014-10-01,2014-10-31,181,'716,Zimbabwe,267,'01445,Sunflower seed,5530,Producer Price (LCU/tonne),2014,2014,7010,October,LCU,250.000000,A
ZWE,2014-11-01,2014-11-30,181,'716,Zimbabwe,267,'01445,Sunflower seed,5530,Producer Price (LCU/tonne),2014,2014,7011,November,LCU,250.000000,A
ZWE,2014-12-01,2014-12-31,181,'716,Zimbabwe,267,'01445,Sunflower seed,5530,Producer Price (LCU/tonne),2014,2014,7012,December,LCU,250.000000,A
ZWE,2015-01-01,2015-12-31,181,'716,Zimbabwe,267,'01445,Sunflower seed,5530,Producer Price (LCU/tonne),2015,2015,7021,Annual value,LCU,250.000000,A
ZWE,2015-01-01,2015-01-31,181,'716,Zimbabwe,267,'01445,Sunflower seed,5530,Producer Price (LCU/tonne),2015,2015,7001,January,LCU,250.000000,A
ZWE,2016-01-01,2016-12-31,181,'716,Zimbabwe,267,'01445,Sunflower seed,5530,Producer Price (LCU/tonne),2016,2016,7021,Annual value,LCU,300.000000,A
ZWE,2016-01-01,2016-01-31,181,'716,Zimbabwe,267,'01445,Sunflower seed,5530,Producer Price (LCU/tonne),2016,2016,7001,January,LCU,250.000000,A
ZWE,2016-02-01,2016-02-29,181,'716,Zimbabwe,267,'01445,Sunflower seed,5530,Producer Price (LCU/tonne),2016,2016,7002,February,LCU,250.000000,A
ZWE,2016-03-01,2016-03-31,181,'716,Zimbabwe,267,'01445,Sunflower seed,5530,Producer Price (LCU/tonne),2016,2016,7003,March,LCU,250.000000,A
ZWE,2016-04-01,2016-04-30,181,'716,Zimbabwe,267,'01445,Sunflower seed,5530,Producer Price (LCU/tonne),2016,2016,7004,April,LCU,250.000000,A
ZWE,2016-05-01,2016-05-31,181,'716,Zimbabwe,267,'01445,Sunflower seed,5530,Producer Price (LCU/tonne),2016,2016,7005,May,LCU,250.000000,A
ZWE,2016-06-01,2016-06-30,181,'716,Zimbabwe,267,'01445,Sunflower seed,5530,Producer Price (LCU/tonne),2016,2016,7006,June,LCU,250.000000,A
ZWE,2016-07-01,2016-07-31,181,'716,Zimbabwe,267,'01445,Sunflower seed,5530,Producer Price (LCU/tonne),2016,2016,7007,July,LCU,250.000000,A
ZWE,2016-08-01,2016-08-31,181,'716,Zimbabwe,267,'01445,Sunflower seed,5530,Producer Price (LCU/tonne),2016,2016,7008,August,LCU,250.000000,A
ZWE,2016-09-01,2016-09-30,181,'716,Zimbabwe,267,'01445,Sunflower seed,5530,Producer Price (LCU/tonne),2016,2016,7009,September,LCU,250.000000,A
ZWE,2016-10-01,2016-10-31,181,'716,Zimbabwe,267,'01445,Sunflower seed,5530,Producer Price (LCU/tonne),2016,2016,7010,October,LCU,250.000000,A
ZWE,2016-11-01,2016-11-30,181,'716,Zimbabwe,267,'01445,Sunflower seed,5530,Producer Price (LCU/tonne),2016,2016,7011,November,LCU,250.000000,A
ZWE,2016-12-01,2016-12-31,181,'716,Zimbabwe,267,'01445,Sunflower seed,5530,Producer Price (LCU/tonne),2016,2016,7012,December,LCU,250.000000,A
ZWE,2017-01-01,2017-12-31,181,'716,Zimbabwe,267,'01445,Sunflower seed,5530,Producer Price (LCU/tonne),2017,2017,7021,Annual value,LCU,300.000000,A
ZWE,2017-01-01,2017-01-31,181,'716,Zimbabwe,267,'01445,Sunflower seed,5530,Producer Price (LCU/tonne),2017,2017,7001,January,LCU,300.000000,A
ZWE,2017-02-01,2017-02-28,181,'716,Zimbabwe,267,'01445,Sunflower seed,5530,Producer Price (LCU/tonne),2017,2017,7002,February,LCU,300.000000,A
ZWE,2017-03-01,2017-03-31,181,'716,Zimbabwe,267,'01445,Sunflower seed,5530,Producer Price (LCU/tonne),2017,2017,7003,March,LCU,300.000000,A
ZWE,2017-04-01,2017-04-30,181,'716,Zimbabwe,267,'01445,Sunflower seed,5530,Producer Price (LCU/tonne),2017,2017,7004,April,LCU,300.000000,A
ZWE,2017-05-01,2017-05-31,181,'716,Zimbabwe,267,'01445,Sunflower seed,5530,Producer Price (LCU/tonne),2017,2017,7005,May,LCU,300.000000,A
ZWE,2017-06-01,2017-06-30,181,'716,Zimbabwe,267,'01445,Sunflower seed,5530,Producer Price (LCU/tonne),2017,2017,7006,June,LCU,300.000000,A
ZWE,2017-07-01,2017-07-31,181,'716,Zimbabwe,267,'01445,Sunflower seed,5530,Producer Price (LCU/tonne),2017,2017,7007,July,LCU,300.000000,A
ZWE,2017-08-01,2017-08-31,181,'716,Zimbabwe,267,'01445,Sunflower seed,5530,Producer Price (LCU/tonne),2017,2017,7008,August,LCU,300.000000,A
ZWE,2017-09-01,2017-09-30,181,'716,Zimbabwe,267,'01445,Sunflower seed,5530,Producer Price (LCU/tonne),2017,2017,7009,September,LCU,300.000000,A
ZWE,2017-10-01,2017-10-31,181,'716,Zimbabwe,267,'01445,Sunflower seed,5530,Producer Price (LCU/tonne),2017,2017,7010,October,LCU,300.000000,A
ZWE,2017-11-01,2017-11-30,181,'716,Zimbabwe,267,'01445,Sunflower seed,5530,Producer Price (LCU/tonne),2017,2017,7011,November,LCU,300.000000,A
ZWE,2017-12-01,2017-12-31,181,'716,Zimbabwe,267,'01445,Sunflower seed,5530,Producer Price (LCU/tonne),2017,2017,7012,December,LCU,300.000000,A
ZWE,2018-01-01,2018-12-31,181,'716,Zimbabwe,267,'01445,Sunflower seed,5530,Producer Price (LCU/tonne),2018,2018,7021,Annual value,LCU,300.000000,A
ZWE,2018-01-01,2018-01-31,181,'716,Zimbabwe,267,'01445,Sunflower seed,5530,Producer Price (LCU/tonne),2018,2018,7001,January,LCU,300.000000,A
ZWE,1991-01-01,1991-12-31,181,'716,Zimbabwe,267,'01445,Sunflower seed,5531,Producer Price (SLC/tonne),1991,1991,7021,Annual value,SLC,1.600000,A
ZWE,1992-01-01,1992-12-31,181,'716,Zimbabwe,267,'01445,Sunflower seed,5531,Producer Price (SLC/tonne),1992,1992,7021,Annual value,SLC,2.700000,A
ZWE,1993-01-01,1993-12-31,181,'716,Zimbabwe,267,'01445,Sunflower seed,5531,Producer Price (SLC/tonne),1993,1993,7021,Annual value,SLC,4.100000,A
ZWE,1994-01-01,1994-12-31,181,'716,Zimbabwe,267,'01445,Sunflower seed,5531,Producer Price (SLC/tonne),1994,1994,7021,Annual value,SLC,4.100000,X
ZWE,1995-01-01,1995-12-31,181,'716,Zimbabwe,267,'01445,Sunflower seed,5531,Producer Price (SLC/tonne),1995,1995,7021,Annual value,SLC,4.100000,A
ZWE,1996-01-01,1996-12-31,181,'716,Zimbabwe,267,'01445,Sunflower seed,5531,Producer Price (SLC/tonne),1996,1996,7021,Annual value,SLC,4.400000,A
ZWE,1997-01-01,1997-12-31,181,'716,Zimbabwe,267,'01445,Sunflower seed,5531,Producer Price (SLC/tonne),1997,1997,7021,Annual value,SLC,5.300000,A
ZWE,1998-01-01,1998-12-31,181,'716,Zimbabwe,267,'01445,Sunflower seed,5531,Producer Price (SLC/tonne),1998,1998,7021,Annual value,SLC,5.800000,A
ZWE,1999-01-01,1999-12-31,181,'716,Zimbabwe,267,'01445,Sunflower seed,5531,Producer Price (SLC/tonne),1999,1999,7021,Annual value,SLC,16.600000,A
ZWE,2000-01-01,2000-12-31,181,'716,Zimbabwe,267,'01445,Sunflower seed,5531,Producer Price (SLC/tonne),2000,2000,7021,Annual value,SLC,19.300000,A
ZWE,2001-01-01,2001-12-31,181,'716,Zimbabwe,267,'01445,Sunflower seed,5531,Producer Price (SLC/tonne),2001,2001,7021,Annual value,SLC,38.700000,A
ZWE,2002-01-01,2002-12-31,181,'716,Zimbabwe,267,'01445,Sunflower seed,5531,Producer Price (SLC/tonne),2002,2002,7021,Annual value,SLC,110.500000,A
ZWE,2003-01-01,2003-12-31,181,'716,Zimbabwe,267,'01445,Sunflower seed,5531,Producer Price (SLC/tonne),2003,2003,7021,Annual value,SLC,967.100000,A
ZWE,2004-01-01,2004-12-31,181,'716,Zimbabwe,267,'01445,Sunflower seed,5531,Producer Price (SLC/tonne),2004,2004,7021,Annual value,SLC,3592.200000,A
ZWE,2005-01-01,2005-12-31,181,'716,Zimbabwe,267,'01445,Sunflower seed,5531,Producer Price (SLC/tonne),2005,2005,7021,Annual value,SLC,6217.200000,A
ZWE,2006-01-01,2006-12-31,181,'716,Zimbabwe,267,'01445,Sunflower seed,5531,Producer Price (SLC/tonne),2006,2006,7021,Annual value,SLC,6908.000000,A
ZWE,2013-01-01,2013-12-31,181,'716,Zimbabwe,267,'01445,Sunflower seed,5531,Producer Price (SLC/tonne),2013,2013,7021,Annual value,SLC,250.000000,A
ZWE,2014-01-01,2014-12-31,181,'716,Zimbabwe,267,'01445,Sunflower seed,5531,Producer Price (SLC/tonne),2014,2014,7021,Annual value,SLC,250.000000,A
ZWE,2015-01-01,2015-12-31,181,'716,Zimbabwe,267,'01445,Sunflower seed,5531,Producer Price (SLC/tonne),2015,2015,7021,Annual value,SLC,250.000000,A
ZWE,2016-01-01,2016-12-31,181,'716,Zimbabwe,267,'01445,Sunflower seed,5531,Producer Price (SLC/tonne),2016,2016,7021,Annual value,SLC,300.000000,A
ZWE,2017-01-01,2017-12-31,181,'716,Zimbabwe,267,'01445,Sunflower seed,5531,Producer Price (SLC/tonne),2017,2017,7021,Annual value,SLC,300.000000,A
ZWE,2018-01-01,2018-12-31,181,'716,Zimbabwe,267,'01445,Sunflower seed,5531,Producer Price (SLC/tonne),2018,2018,7021,Annual value,SLC,300.000000,A
ZWE,2010-01-01,2010-12-31,181,'716,Zimbabwe,267,'01445,Sunflower seed,5532,Producer Price (USD/tonne),2010,2010,7021,Annual value,USD,110.000000,A
ZWE,2011-01-01,2011-12-31,181,'716,Zimbabwe,267,'01445,Sunflower seed,5532,Producer Price (USD/tonne),2011,2011,7021,Annual value,USD,285.000000,A
ZWE,2012-01-01,2012-12-31,181,'716,Zimbabwe,267,'01445,Sunflower seed,5532,Producer Price (USD/tonne),2012,2012,7021,Annual value,USD,250.000000,A
ZWE,2013-01-01,2013-12-31,181,'716,Zimbabwe,267,'01445,Sunflower seed,5532,Producer Price (USD/tonne),2013,2013,7021,Annual value,USD,250.000000,A
ZWE,2014-01-01,2014-12-31,181,'716,Zimbabwe,267,'01445,Sunflower seed,5532,Producer Price (USD/tonne),2014,2014,7021,Annual value,USD,250.000000,A
ZWE,2015-01-01,2015-12-31,181,'716,Zimbabwe,267,'01445,Sunflower seed,5532,Producer Price (USD/tonne),2015,2015,7021,Annual value,USD,250.000000,A
ZWE,2016-01-01,2016-12-31,181,'716,Zimbabwe,267,'01445,Sunflower seed,5532,Producer Price (USD/tonne),2016,2016,7021,Annual value,USD,300.000000,A
ZWE,2017-01-01,2017-12-31,181,'716,Zimbabwe,267,'01445,Sunflower seed,5532,Producer Price (USD/tonne),2017,2017,7021,Annual value,USD,300.000000,A
ZWE,2018-01-01,2018-12-31,181,'716,Zimbabwe,267,'01445,Sunflower seed,5532,Producer Price (USD/tonne),2018,2018,7021,Annual value,USD,300.000000,A
ZWE,1991-01-01,1991-12-31,181,'716,Zimbabwe,267,'01445,Sunflower seed,5539,Producer Price Index (2014-2016 = 100),1991,1991,7021,Annual value,,0.600000,E
ZWE,1992-01-01,1992-12-31,181,'716,Zimbabwe,267,'01445,Sunflower seed,5539,Producer Price Index (2014-2016 = 100),1992,1992,7021,Annual value,,1.030000,E
ZWE,1993-01-01,1993-12-31,181,'716,Zimbabwe,267,'01445,Sunflower seed,5539,Producer Price Index (2014-2016 = 100),1993,1993,7021,Annual value,,1.530000,E
ZWE,1994-01-01,1994-12-31,181,'716,Zimbabwe,267,'01445,Sunflower seed,5539,Producer Price Index (2014-2016 = 100),1994,1994,7021,Annual value,,1.530000,E
ZWE,1995-01-01,1995-12-31,181,'716,Zimbabwe,267,'01445,Sunflower seed,5539,Producer Price Index (2014-2016 = 100),1995,1995,7021,Annual value,,1.550000,E
ZWE,1996-01-01,1996-12-31,181,'716,Zimbabwe,267,'01445,Sunflower seed,5539,Producer Price Index (2014-2016 = 100),1996,1996,7021,Annual value,,1.640000,E
ZWE,1997-01-01,1997-12-31,181,'716,Zimbabwe,267,'01445,Sunflower seed,5539,Producer Price Index (2014-2016 = 100),1997,1997,7021,Annual value,,1.970000,E
ZWE,1998-01-01,1998-12-31,181,'716,Zimbabwe,267,'01445,Sunflower seed,5539,Producer Price Index (2014-2016 = 100),1998,1998,7021,Annual value,,2.170000,E
ZWE,1999-01-01,1999-12-31,181,'716,Zimbabwe,267,'01445,Sunflower seed,5539,Producer Price Index (2014-2016 = 100),1999,1999,7021,Annual value,,6.220000,E
ZWE,2000-01-01,2000-12-31,181,'716,Zimbabwe,267,'01445,Sunflower seed,5539,Producer Price Index (2014-2016 = 100),2000,2000,7021,Annual value,,7.250000,E
ZWE,2001-01-01,2001-12-31,181,'716,Zimbabwe,267,'01445,Sunflower seed,5539,Producer Price Index (2014-2016 = 100),2001,2001,7021,Annual value,,14.510000,E
ZWE,2002-01-01,2002-12-31,181,'716,Zimbabwe,267,'01445,Sunflower seed,5539,Producer Price Index (2014-2016 = 100),2002,2002,7021,Annual value,,41.450000,E
ZWE,2003-01-01,2003-12-31,181,'716,Zimbabwe,267,'01445,Sunflower seed,5539,Producer Price Index (2014-2016 = 100),2003,2003,7021,Annual value,,362.670000,E
ZWE,2004-01-01,2004-12-31,181,'716,Zimbabwe,267,'01445,Sunflower seed,5539,Producer Price Index (2014-2016 = 100),2004,2004,7021,Annual value,,1347.060000,E
ZWE,2005-01-01,2005-12-31,181,'716,Zimbabwe,267,'01445,Sunflower seed,5539,Producer Price Index (2014-2016 = 100),2005,2005,7021,Annual value,,2331.450000,E
ZWE,2006-01-01,2006-12-31,181,'716,Zimbabwe,267,'01445,Sunflower seed,5539,Producer Price Index (2014-2016 = 100),2006,2006,7021,Annual value,,2590.490000,E
ZWE,2007-01-01,2007-12-31,181,'716,Zimbabwe,267,'01445,Sunflower seed,5539,Producer Price Index (2014-2016 = 100),2007,2007,7021,Annual value,,6555.220000,E
ZWE,2010-01-01,2010-12-31,181,'716,Zimbabwe,267,'01445,Sunflower seed,5539,Producer Price Index (2014-2016 = 100),2010,2010,7021,Annual value,,41.250000,E
ZWE,2011-01-01,2011-12-31,181,'716,Zimbabwe,267,'01445,Sunflower seed,5539,Producer Price Index (2014-2016 = 100),2011,2011,7021,Annual value,,106.880000,E
ZWE,2012-01-01,2012-12-31,181,'716,Zimbabwe,267,'01445,Sunflower seed,5539,Producer Price Index (2014-2016 = 100),2012,2012,7021,Annual value,,93.750000,E
ZWE,2013-01-01,2013-12-31,181,'716,Zimbabwe,267,'01445,Sunflower seed,5539,Producer Price Index (2014-2016 = 100),2013,2013,7021,Annual value,,93.750000,E
ZWE,2014-01-01,2014-12-31,181,'716,Zimbabwe,267,'01445,Sunflower seed,5539,Producer Price Index (2014-2016 = 100),2014,2014,7021,Annual value,,93.750000,E
ZWE,2015-01-01,2015-12-31,181,'716,Zimbabwe,267,'01445,Sunflower seed,5539,Producer Price Index (2014-2016 = 100),2015,2015,7021,Annual value,,93.750000,E
ZWE,2016-01-01,2016-12-31,181,'716,Zimbabwe,267,'01445,Sunflower seed,5539,Producer Price Index (2014-2016 = 100),2016,2016,7021,Annual value,,112.500000,E
ZWE,2017-01-01,2017-12-31,181,'716,Zimbabwe,267,'01445,Sunflower seed,5539,Producer Price Index (2014-2016 = 100),2017,2017,7021,Annual value,,112.500000,E
ZWE,2018-01-01,2018-12-31,181,'716,Zimbabwe,267,'01445,Sunflower seed,5539,Producer Price Index (2014-2016 = 100),2018,2018,7021,Annual value,,112.500000,E
ZWE,1991-01-01,1991-12-31,181,'716,Zimbabwe,122,'01530,Sweet potatoes,5530,Producer Price (LCU/tonne),1991,1991,7021,Annual value,LCU,800.000000,A
ZWE,1992-01-01,1992-12-31,181,'716,Zimbabwe,122,'01530,Sweet potatoes,5530,Producer Price (LCU/tonne),1992,1992,7021,Annual value,LCU,800.000000,A
ZWE,1993-01-01,1993-12-31,181,'716,Zimbabwe,122,'01530,Sweet potatoes,5530,Producer Price (LCU/tonne),1993,1993,7021,Annual value,LCU,800.000000,A
ZWE,1994-01-01,1994-12-31,181,'716,Zimbabwe,122,'01530,Sweet potatoes,5530,Producer Price (LCU/tonne),1994,1994,7021,Annual value,LCU,800.000000,A
ZWE,2000-01-01,2000-12-31,181,'716,Zimbabwe,122,'01530,Sweet potatoes,5530,Producer Price (LCU/tonne),2000,2000,7021,Annual value,LCU,15000.000000,A
ZWE,2001-01-01,2001-12-31,181,'716,Zimbabwe,122,'01530,Sweet potatoes,5530,Producer Price (LCU/tonne),2001,2001,7021,Annual value,LCU,35000.000000,A
ZWE,2002-01-01,2002-12-31,181,'716,Zimbabwe,122,'01530,Sweet potatoes,5530,Producer Price (LCU/tonne),2002,2002,7021,Annual value,LCU,50450.000000,A
ZWE,2003-01-01,2003-12-31,181,'716,Zimbabwe,122,'01530,Sweet potatoes,5530,Producer Price (LCU/tonne),2003,2003,7021,Annual value,LCU,430000.000000,A
ZWE,2015-01-01,2015-12-31,181,'716,Zimbabwe,122,'01530,Sweet potatoes,5530,Producer Price (LCU/tonne),2015,2015,7021,Annual value,LCU,325.000000,A
ZWE,2016-01-01,2016-12-31,181,'716,Zimbabwe,122,'01530,Sweet potatoes,5530,Producer Price (LCU/tonne),2016,2016,7021,Annual value,LCU,350.000000,A
ZWE,2017-01-01,2017-12-31,181,'716,Zimbabwe,122,'01530,Sweet potatoes,5530,Producer Price (LCU/tonne),2017,2017,7021,Annual value,LCU,330.000000,A
ZWE,1991-01-01,1991-12-31,181,'716,Zimbabwe,122,'01530,Sweet potatoes,5531,Producer Price (SLC/tonne),1991,1991,7021,Annual value,SLC,2.200000,A
ZWE,1992-01-01,1992-12-31,181,'716,Zimbabwe,122,'01530,Sweet potatoes,5531,Producer Price (SLC/tonne),1992,1992,7021,Annual value,SLC,2.200000,A
ZWE,1993-01-01,1993-12-31,181,'716,Zimbabwe,122,'01530,Sweet potatoes,5531,Producer Price (SLC/tonne),1993,1993,7021,Annual value,SLC,2.200000,A
ZWE,1994-01-01,1994-12-31,181,'716,Zimbabwe,122,'01530,Sweet potatoes,5531,Producer Price (SLC/tonne),1994,1994,7021,Annual value,SLC,2.200000,A
ZWE,2000-01-01,2000-12-31,181,'716,Zimbabwe,122,'01530,Sweet potatoes,5531,Producer Price (SLC/tonne),2000,2000,7021,Annual value,SLC,41.400000,A
ZWE,2001-01-01,2001-12-31,181,'716,Zimbabwe,122,'01530,Sweet potatoes,5531,Producer Price (SLC/tonne),2001,2001,7021,Annual value,SLC,96.700000,A
ZWE,2002-01-01,2002-12-31,181,'716,Zimbabwe,122,'01530,Sweet potatoes,5531,Producer Price (SLC/tonne),2002,2002,7021,Annual value,SLC,139.400000,A
ZWE,2003-01-01,2003-12-31,181,'716,Zimbabwe,122,'01530,Sweet potatoes,5531,Producer Price (SLC/tonne),2003,2003,7021,Annual value,SLC,1188.200000,A
ZWE,2015-01-01,2015-12-31,181,'716,Zimbabwe,122,'01530,Sweet potatoes,5531,Producer Price (SLC/tonne),2015,2015,7021,Annual value,SLC,325.000000,A
ZWE,2016-01-01,2016-12-31,181,'716,Zimbabwe,122,'01530,Sweet potatoes,5531,Producer Price (SLC/tonne),2016,2016,7021,Annual value,SLC,350.000000,A
ZWE,2017-01-01,2017-12-31,181,'716,Zimbabwe,122,'01530,Sweet potatoes,5531,Producer Price (SLC/tonne),2017,2017,7021,Annual value,SLC,330.000000,A
ZWE,2018-01-01,2018-12-31,181,'716,Zimbabwe,122,'01530,Sweet potatoes,5531,Producer Price (SLC/tonne),2018,2018,7021,Annual value,SLC,362.400000,A
ZWE,2015-01-01,2015-12-31,181,'716,Zimbabwe,122,'01530,Sweet potatoes,5532,Producer Price (USD/tonne),2015,2015,7021,Annual value,USD,325.000000,A
ZWE,2016-01-01,2016-12-31,181,'716,Zimbabwe,122,'01530,Sweet potatoes,5532,Producer Price (USD/tonne),2016,2016,7021,Annual value,USD,350.000000,A
ZWE,2017-01-01,2017-12-31,181,'716,Zimbabwe,122,'01530,Sweet potatoes,5532,Producer Price (USD/tonne),2017,2017,7021,Annual value,USD,330.000000,A
ZWE,1991-01-01,1991-12-31,181,'716,Zimbabwe,122,'01530,Sweet potatoes,5539,Producer Price Index (2014-2016 = 100),1991,1991,7021,Annual value,,0.650000,E
ZWE,1992-01-01,1992-12-31,181,'716,Zimbabwe,122,'01530,Sweet potatoes,5539,Producer Price Index (2014-2016 = 100),1992,1992,7021,Annual value,,0.650000,E
ZWE,1993-01-01,1993-12-31,181,'716,Zimbabwe,122,'01530,Sweet potatoes,5539,Producer Price Index (2014-2016 = 100),1993,1993,7021,Annual value,,0.650000,E
ZWE,1994-01-01,1994-12-31,181,'716,Zimbabwe,122,'01530,Sweet potatoes,5539,Producer Price Index (2014-2016 = 100),1994,1994,7021,Annual value,,0.650000,E
ZWE,1995-01-01,1995-12-31,181,'716,Zimbabwe,122,'01530,Sweet potatoes,5539,Producer Price Index (2014-2016 = 100),1995,1995,7021,Annual value,,0.400000,E
ZWE,1996-01-01,1996-12-31,181,'716,Zimbabwe,122,'01530,Sweet potatoes,5539,Producer Price Index (2014-2016 = 100),1996,1996,7021,Annual value,,0.510000,E
ZWE,1997-01-01,1997-12-31,181,'716,Zimbabwe,122,'01530,Sweet potatoes,5539,Producer Price Index (2014-2016 = 100),1997,1997,7021,Annual value,,0.820000,E
ZWE,1998-01-01,1998-12-31,181,'716,Zimbabwe,122,'01530,Sweet potatoes,5539,Producer Price Index (2014-2016 = 100),1998,1998,7021,Annual value,,1.230000,E
ZWE,1999-01-01,1999-12-31,181,'716,Zimbabwe,122,'01530,Sweet potatoes,5539,Producer Price Index (2014-2016 = 100),1999,1999,7021,Annual value,,1.780000,E
ZWE,2000-01-01,2000-12-31,181,'716,Zimbabwe,122,'01530,Sweet potatoes,5539,Producer Price Index (2014-2016 = 100),2000,2000,7021,Annual value,,12.280000,E
ZWE,2001-01-01,2001-12-31,181,'716,Zimbabwe,122,'01530,Sweet potatoes,5539,Producer Price Index (2014-2016 = 100),2001,2001,7021,Annual value,,28.660000,E
ZWE,2002-01-01,2002-12-31,181,'716,Zimbabwe,122,'01530,Sweet potatoes,5539,Producer Price Index (2014-2016 = 100),2002,2002,7021,Annual value,,41.300000,E
ZWE,2003-01-01,2003-12-31,181,'716,Zimbabwe,122,'01530,Sweet potatoes,5539,Producer Price Index (2014-2016 = 100),2003,2003,7021,Annual value,,352.050000,E
ZWE,2004-01-01,2004-12-31,181,'716,Zimbabwe,122,'01530,Sweet potatoes,5539,Producer Price Index (2014-2016 = 100),2004,2004,7021,Annual value,,793.370000,E
ZWE,2005-01-01,2005-12-31,181,'716,Zimbabwe,122,'01530,Sweet potatoes,5539,Producer Price Index (2014-2016 = 100),2005,2005,7021,Annual value,,3138.950000,E
ZWE,2006-01-01,2006-12-31,181,'716,Zimbabwe,122,'01530,Sweet potatoes,5539,Producer Price Index (2014-2016 = 100),2006,2006,7021,Annual value,,98829.570000,E
ZWE,2007-01-01,2007-12-31,181,'716,Zimbabwe,122,'01530,Sweet potatoes,5539,Producer Price Index (2014-2016 = 100),2007,2007,7021,Annual value,,334522.130000,E
ZWE,2015-01-01,2015-12-31,181,'716,Zimbabwe,122,'01530,Sweet potatoes,5539,Producer Price Index (2014-2016 = 100),2015,2015,7021,Annual value,,96.300000,E
ZWE,2016-01-01,2016-12-31,181,'716,Zimbabwe,122,'01530,Sweet potatoes,5539,Producer Price Index (2014-2016 = 100),2016,2016,7021,Annual value,,103.700000,E
ZWE,2017-01-01,2017-12-31,181,'716,Zimbabwe,122,'01530,Sweet potatoes,5539,Producer Price Index (2014-2016 = 100),2017,2017,7021,Annual value,,97.780000,E
ZWE,2018-01-01,2018-12-31,181,'716,Zimbabwe,122,'01530,Sweet potatoes,5539,Producer Price Index (2014-2016 = 100),2018,2018,7021,Annual value,,107.380000,E
ZWE,1995-01-01,1995-12-31,181,'716,Zimbabwe,667,'01620,Tea leaves,5530,Producer Price (LCU/tonne),1995,1995,7021,Annual value,LCU,3200.000000,A
ZWE,1996-01-01,1996-12-31,181,'716,Zimbabwe,667,'01620,Tea leaves,5530,Producer Price (LCU/tonne),1996,1996,7021,Annual value,LCU,8653.000000,A
ZWE,1997-01-01,1997-12-31,181,'716,Zimbabwe,667,'01620,Tea leaves,5530,Producer Price (LCU/tonne),1997,1997,7021,Annual value,LCU,14083.000000,A
ZWE,1998-01-01,1998-12-31,181,'716,Zimbabwe,667,'01620,Tea leaves,5530,Producer Price (LCU/tonne),1998,1998,7021,Annual value,LCU,14083.000000,A
ZWE,1999-01-01,1999-12-31,181,'716,Zimbabwe,667,'01620,Tea leaves,5530,Producer Price (LCU/tonne),1999,1999,7021,Annual value,LCU,30850.000000,A
ZWE,2000-01-01,2000-12-31,181,'716,Zimbabwe,667,'01620,Tea leaves,5530,Producer Price (LCU/tonne),2000,2000,7021,Annual value,LCU,35362.000000,A
ZWE,2001-01-01,2001-12-31,181,'716,Zimbabwe,667,'01620,Tea leaves,5530,Producer Price (LCU/tonne),2001,2001,7021,Annual value,LCU,53879.000000,A
ZWE,2002-01-01,2002-12-31,181,'716,Zimbabwe,667,'01620,Tea leaves,5530,Producer Price (LCU/tonne),2002,2002,7021,Annual value,LCU,196200.000000,A
ZWE,2003-01-01,2003-12-31,181,'716,Zimbabwe,667,'01620,Tea leaves,5530,Producer Price (LCU/tonne),2003,2003,7021,Annual value,LCU,600000.000000,A
ZWE,1995-01-01,1995-12-31,181,'716,Zimbabwe,667,'01620,Tea leaves,5531,Producer Price (SLC/tonne),1995,1995,7021,Annual value,SLC,8.800000,A
ZWE,1996-01-01,1996-12-31,181,'716,Zimbabwe,667,'01620,Tea leaves,5531,Producer Price (SLC/tonne),1996,1996,7021,Annual value,SLC,23.900000,A
ZWE,1997-01-01,1997-12-31,181,'716,Zimbabwe,667,'01620,Tea leaves,5531,Producer Price (SLC/tonne),1997,1997,7021,Annual value,SLC,38.900000,A
ZWE,1998-01-01,1998-12-31,181,'716,Zimbabwe,667,'01620,Tea leaves,5531,Producer Price (SLC/tonne),1998,1998,7021,Annual value,SLC,38.900000,A
ZWE,1999-01-01,1999-12-31,181,'716,Zimbabwe,667,'01620,Tea leaves,5531,Producer Price (SLC/tonne),1999,1999,7021,Annual value,SLC,85.200000,A
ZWE,2000-01-01,2000-12-31,181,'716,Zimbabwe,667,'01620,Tea leaves,5531,Producer Price (SLC/tonne),2000,2000,7021,Annual value,SLC,97.700000,A
ZWE,2001-01-01,2001-12-31,181,'716,Zimbabwe,667,'01620,Tea leaves,5531,Producer Price (SLC/tonne),2001,2001,7021,Annual value,SLC,148.900000,A
ZWE,2002-01-01,2002-12-31,181,'716,Zimbabwe,667,'01620,Tea leaves,5531,Producer Price (SLC/tonne),2002,2002,7021,Annual value,SLC,542.100000,A
ZWE,2003-01-01,2003-12-31,181,'716,Zimbabwe,667,'01620,Tea leaves,5531,Producer Price (SLC/tonne),2003,2003,7021,Annual value,SLC,1657.900000,A
ZWE,1991-01-01,1991-12-31,181,'716,Zimbabwe,388,'01234,Tomatoes,5530,Producer Price (LCU/tonne),1991,1991,7021,Annual value,LCU,1500.000000,A
ZWE,1992-01-01,1992-12-31,181,'716,Zimbabwe,388,'01234,Tomatoes,5530,Producer Price (LCU/tonne),1992,1992,7021,Annual value,LCU,2000.000000,A
ZWE,1993-01-01,1993-12-31,181,'716,Zimbabwe,388,'01234,Tomatoes,5530,Producer Price (LCU/tonne),1993,1993,7021,Annual value,LCU,2000.000000,A
ZWE,1994-01-01,1994-12-31,181,'716,Zimbabwe,388,'01234,Tomatoes,5530,Producer Price (LCU/tonne),1994,1994,7021,Annual value,LCU,2780.000000,A
ZWE,1995-01-01,1995-12-31,181,'716,Zimbabwe,388,'01234,Tomatoes,5530,Producer Price (LCU/tonne),1995,1995,7021,Annual value,LCU,3000.000000,A
ZWE,1996-01-01,1996-12-31,181,'716,Zimbabwe,388,'01234,Tomatoes,5530,Producer Price (LCU/tonne),1996,1996,7021,Annual value,LCU,4000.000000,A
ZWE,1997-01-01,1997-12-31,181,'716,Zimbabwe,388,'01234,Tomatoes,5530,Producer Price (LCU/tonne),1997,1997,7021,Annual value,LCU,6000.000000,A
ZWE,1998-01-01,1998-12-31,181,'716,Zimbabwe,388,'01234,Tomatoes,5530,Producer Price (LCU/tonne),1998,1998,7021,Annual value,LCU,6000.000000,A
ZWE,2000-01-01,2000-12-31,181,'716,Zimbabwe,388,'01234,Tomatoes,5530,Producer Price (LCU/tonne),2000,2000,7021,Annual value,LCU,6300.000000,A
ZWE,2001-01-01,2001-12-31,181,'716,Zimbabwe,388,'01234,Tomatoes,5530,Producer Price (LCU/tonne),2001,2001,7021,Annual value,LCU,13500.000000,A
ZWE,2002-01-01,2002-12-31,181,'716,Zimbabwe,388,'01234,Tomatoes,5530,Producer Price (LCU/tonne),2002,2002,7021,Annual value,LCU,37730.000000,A
ZWE,2003-01-01,2003-12-31,181,'716,Zimbabwe,388,'01234,Tomatoes,5530,Producer Price (LCU/tonne),2003,2003,7021,Annual value,LCU,539000.000000,A
ZWE,2015-01-01,2015-12-31,181,'716,Zimbabwe,388,'01234,Tomatoes,5530,Producer Price (LCU/tonne),2015,2015,7021,Annual value,LCU,504.000000,A
ZWE,2016-01-01,2016-12-31,181,'716,Zimbabwe,388,'01234,Tomatoes,5530,Producer Price (LCU/tonne),2016,2016,7021,Annual value,LCU,567.000000,A
ZWE,2017-01-01,2017-12-31,181,'716,Zimbabwe,388,'01234,Tomatoes,5530,Producer Price (LCU/tonne),2017,2017,7021,Annual value,LCU,786.000000,A
ZWE,2017-01-01,2017-01-31,181,'716,Zimbabwe,388,'01234,Tomatoes,5530,Producer Price (LCU/tonne),2017,2017,7001,January,LCU,923.000000,A
ZWE,2017-02-01,2017-02-28,181,'716,Zimbabwe,388,'01234,Tomatoes,5530,Producer Price (LCU/tonne),2017,2017,7002,February,LCU,1275.000000,A
ZWE,2017-03-01,2017-03-31,181,'716,Zimbabwe,388,'01234,Tomatoes,5530,Producer Price (LCU/tonne),2017,2017,7003,March,LCU,895.000000,A
ZWE,2017-04-01,2017-04-30,181,'716,Zimbabwe,388,'01234,Tomatoes,5530,Producer Price (LCU/tonne),2017,2017,7004,April,LCU,548.000000,A
ZWE,2017-05-01,2017-05-31,181,'716,Zimbabwe,388,'01234,Tomatoes,5530,Producer Price (LCU/tonne),2017,2017,7005,May,LCU,468.000000,A
ZWE,2017-06-01,2017-06-30,181,'716,Zimbabwe,388,'01234,Tomatoes,5530,Producer Price (LCU/tonne),2017,2017,7006,June,LCU,580.000000,A
ZWE,2017-07-01,2017-07-31,181,'716,Zimbabwe,388,'01234,Tomatoes,5530,Producer Price (LCU/tonne),2017,2017,7007,July,LCU,550.000000,A
ZWE,2017-08-01,2017-08-31,181,'716,Zimbabwe,388,'01234,Tomatoes,5530,Producer Price (LCU/tonne),2017,2017,7008,August,LCU,725.000000,A
ZWE,2017-09-01,2017-09-30,181,'716,Zimbabwe,388,'01234,Tomatoes,5530,Producer Price (LCU/tonne),2017,2017,7009,September,LCU,1030.000000,A
ZWE,2017-10-01,2017-10-31,181,'716,Zimbabwe,388,'01234,Tomatoes,5530,Producer Price (LCU/tonne),2017,2017,7010,October,LCU,825.000000,A
ZWE,2017-11-01,2017-11-30,181,'716,Zimbabwe,388,'01234,Tomatoes,5530,Producer Price (LCU/tonne),2017,2017,7011,November,LCU,800.000000,A
ZWE,2017-12-01,2017-12-31,181,'716,Zimbabwe,388,'01234,Tomatoes,5530,Producer Price (LCU/tonne),2017,2017,7012,December,LCU,813.000000,A
ZWE,2018-01-01,2018-01-31,181,'716,Zimbabwe,388,'01234,Tomatoes,5530,Producer Price (LCU/tonne),2018,2018,7001,January,LCU,600.000000,A
ZWE,1991-01-01,1991-12-31,181,'716,Zimbabwe,388,'01234,Tomatoes,5531,Producer Price (SLC/tonne),1991,1991,7021,Annual value,SLC,4.100000,A
ZWE,1992-01-01,1992-12-31,181,'716,Zimbabwe,388,'01234,Tomatoes,5531,Producer Price (SLC/tonne),1992,1992,7021,Annual value,SLC,5.500000,A
ZWE,1993-01-01,1993-12-31,181,'716,Zimbabwe,388,'01234,Tomatoes,5531,Producer Price (SLC/tonne),1993,1993,7021,Annual value,SLC,5.500000,A
ZWE,1994-01-01,1994-12-31,181,'716,Zimbabwe,388,'01234,Tomatoes,5531,Producer Price (SLC/tonne),1994,1994,7021,Annual value,SLC,7.700000,A
ZWE,1995-01-01,1995-12-31,181,'716,Zimbabwe,388,'01234,Tomatoes,5531,Producer Price (SLC/tonne),1995,1995,7021,Annual value,SLC,8.300000,A
ZWE,1996-01-01,1996-12-31,181,'716,Zimbabwe,388,'01234,Tomatoes,5531,Producer Price (SLC/tonne),1996,1996,7021,Annual value,SLC,11.100000,A
ZWE,1997-01-01,1997-12-31,181,'716,Zimbabwe,388,'01234,Tomatoes,5531,Producer Price (SLC/tonne),1997,1997,7021,Annual value,SLC,16.600000,A
ZWE,1998-01-01,1998-12-31,181,'716,Zimbabwe,388,'01234,Tomatoes,5531,Producer Price (SLC/tonne),1998,1998,7021,Annual value,SLC,16.600000,A
ZWE,2000-01-01,2000-12-31,181,'716,Zimbabwe,388,'01234,Tomatoes,5531,Producer Price (SLC/tonne),2000,2000,7021,Annual value,SLC,17.400000,A
ZWE,2001-01-01,2001-12-31,181,'716,Zimbabwe,388,'01234,Tomatoes,5531,Producer Price (SLC/tonne),2001,2001,7021,Annual value,SLC,37.300000,A
ZWE,2002-01-01,2002-12-31,181,'716,Zimbabwe,388,'01234,Tomatoes,5531,Producer Price (SLC/tonne),2002,2002,7021,Annual value,SLC,104.300000,A
ZWE,2003-01-01,2003-12-31,181,'716,Zimbabwe,388,'01234,Tomatoes,5531,Producer Price (SLC/tonne),2003,2003,7021,Annual value,SLC,1489.400000,A
ZWE,2015-01-01,2015-12-31,181,'716,Zimbabwe,388,'01234,Tomatoes,5531,Producer Price (SLC/tonne),2015,2015,7021,Annual value,SLC,504.000000,A
ZWE,2016-01-01,2016-12-31,181,'716,Zimbabwe,388,'01234,Tomatoes,5531,Producer Price (SLC/tonne),2016,2016,7021,Annual value,SLC,567.000000,A
ZWE,2017-01-01,2017-12-31,181,'716,Zimbabwe,388,'01234,Tomatoes,5531,Producer Price (SLC/tonne),2017,2017,7021,Annual value,SLC,786.000000,A
ZWE,2018-01-01,2018-12-31,181,'716,Zimbabwe,388,'01234,Tomatoes,5531,Producer Price (SLC/tonne),2018,2018,7021,Annual value,SLC,863.200000,A
ZWE,2015-01-01,2015-12-31,181,'716,Zimbabwe,388,'01234,Tomatoes,5532,Producer Price (USD/tonne),2015,2015,7021,Annual value,USD,504.000000,A
ZWE,2016-01-01,2016-12-31,181,'716,Zimbabwe,388,'01234,Tomatoes,5532,Producer Price (USD/tonne),2016,2016,7021,Annual value,USD,567.000000,A
ZWE,2017-01-01,2017-12-31,181,'716,Zimbabwe,388,'01234,Tomatoes,5532,Producer Price (USD/tonne),2017,2017,7021,Annual value,USD,786.000000,A
ZWE,1991-01-01,1991-12-31,181,'716,Zimbabwe,388,'01234,Tomatoes,5539,Producer Price Index (2014-2016 = 100),1991,1991,7021,Annual value,,0.770000,E
ZWE,1992-01-01,1992-12-31,181,'716,Zimbabwe,388,'01234,Tomatoes,5539,Producer Price Index (2014-2016 = 100),1992,1992,7021,Annual value,,1.030000,E
ZWE,1993-01-01,1993-12-31,181,'716,Zimbabwe,388,'01234,Tomatoes,5539,Producer Price Index (2014-2016 = 100),1993,1993,7021,Annual value,,1.030000,E
ZWE,1994-01-01,1994-12-31,181,'716,Zimbabwe,388,'01234,Tomatoes,5539,Producer Price Index (2014-2016 = 100),1994,1994,7021,Annual value,,1.430000,E
ZWE,1995-01-01,1995-12-31,181,'716,Zimbabwe,388,'01234,Tomatoes,5539,Producer Price Index (2014-2016 = 100),1995,1995,7021,Annual value,,1.550000,E
ZWE,1996-01-01,1996-12-31,181,'716,Zimbabwe,388,'01234,Tomatoes,5539,Producer Price Index (2014-2016 = 100),1996,1996,7021,Annual value,,2.060000,E
ZWE,1997-01-01,1997-12-31,181,'716,Zimbabwe,388,'01234,Tomatoes,5539,Producer Price Index (2014-2016 = 100),1997,1997,7021,Annual value,,3.100000,E
ZWE,1998-01-01,1998-12-31,181,'716,Zimbabwe,388,'01234,Tomatoes,5539,Producer Price Index (2014-2016 = 100),1998,1998,7021,Annual value,,3.100000,E
ZWE,1999-01-01,1999-12-31,181,'716,Zimbabwe,388,'01234,Tomatoes,5539,Producer Price Index (2014-2016 = 100),1999,1999,7021,Annual value,,4.480000,E
ZWE,2000-01-01,2000-12-31,181,'716,Zimbabwe,388,'01234,Tomatoes,5539,Producer Price Index (2014-2016 = 100),2000,2000,7021,Annual value,,3.250000,E
ZWE,2001-01-01,2001-12-31,181,'716,Zimbabwe,388,'01234,Tomatoes,5539,Producer Price Index (2014-2016 = 100),2001,2001,7021,Annual value,,6.970000,E
ZWE,2002-01-01,2002-12-31,181,'716,Zimbabwe,388,'01234,Tomatoes,5539,Producer Price Index (2014-2016 = 100),2002,2002,7021,Annual value,,19.470000,E
ZWE,2003-01-01,2003-12-31,181,'716,Zimbabwe,388,'01234,Tomatoes,5539,Producer Price Index (2014-2016 = 100),2003,2003,7021,Annual value,,278.130000,E
ZWE,2004-01-01,2004-12-31,181,'716,Zimbabwe,388,'01234,Tomatoes,5539,Producer Price Index (2014-2016 = 100),2004,2004,7021,Annual value,,1517.120000,E
ZWE,2005-01-01,2005-12-31,181,'716,Zimbabwe,388,'01234,Tomatoes,5539,Producer Price Index (2014-2016 = 100),2005,2005,7021,Annual value,,6946.360000,E
ZWE,2006-01-01,2006-12-31,181,'716,Zimbabwe,388,'01234,Tomatoes,5539,Producer Price Index (2014-2016 = 100),2006,2006,7021,Annual value,,96716.510000,E
ZWE,2007-01-01,2007-12-31,181,'716,Zimbabwe,388,'01234,Tomatoes,5539,Producer Price Index (2014-2016 = 100),2007,2007,7021,Annual value,,307122.400000,E
ZWE,2015-01-01,2015-12-31,181,'716,Zimbabwe,388,'01234,Tomatoes,5539,Producer Price Index (2014-2016 = 100),2015,2015,7021,Annual value,,94.120000,E
ZWE,2016-01-01,2016-12-31,181,'716,Zimbabwe,388,'01234,Tomatoes,5539,Producer Price Index (2014-2016 = 100),2016,2016,7021,Annual value,,105.880000,E
ZWE,2017-01-01,2017-12-31,181,'716,Zimbabwe,388,'01234,Tomatoes,5539,Producer Price Index (2014-2016 = 100),2017,2017,7021,Annual value,,146.780000,E
ZWE,2018-01-01,2018-12-31,181,'716,Zimbabwe,388,'01234,Tomatoes,5539,Producer Price Index (2014-2016 = 100),2018,2018,7021,Annual value,,161.200000,E
ZWE,1991-01-01,1991-12-31,181,'716,Zimbabwe,826,'01970,Unmanufactured tobacco,5530,Producer Price (LCU/tonne),1991,1991,7021,Annual value,LCU,11573.000000,A
ZWE,1992-01-01,1992-12-31,181,'716,Zimbabwe,826,'01970,Unmanufactured tobacco,5530,Producer Price (LCU/tonne),1992,1992,7021,Annual value,LCU,8104.000000,A
ZWE,1993-01-01,1993-12-31,181,'716,Zimbabwe,826,'01970,Unmanufactured tobacco,5530,Producer Price (LCU/tonne),1993,1993,7021,Annual value,LCU,6500.000000,A
ZWE,1994-01-01,1994-12-31,181,'716,Zimbabwe,826,'01970,Unmanufactured tobacco,5530,Producer Price (LCU/tonne),1994,1994,7021,Annual value,LCU,13000.000000,A
ZWE,1995-01-01,1995-12-31,181,'716,Zimbabwe,826,'01970,Unmanufactured tobacco,5530,Producer Price (LCU/tonne),1995,1995,7021,Annual value,LCU,17650.000000,A
ZWE,1996-01-01,1996-12-31,181,'716,Zimbabwe,826,'01970,Unmanufactured tobacco,5530,Producer Price (LCU/tonne),1996,1996,7021,Annual value,LCU,28750.000000,A
ZWE,1997-01-01,1997-12-31,181,'716,Zimbabwe,826,'01970,Unmanufactured tobacco,5530,Producer Price (LCU/tonne),1997,1997,7021,Annual value,LCU,26441.000000,A
ZWE,1998-01-01,1998-12-31,181,'716,Zimbabwe,826,'01970,Unmanufactured tobacco,5530,Producer Price (LCU/tonne),1998,1998,7021,Annual value,LCU,34380.000000,A
ZWE,1999-01-01,1999-12-31,181,'716,Zimbabwe,826,'01970,Unmanufactured tobacco,5530,Producer Price (LCU/tonne),1999,1999,7021,Annual value,LCU,65900.000000,A
ZWE,2000-01-01,2000-12-31,181,'716,Zimbabwe,826,'01970,Unmanufactured tobacco,5530,Producer Price (LCU/tonne),2000,2000,7021,Annual value,LCU,80731.000000,A
ZWE,2001-01-01,2001-12-31,181,'716,Zimbabwe,826,'01970,Unmanufactured tobacco,5530,Producer Price (LCU/tonne),2001,2001,7021,Annual value,LCU,174600.000000,A
ZWE,2002-01-01,2002-12-31,181,'716,Zimbabwe,826,'01970,Unmanufactured tobacco,5530,Producer Price (LCU/tonne),2002,2002,7021,Annual value,LCU,358730.000000,A
ZWE,2003-01-01,2003-12-31,181,'716,Zimbabwe,826,'01970,Unmanufactured tobacco,5530,Producer Price (LCU/tonne),2003,2003,7021,Annual value,LCU,1803100.000000,A
ZWE,2004-01-01,2004-12-31,181,'716,Zimbabwe,826,'01970,Unmanufactured tobacco,5530,Producer Price (LCU/tonne),2004,2004,7021,Annual value,LCU,8614350.000000,A
ZWE,2005-01-01,2005-12-31,181,'716,Zimbabwe,826,'01970,Unmanufactured tobacco,5530,Producer Price (LCU/tonne),2005,2005,7021,Annual value,LCU,22724227.000000,A
ZWE,2006-01-01,2006-12-31,181,'716,Zimbabwe,826,'01970,Unmanufactured tobacco,5530,Producer Price (LCU/tonne),2006,2006,7021,Annual value,LCU,352051299.600000,A
ZWE,2014-01-01,2014-12-31,181,'716,Zimbabwe,826,'01970,Unmanufactured tobacco,5530,Producer Price (LCU/tonne),2014,2014,7021,Annual value,LCU,3160.000000,A
ZWE,2015-01-01,2015-12-31,181,'716,Zimbabwe,826,'01970,Unmanufactured tobacco,5530,Producer Price (LCU/tonne),2015,2015,7021,Annual value,LCU,2500.000000,A
ZWE,2016-01-01,2016-12-31,181,'716,Zimbabwe,826,'01970,Unmanufactured tobacco,5530,Producer Price (LCU/tonne),2016,2016,7021,Annual value,LCU,2950.000000,A
ZWE,2017-01-01,2017-12-31,181,'716,Zimbabwe,826,'01970,Unmanufactured tobacco,5530,Producer Price (LCU/tonne),2017,2017,7021,Annual value,LCU,2960.000000,A
ZWE,2017-01-01,2017-01-31,181,'716,Zimbabwe,826,'01970,Unmanufactured tobacco,5530,Producer Price (LCU/tonne),2017,2017,7001,January,LCU,2960.000000,A
ZWE,2017-02-01,2017-02-28,181,'716,Zimbabwe,826,'01970,Unmanufactured tobacco,5530,Producer Price (LCU/tonne),2017,2017,7002,February,LCU,2960.000000,A
ZWE,2017-03-01,2017-03-31,181,'716,Zimbabwe,826,'01970,Unmanufactured tobacco,5530,Producer Price (LCU/tonne),2017,2017,7003,March,LCU,2960.000000,A
ZWE,2017-04-01,2017-04-30,181,'716,Zimbabwe,826,'01970,Unmanufactured tobacco,5530,Producer Price (LCU/tonne),2017,2017,7004,April,LCU,2960.000000,A
ZWE,2017-05-01,2017-05-31,181,'716,Zimbabwe,826,'01970,Unmanufactured tobacco,5530,Producer Price (LCU/tonne),2017,2017,7005,May,LCU,2960.000000,A
ZWE,2017-06-01,2017-06-30,181,'716,Zimbabwe,826,'01970,Unmanufactured tobacco,5530,Producer Price (LCU/tonne),2017,2017,7006,June,LCU,2960.000000,A
ZWE,2017-07-01,2017-07-31,181,'716,Zimbabwe,826,'01970,Unmanufactured tobacco,5530,Producer Price (LCU/tonne),2017,2017,7007,July,LCU,2960.000000,A
ZWE,2017-08-01,2017-08-31,181,'716,Zimbabwe,826,'01970,Unmanufactured tobacco,5530,Producer Price (LCU/tonne),2017,2017,7008,August,LCU,2960.000000,A
ZWE,2017-09-01,2017-09-30,181,'716,Zimbabwe,826,'01970,Unmanufactured tobacco,5530,Producer Price (LCU/tonne),2017,2017,7009,September,LCU,2960.000000,A
ZWE,2017-10-01,2017-10-31,181,'716,Zimbabwe,826,'01970,Unmanufactured tobacco,5530,Producer Price (LCU/tonne),2017,2017,7010,October,LCU,2960.000000,A
ZWE,2017-11-01,2017-11-30,181,'716,Zimbabwe,826,'01970,Unmanufactured tobacco,5530,Producer Price (LCU/tonne),2017,2017,7011,November,LCU,2960.000000,A
ZWE,2017-12-01,2017-12-31,181,'716,Zimbabwe,826,'01970,Unmanufactured tobacco,5530,Producer Price (LCU/tonne),2017,2017,7012,December,LCU,2960.000000,A
ZWE,2018-01-01,2018-12-31,181,'716,Zimbabwe,826,'01970,Unmanufactured tobacco,5530,Producer Price (LCU/tonne),2018,2018,7021,Annual value,LCU,2920.000000,A
ZWE,2018-01-01,2018-01-31,181,'716,Zimbabwe,826,'01970,Unmanufactured tobacco,5530,Producer Price (LCU/tonne),2018,2018,7001,January,LCU,2960.000000,A
ZWE,1991-01-01,1991-12-31,181,'716,Zimbabwe,826,'01970,Unmanufactured tobacco,5531,Producer Price (SLC/tonne),1991,1991,7021,Annual value,SLC,32.000000,A
ZWE,1992-01-01,1992-12-31,181,'716,Zimbabwe,826,'01970,Unmanufactured tobacco,5531,Producer Price (SLC/tonne),1992,1992,7021,Annual value,SLC,22.400000,A
ZWE,1993-01-01,1993-12-31,181,'716,Zimbabwe,826,'01970,Unmanufactured tobacco,5531,Producer Price (SLC/tonne),1993,1993,7021,Annual value,SLC,18.000000,A
ZWE,1994-01-01,1994-12-31,181,'716,Zimbabwe,826,'01970,Unmanufactured tobacco,5531,Producer Price (SLC/tonne),1994,1994,7021,Annual value,SLC,35.900000,A
ZWE,1995-01-01,1995-12-31,181,'716,Zimbabwe,826,'01970,Unmanufactured tobacco,5531,Producer Price (SLC/tonne),1995,1995,7021,Annual value,SLC,48.800000,A
ZWE,1996-01-01,1996-12-31,181,'716,Zimbabwe,826,'01970,Unmanufactured tobacco,5531,Producer Price (SLC/tonne),1996,1996,7021,Annual value,SLC,79.400000,A
ZWE,1997-01-01,1997-12-31,181,'716,Zimbabwe,826,'01970,Unmanufactured tobacco,5531,Producer Price (SLC/tonne),1997,1997,7021,Annual value,SLC,73.100000,A
ZWE,1998-01-01,1998-12-31,181,'716,Zimbabwe,826,'01970,Unmanufactured tobacco,5531,Producer Price (SLC/tonne),1998,1998,7021,Annual value,SLC,95.000000,A
ZWE,1999-01-01,1999-12-31,181,'716,Zimbabwe,826,'01970,Unmanufactured tobacco,5531,Producer Price (SLC/tonne),1999,1999,7021,Annual value,SLC,182.100000,A
ZWE,2000-01-01,2000-12-31,181,'716,Zimbabwe,826,'01970,Unmanufactured tobacco,5531,Producer Price (SLC/tonne),2000,2000,7021,Annual value,SLC,223.100000,A
ZWE,2001-01-01,2001-12-31,181,'716,Zimbabwe,826,'01970,Unmanufactured tobacco,5531,Producer Price (SLC/tonne),2001,2001,7021,Annual value,SLC,482.500000,A
ZWE,2002-01-01,2002-12-31,181,'716,Zimbabwe,826,'01970,Unmanufactured tobacco,5531,Producer Price (SLC/tonne),2002,2002,7021,Annual value,SLC,991.200000,A
ZWE,2003-01-01,2003-12-31,181,'716,Zimbabwe,826,'01970,Unmanufactured tobacco,5531,Producer Price (SLC/tonne),2003,2003,7021,Annual value,SLC,4982.300000,A
ZWE,2004-01-01,2004-12-31,181,'716,Zimbabwe,826,'01970,Unmanufactured tobacco,5531,Producer Price (SLC/tonne),2004,2004,7021,Annual value,SLC,23803.100000,A
ZWE,2005-01-01,2005-12-31,181,'716,Zimbabwe,826,'01970,Unmanufactured tobacco,5531,Producer Price (SLC/tonne),2005,2005,7021,Annual value,SLC,62791.500000,A
ZWE,2006-01-01,2006-12-31,181,'716,Zimbabwe,826,'01970,Unmanufactured tobacco,5531,Producer Price (SLC/tonne),2006,2006,7021,Annual value,SLC,972786.100000,A
ZWE,2014-01-01,2014-12-31,181,'716,Zimbabwe,826,'01970,Unmanufactured tobacco,5531,Producer Price (SLC/tonne),2014,2014,7021,Annual value,SLC,3160.000000,A
ZWE,2015-01-01,2015-12-31,181,'716,Zimbabwe,826,'01970,Unmanufactured tobacco,5531,Producer Price (SLC/tonne),2015,2015,7021,Annual value,SLC,2500.000000,A
ZWE,2016-01-01,2016-12-31,181,'716,Zimbabwe,826,'01970,Unmanufactured tobacco,5531,Producer Price (SLC/tonne),2016,2016,7021,Annual value,SLC,2950.000000,A
ZWE,2017-01-01,2017-12-31,181,'716,Zimbabwe,826,'01970,Unmanufactured tobacco,5531,Producer Price (SLC/tonne),2017,2017,7021,Annual value,SLC,2960.000000,A
ZWE,2018-01-01,2018-12-31,181,'716,Zimbabwe,826,'01970,Unmanufactured tobacco,5531,Producer Price (SLC/tonne),2018,2018,7021,Annual value,SLC,2920.000000,A
ZWE,2010-01-01,2010-12-31,181,'716,Zimbabwe,826,'01970,Unmanufactured tobacco,5532,Producer Price (USD/tonne),2010,2010,7021,Annual value,USD,2890.000000,A
ZWE,2011-01-01,2011-12-31,181,'716,Zimbabwe,826,'01970,Unmanufactured tobacco,5532,Producer Price (USD/tonne),2011,2011,7021,Annual value,USD,2730.100000,A
ZWE,2012-01-01,2012-12-31,181,'716,Zimbabwe,826,'01970,Unmanufactured tobacco,5532,Producer Price (USD/tonne),2012,2012,7021,Annual value,USD,3670.000000,A
ZWE,2014-01-01,2014-12-31,181,'716,Zimbabwe,826,'01970,Unmanufactured tobacco,5532,Producer Price (USD/tonne),2014,2014,7021,Annual value,USD,3160.000000,A
ZWE,2015-01-01,2015-12-31,181,'716,Zimbabwe,826,'01970,Unmanufactured tobacco,5532,Producer Price (USD/tonne),2015,2015,7021,Annual value,USD,2500.000000,A
ZWE,2016-01-01,2016-12-31,181,'716,Zimbabwe,826,'01970,Unmanufactured tobacco,5532,Producer Price (USD/tonne),2016,2016,7021,Annual value,USD,2950.000000,A
ZWE,2017-01-01,2017-12-31,181,'716,Zimbabwe,826,'01970,Unmanufactured tobacco,5532,Producer Price (USD/tonne),2017,2017,7021,Annual value,USD,2960.000000,A
ZWE,2018-01-01,2018-12-31,181,'716,Zimbabwe,826,'01970,Unmanufactured tobacco,5532,Producer Price (USD/tonne),2018,2018,7021,Annual value,USD,2920.000000,A
ZWE,1991-01-01,1991-12-31,181,'716,Zimbabwe,826,'01970,Unmanufactured tobacco,5539,Producer Price Index (2014-2016 = 100),1991,1991,7021,Annual value,,1.110000,E
ZWE,1992-01-01,1992-12-31,181,'716,Zimbabwe,826,'01970,Unmanufactured tobacco,5539,Producer Price Index (2014-2016 = 100),1992,1992,7021,Annual value,,0.780000,E
ZWE,1993-01-01,1993-12-31,181,'716,Zimbabwe,826,'01970,Unmanufactured tobacco,5539,Producer Price Index (2014-2016 = 100),1993,1993,7021,Annual value,,0.630000,E
ZWE,1994-01-01,1994-12-31,181,'716,Zimbabwe,826,'01970,Unmanufactured tobacco,5539,Producer Price Index (2014-2016 = 100),1994,1994,7021,Annual value,,1.250000,E
ZWE,1995-01-01,1995-12-31,181,'716,Zimbabwe,826,'01970,Unmanufactured tobacco,5539,Producer Price Index (2014-2016 = 100),1995,1995,7021,Annual value,,1.700000,E
ZWE,1996-01-01,1996-12-31,181,'716,Zimbabwe,826,'01970,Unmanufactured tobacco,5539,Producer Price Index (2014-2016 = 100),1996,1996,7021,Annual value,,2.770000,E
ZWE,1997-01-01,1997-12-31,181,'716,Zimbabwe,826,'01970,Unmanufactured tobacco,5539,Producer Price Index (2014-2016 = 100),1997,1997,7021,Annual value,,2.550000,E
ZWE,1998-01-01,1998-12-31,181,'716,Zimbabwe,826,'01970,Unmanufactured tobacco,5539,Producer Price Index (2014-2016 = 100),1998,1998,7021,Annual value,,3.310000,E
ZWE,1999-01-01,1999-12-31,181,'716,Zimbabwe,826,'01970,Unmanufactured tobacco,5539,Producer Price Index (2014-2016 = 100),1999,1999,7021,Annual value,,6.340000,E
ZWE,2000-01-01,2000-12-31,181,'716,Zimbabwe,826,'01970,Unmanufactured tobacco,5539,Producer Price Index (2014-2016 = 100),2000,2000,7021,Annual value,,7.770000,E
ZWE,2001-01-01,2001-12-31,181,'716,Zimbabwe,826,'01970,Unmanufactured tobacco,5539,Producer Price Index (2014-2016 = 100),2001,2001,7021,Annual value,,16.810000,E
ZWE,2002-01-01,2002-12-31,181,'716,Zimbabwe,826,'01970,Unmanufactured tobacco,5539,Producer Price Index (2014-2016 = 100),2002,2002,7021,Annual value,,34.540000,E
ZWE,2003-01-01,2003-12-31,181,'716,Zimbabwe,826,'01970,Unmanufactured tobacco,5539,Producer Price Index (2014-2016 = 100),2003,2003,7021,Annual value,,173.600000,E
ZWE,2004-01-01,2004-12-31,181,'716,Zimbabwe,826,'01970,Unmanufactured tobacco,5539,Producer Price Index (2014-2016 = 100),2004,2004,7021,Annual value,,829.380000,E
ZWE,2005-01-01,2005-12-31,181,'716,Zimbabwe,826,'01970,Unmanufactured tobacco,5539,Producer Price Index (2014-2016 = 100),2005,2005,7021,Annual value,,2187.860000,E
ZWE,2006-01-01,2006-12-31,181,'716,Zimbabwe,826,'01970,Unmanufactured tobacco,5539,Producer Price Index (2014-2016 = 100),2006,2006,7021,Annual value,,33894.990000,E
ZWE,2007-01-01,2007-12-31,181,'716,Zimbabwe,826,'01970,Unmanufactured tobacco,5539,Producer Price Index (2014-2016 = 100),2007,2007,7021,Annual value,,92320.170000,E
ZWE,2010-01-01,2010-12-31,181,'716,Zimbabwe,826,'01970,Unmanufactured tobacco,5539,Producer Price Index (2014-2016 = 100),2010,2010,7021,Annual value,,100.700000,E
ZWE,2011-01-01,2011-12-31,181,'716,Zimbabwe,826,'01970,Unmanufactured tobacco,5539,Producer Price Index (2014-2016 = 100),2011,2011,7021,Annual value,,95.120000,E
ZWE,2012-01-01,2012-12-31,181,'716,Zimbabwe,826,'01970,Unmanufactured tobacco,5539,Producer Price Index (2014-2016 = 100),2012,2012,7021,Annual value,,127.870000,E
ZWE,2014-01-01,2014-12-31,181,'716,Zimbabwe,826,'01970,Unmanufactured tobacco,5539,Producer Price Index (2014-2016 = 100),2014,2014,7021,Annual value,,110.100000,E
ZWE,2015-01-01,2015-12-31,181,'716,Zimbabwe,826,'01970,Unmanufactured tobacco,5539,Producer Price Index (2014-2016 = 100),2015,2015,7021,Annual value,,87.110000,E
ZWE,2016-01-01,2016-12-31,181,'716,Zimbabwe,826,'01970,Unmanufactured tobacco,5539,Producer Price Index (2014-2016 = 100),2016,2016,7021,Annual value,,102.790000,E
ZWE,2017-01-01,2017-12-31,181,'716,Zimbabwe,826,'01970,Unmanufactured tobacco,5539,Producer Price Index (2014-2016 = 100),2017,2017,7021,Annual value,,103.140000,E
ZWE,2018-01-01,2018-12-31,181,'716,Zimbabwe,826,'01970,Unmanufactured tobacco,5539,Producer Price Index (2014-2016 = 100),2018,2018,7021,Annual value,,101.740000,E
ZWE,1991-01-01,1991-12-31,181,'716,Zimbabwe,15,'0111,Wheat,5530,Producer Price (LCU/tonne),1991,1991,7021,Annual value,LCU,520.000000,A
ZWE,1992-01-01,1992-12-31,181,'716,Zimbabwe,15,'0111,Wheat,5530,Producer Price (LCU/tonne),1992,1992,7021,Annual value,LCU,995.000000,A
ZWE,1993-01-01,1993-12-31,181,'716,Zimbabwe,15,'0111,Wheat,5530,Producer Price (LCU/tonne),1993,1993,7021,Annual value,LCU,1450.000000,A
ZWE,1994-01-01,1994-12-31,181,'716,Zimbabwe,15,'0111,Wheat,5530,Producer Price (LCU/tonne),1994,1994,7021,Annual value,LCU,1450.000000,A
ZWE,1995-01-01,1995-12-31,181,'716,Zimbabwe,15,'0111,Wheat,5530,Producer Price (LCU/tonne),1995,1995,7021,Annual value,LCU,2250.000000,A
ZWE,1996-01-01,1996-12-31,181,'716,Zimbabwe,15,'0111,Wheat,5530,Producer Price (LCU/tonne),1996,1996,7021,Annual value,LCU,2550.000000,A
ZWE,1997-01-01,1997-12-31,181,'716,Zimbabwe,15,'0111,Wheat,5530,Producer Price (LCU/tonne),1997,1997,7021,Annual value,LCU,2100.000000,A
ZWE,1998-01-01,1998-12-31,181,'716,Zimbabwe,15,'0111,Wheat,5530,Producer Price (LCU/tonne),1998,1998,7021,Annual value,LCU,5000.000000,A
ZWE,1999-01-01,1999-12-31,181,'716,Zimbabwe,15,'0111,Wheat,5530,Producer Price (LCU/tonne),1999,1999,7021,Annual value,LCU,5500.000000,A
ZWE,2000-01-01,2000-12-31,181,'716,Zimbabwe,15,'0111,Wheat,5530,Producer Price (LCU/tonne),2000,2000,7021,Annual value,LCU,8500.000000,A
ZWE,2001-01-01,2001-12-31,181,'716,Zimbabwe,15,'0111,Wheat,5530,Producer Price (LCU/tonne),2001,2001,7021,Annual value,LCU,25500.000000,A
ZWE,2002-01-01,2002-12-31,181,'716,Zimbabwe,15,'0111,Wheat,5530,Producer Price (LCU/tonne),2002,2002,7021,Annual value,LCU,70000.000000,A
ZWE,2003-01-01,2003-12-31,181,'716,Zimbabwe,15,'0111,Wheat,5530,Producer Price (LCU/tonne),2003,2003,7021,Annual value,LCU,776205.000000,A
ZWE,2004-01-01,2004-12-31,181,'716,Zimbabwe,15,'0111,Wheat,5530,Producer Price (LCU/tonne),2004,2004,7021,Annual value,LCU,1749218.000000,A
ZWE,2005-01-01,2005-12-31,181,'716,Zimbabwe,15,'0111,Wheat,5530,Producer Price (LCU/tonne),2005,2005,7021,Annual value,LCU,6920780.000000,A
ZWE,2006-01-01,2006-12-31,181,'716,Zimbabwe,15,'0111,Wheat,5530,Producer Price (LCU/tonne),2006,2006,7021,Annual value,LCU,217900000.000000,A
ZWE,2013-01-01,2013-12-31,181,'716,Zimbabwe,15,'0111,Wheat,5530,Producer Price (LCU/tonne),2013,2013,7021,Annual value,LCU,168645.400000,A
ZWE,2013-01-01,2013-01-31,181,'716,Zimbabwe,15,'0111,Wheat,5530,Producer Price (LCU/tonne),2013,2013,7001,January,LCU,161407.000000,A
ZWE,2013-02-01,2013-02-28,181,'716,Zimbabwe,15,'0111,Wheat,5530,Producer Price (LCU/tonne),2013,2013,7002,February,LCU,161407.000000,A
ZWE,2013-03-01,2013-03-31,181,'716,Zimbabwe,15,'0111,Wheat,5530,Producer Price (LCU/tonne),2013,2013,7003,March,LCU,161407.000000,A
ZWE,2013-04-01,2013-04-30,181,'716,Zimbabwe,15,'0111,Wheat,5530,Producer Price (LCU/tonne),2013,2013,7004,April,LCU,168645.000000,A
ZWE,2013-05-01,2013-05-31,181,'716,Zimbabwe,15,'0111,Wheat,5530,Producer Price (LCU/tonne),2013,2013,7005,May,LCU,168645.000000,A
ZWE,2013-06-01,2013-06-30,181,'716,Zimbabwe,15,'0111,Wheat,5530,Producer Price (LCU/tonne),2013,2013,7006,June,LCU,168645.000000,A
ZWE,2013-07-01,2013-07-31,181,'716,Zimbabwe,15,'0111,Wheat,5530,Producer Price (LCU/tonne),2013,2013,7007,July,LCU,168645.000000,A
ZWE,2013-08-01,2013-08-31,181,'716,Zimbabwe,15,'0111,Wheat,5530,Producer Price (LCU/tonne),2013,2013,7008,August,LCU,168645.000000,A
ZWE,2013-09-01,2013-09-30,181,'716,Zimbabwe,15,'0111,Wheat,5530,Producer Price (LCU/tonne),2013,2013,7009,September,LCU,168645.000000,A
ZWE,2013-10-01,2013-10-31,181,'716,Zimbabwe,15,'0111,Wheat,5530,Producer Price (LCU/tonne),2013,2013,7010,October,LCU,168645.000000,A
ZWE,2013-11-01,2013-11-30,181,'716,Zimbabwe,15,'0111,Wheat,5530,Producer Price (LCU/tonne),2013,2013,7011,November,LCU,168645.000000,A
ZWE,2013-12-01,2013-12-31,181,'716,Zimbabwe,15,'0111,Wheat,5530,Producer Price (LCU/tonne),2013,2013,7012,December,LCU,168645.000000,A
ZWE,2014-01-01,2014-12-31,181,'716,Zimbabwe,15,'0111,Wheat,5530,Producer Price (LCU/tonne),2014,2014,7021,Annual value,LCU,466.000000,A
ZWE,2014-01-01,2014-01-31,181,'716,Zimbabwe,15,'0111,Wheat,5530,Producer Price (LCU/tonne),2014,2014,7001,January,LCU,446.000000,A
ZWE,2014-02-01,2014-02-28,181,'716,Zimbabwe,15,'0111,Wheat,5530,Producer Price (LCU/tonne),2014,2014,7002,February,LCU,446.000000,A
ZWE,2014-03-01,2014-03-31,181,'716,Zimbabwe,15,'0111,Wheat,5530,Producer Price (LCU/tonne),2014,2014,7003,March,LCU,446.000000,A
ZWE,2014-04-01,2014-04-30,181,'716,Zimbabwe,15,'0111,Wheat,5530,Producer Price (LCU/tonne),2014,2014,7004,April,LCU,466.000000,A
ZWE,2014-05-01,2014-05-31,181,'716,Zimbabwe,15,'0111,Wheat,5530,Producer Price (LCU/tonne),2014,2014,7005,May,LCU,466.000000,A
ZWE,2014-06-01,2014-06-30,181,'716,Zimbabwe,15,'0111,Wheat,5530,Producer Price (LCU/tonne),2014,2014,7006,June,LCU,466.000000,A
ZWE,2014-07-01,2014-07-31,181,'716,Zimbabwe,15,'0111,Wheat,5530,Producer Price (LCU/tonne),2014,2014,7007,July,LCU,466.000000,A
ZWE,2014-08-01,2014-08-31,181,'716,Zimbabwe,15,'0111,Wheat,5530,Producer Price (LCU/tonne),2014,2014,7008,August,LCU,466.000000,A
ZWE,2014-09-01,2014-09-30,181,'716,Zimbabwe,15,'0111,Wheat,5530,Producer Price (LCU/tonne),2014,2014,7009,September,LCU,466.000000,A
ZWE,2014-10-01,2014-10-31,181,'716,Zimbabwe,15,'0111,Wheat,5530,Producer Price (LCU/tonne),2014,2014,7010,October,LCU,466.000000,A
ZWE,2014-11-01,2014-11-30,181,'716,Zimbabwe,15,'0111,Wheat,5530,Producer Price (LCU/tonne),2014,2014,7011,November,LCU,466.000000,A
ZWE,2014-12-01,2014-12-31,181,'716,Zimbabwe,15,'0111,Wheat,5530,Producer Price (LCU/tonne),2014,2014,7012,December,LCU,466.000000,A
ZWE,2015-01-01,2015-12-31,181,'716,Zimbabwe,15,'0111,Wheat,5530,Producer Price (LCU/tonne),2015,2015,7021,Annual value,LCU,500.000000,A
ZWE,2015-01-01,2015-01-31,181,'716,Zimbabwe,15,'0111,Wheat,5530,Producer Price (LCU/tonne),2015,2015,7001,January,LCU,466.000000,A
ZWE,2016-01-01,2016-12-31,181,'716,Zimbabwe,15,'0111,Wheat,5530,Producer Price (LCU/tonne),2016,2016,7021,Annual value,LCU,500.000000,A
ZWE,2016-01-01,2016-01-31,181,'716,Zimbabwe,15,'0111,Wheat,5530,Producer Price (LCU/tonne),2016,2016,7001,January,LCU,466.000000,A
ZWE,2016-02-01,2016-02-29,181,'716,Zimbabwe,15,'0111,Wheat,5530,Producer Price (LCU/tonne),2016,2016,7002,February,LCU,466.000000,A
ZWE,2016-03-01,2016-03-31,181,'716,Zimbabwe,15,'0111,Wheat,5530,Producer Price (LCU/tonne),2016,2016,7003,March,LCU,466.000000,A
ZWE,2016-04-01,2016-04-30,181,'716,Zimbabwe,15,'0111,Wheat,5530,Producer Price (LCU/tonne),2016,2016,7004,April,LCU,500.000000,A
ZWE,2016-05-01,2016-05-31,181,'716,Zimbabwe,15,'0111,Wheat,5530,Producer Price (LCU/tonne),2016,2016,7005,May,LCU,500.000000,A
ZWE,2016-06-01,2016-06-30,181,'716,Zimbabwe,15,'0111,Wheat,5530,Producer Price (LCU/tonne),2016,2016,7006,June,LCU,500.000000,A
ZWE,2016-07-01,2016-07-31,181,'716,Zimbabwe,15,'0111,Wheat,5530,Producer Price (LCU/tonne),2016,2016,7007,July,LCU,500.000000,A
ZWE,2016-08-01,2016-08-31,181,'716,Zimbabwe,15,'0111,Wheat,5530,Producer Price (LCU/tonne),2016,2016,7008,August,LCU,500.000000,A
ZWE,2016-09-01,2016-09-30,181,'716,Zimbabwe,15,'0111,Wheat,5530,Producer Price (LCU/tonne),2016,2016,7009,September,LCU,500.000000,A
ZWE,2016-10-01,2016-10-31,181,'716,Zimbabwe,15,'0111,Wheat,5530,Producer Price (LCU/tonne),2016,2016,7010,October,LCU,500.000000,A
ZWE,2016-11-01,2016-11-30,181,'716,Zimbabwe,15,'0111,Wheat,5530,Producer Price (LCU/tonne),2016,2016,7011,November,LCU,500.000000,A
ZWE,2016-12-01,2016-12-31,181,'716,Zimbabwe,15,'0111,Wheat,5530,Producer Price (LCU/tonne),2016,2016,7012,December,LCU,500.000000,A
ZWE,2017-01-01,2017-12-31,181,'716,Zimbabwe,15,'0111,Wheat,5530,Producer Price (LCU/tonne),2017,2017,7021,Annual value,LCU,500.000000,A
ZWE,2017-01-01,2017-01-31,181,'716,Zimbabwe,15,'0111,Wheat,5530,Producer Price (LCU/tonne),2017,2017,7001,January,LCU,500.000000,A
ZWE,2017-02-01,2017-02-28,181,'716,Zimbabwe,15,'0111,Wheat,5530,Producer Price (LCU/tonne),2017,2017,7002,February,LCU,500.000000,A
ZWE,2017-03-01,2017-03-31,181,'716,Zimbabwe,15,'0111,Wheat,5530,Producer Price (LCU/tonne),2017,2017,7003,March,LCU,500.000000,A
ZWE,2017-04-01,2017-04-30,181,'716,Zimbabwe,15,'0111,Wheat,5530,Producer Price (LCU/tonne),2017,2017,7004,April,LCU,500.000000,A
ZWE,2017-05-01,2017-05-31,181,'716,Zimbabwe,15,'0111,Wheat,5530,Producer Price (LCU/tonne),2017,2017,7005,May,LCU,500.000000,A
ZWE,2017-06-01,2017-06-30,181,'716,Zimbabwe,15,'0111,Wheat,5530,Producer Price (LCU/tonne),2017,2017,7006,June,LCU,500.000000,A
ZWE,2017-07-01,2017-07-31,181,'716,Zimbabwe,15,'0111,Wheat,5530,Producer Price (LCU/tonne),2017,2017,7007,July,LCU,500.000000,A
ZWE,2017-08-01,2017-08-31,181,'716,Zimbabwe,15,'0111,Wheat,5530,Producer Price (LCU/tonne),2017,2017,7008,August,LCU,500.000000,A
ZWE,2017-09-01,2017-09-30,181,'716,Zimbabwe,15,'0111,Wheat,5530,Producer Price (LCU/tonne),2017,2017,7009,September,LCU,500.000000,A
ZWE,2017-10-01,2017-10-31,181,'716,Zimbabwe,15,'0111,Wheat,5530,Producer Price (LCU/tonne),2017,2017,7010,October,LCU,500.000000,A
ZWE,2017-11-01,2017-11-30,181,'716,Zimbabwe,15,'0111,Wheat,5530,Producer Price (LCU/tonne),2017,2017,7011,November,LCU,500.000000,A
ZWE,2017-12-01,2017-12-31,181,'716,Zimbabwe,15,'0111,Wheat,5530,Producer Price (LCU/tonne),2017,2017,7012,December,LCU,500.000000,A
ZWE,2018-01-01,2018-12-31,181,'716,Zimbabwe,15,'0111,Wheat,5530,Producer Price (LCU/tonne),2018,2018,7021,Annual value,LCU,621.500000,A
ZWE,2018-01-01,2018-01-31,181,'716,Zimbabwe,15,'0111,Wheat,5530,Producer Price (LCU/tonne),2018,2018,7001,January,LCU,500.000000,A
ZWE,2021-01-01,2021-12-31,181,'716,Zimbabwe,15,'0111,Wheat,5530,Producer Price (LCU/tonne),2021,2021,7021,Annual value,LCU,37278.000000,A
ZWE,2022-01-01,2022-12-31,181,'716,Zimbabwe,15,'0111,Wheat,5530,Producer Price (LCU/tonne),2022,2022,7021,Annual value,LCU,67167.000000,A
ZWE,1991-01-01,1991-12-31,181,'716,Zimbabwe,15,'0111,Wheat,5531,Producer Price (SLC/tonne),1991,1991,7021,Annual value,SLC,1.400000,A
ZWE,1992-01-01,1992-12-31,181,'716,Zimbabwe,15,'0111,Wheat,5531,Producer Price (SLC/tonne),1992,1992,7021,Annual value,SLC,2.700000,A
ZWE,1993-01-01,1993-12-31,181,'716,Zimbabwe,15,'0111,Wheat,5531,Producer Price (SLC/tonne),1993,1993,7021,Annual value,SLC,4.000000,A
ZWE,1994-01-01,1994-12-31,181,'716,Zimbabwe,15,'0111,Wheat,5531,Producer Price (SLC/tonne),1994,1994,7021,Annual value,SLC,4.000000,A
ZWE,1995-01-01,1995-12-31,181,'716,Zimbabwe,15,'0111,Wheat,5531,Producer Price (SLC/tonne),1995,1995,7021,Annual value,SLC,6.200000,A
ZWE,1996-01-01,1996-12-31,181,'716,Zimbabwe,15,'0111,Wheat,5531,Producer Price (SLC/tonne),1996,1996,7021,Annual value,SLC,7.000000,A
ZWE,1997-01-01,1997-12-31,181,'716,Zimbabwe,15,'0111,Wheat,5531,Producer Price (SLC/tonne),1997,1997,7021,Annual value,SLC,5.800000,A
ZWE,1998-01-01,1998-12-31,181,'716,Zimbabwe,15,'0111,Wheat,5531,Producer Price (SLC/tonne),1998,1998,7021,Annual value,SLC,13.800000,A
ZWE,1999-01-01,1999-12-31,181,'716,Zimbabwe,15,'0111,Wheat,5531,Producer Price (SLC/tonne),1999,1999,7021,Annual value,SLC,15.200000,A
ZWE,2000-01-01,2000-12-31,181,'716,Zimbabwe,15,'0111,Wheat,5531,Producer Price (SLC/tonne),2000,2000,7021,Annual value,SLC,23.500000,A
ZWE,2001-01-01,2001-12-31,181,'716,Zimbabwe,15,'0111,Wheat,5531,Producer Price (SLC/tonne),2001,2001,7021,Annual value,SLC,70.500000,A
ZWE,2002-01-01,2002-12-31,181,'716,Zimbabwe,15,'0111,Wheat,5531,Producer Price (SLC/tonne),2002,2002,7021,Annual value,SLC,193.400000,A
ZWE,2003-01-01,2003-12-31,181,'716,Zimbabwe,15,'0111,Wheat,5531,Producer Price (SLC/tonne),2003,2003,7021,Annual value,SLC,2144.800000,A
ZWE,2004-01-01,2004-12-31,181,'716,Zimbabwe,15,'0111,Wheat,5531,Producer Price (SLC/tonne),2004,2004,7021,Annual value,SLC,4833.400000,A
ZWE,2005-01-01,2005-12-31,181,'716,Zimbabwe,15,'0111,Wheat,5531,Producer Price (SLC/tonne),2005,2005,7021,Annual value,SLC,19123.500000,A
ZWE,2006-01-01,2006-12-31,181,'716,Zimbabwe,15,'0111,Wheat,5531,Producer Price (SLC/tonne),2006,2006,7021,Annual value,SLC,602100.000000,A
ZWE,2013-01-01,2013-12-31,181,'716,Zimbabwe,15,'0111,Wheat,5531,Producer Price (SLC/tonne),2013,2013,7021,Annual value,SLC,466.000000,A
ZWE,2014-01-01,2014-12-31,181,'716,Zimbabwe,15,'0111,Wheat,5531,Producer Price (SLC/tonne),2014,2014,7021,Annual value,SLC,466.000000,A
ZWE,2015-01-01,2015-12-31,181,'716,Zimbabwe,15,'0111,Wheat,5531,Producer Price (SLC/tonne),2015,2015,7021,Annual value,SLC,500.000000,A
ZWE,2016-01-01,2016-12-31,181,'716,Zimbabwe,15,'0111,Wheat,5531,Producer Price (SLC/tonne),2016,2016,7021,Annual value,SLC,500.000000,A
ZWE,2017-01-01,2017-12-31,181,'716,Zimbabwe,15,'0111,Wheat,5531,Producer Price (SLC/tonne),2017,2017,7021,Annual value,SLC,500.000000,A
ZWE,2018-01-01,2018-12-31,181,'716,Zimbabwe,15,'0111,Wheat,5531,Producer Price (SLC/tonne),2018,2018,7021,Annual value,SLC,621.500000,A
ZWE,2010-01-01,2010-12-31,181,'716,Zimbabwe,15,'0111,Wheat,5532,Producer Price (USD/tonne),2010,2010,7021,Annual value,USD,466.000000,A
ZWE,2011-01-01,2011-12-31,181,'716,Zimbabwe,15,'0111,Wheat,5532,Producer Price (USD/tonne),2011,2011,7021,Annual value,USD,466.000000,A
ZWE,2012-01-01,2012-12-31,181,'716,Zimbabwe,15,'0111,Wheat,5532,Producer Price (USD/tonne),2012,2012,7021,Annual value,USD,446.000000,A
ZWE,2013-01-01,2013-12-31,181,'716,Zimbabwe,15,'0111,Wheat,5532,Producer Price (USD/tonne),2013,2013,7021,Annual value,USD,466.000000,A
ZWE,2014-01-01,2014-12-31,181,'716,Zimbabwe,15,'0111,Wheat,5532,Producer Price (USD/tonne),2014,2014,7021,Annual value,USD,466.000000,A
ZWE,2015-01-01,2015-12-31,181,'716,Zimbabwe,15,'0111,Wheat,5532,Producer Price (USD/tonne),2015,2015,7021,Annual value,USD,500.000000,A
ZWE,2016-01-01,2016-12-31,181,'716,Zimbabwe,15,'0111,Wheat,5532,Producer Price (USD/tonne),2016,2016,7021,Annual value,USD,500.000000,A
ZWE,2017-01-01,2017-12-31,181,'716,Zimbabwe,15,'0111,Wheat,5532,Producer Price (USD/tonne),2017,2017,7021,Annual value,USD,500.000000,A
ZWE,2018-01-01,2018-12-31,181,'716,Zimbabwe,15,'0111,Wheat,5532,Producer Price (USD/tonne),2018,2018,7021,Annual value,USD,621.500000,A
ZWE,2021-01-01,2021-12-31,181,'716,Zimbabwe,15,'0111,Wheat,5532,Producer Price (USD/tonne),2021,2021,7021,Annual value,USD,421.000000,A
ZWE,2022-01-01,2022-12-31,181,'716,Zimbabwe,15,'0111,Wheat,5532,Producer Price (USD/tonne),2022,2022,7021,Annual value,USD,67167.000000,A
ZWE,1991-01-01,1991-12-31,181,'716,Zimbabwe,15,'0111,Wheat,5539,Producer Price Index (2014-2016 = 100),1991,1991,7021,Annual value,,0.290000,E
ZWE,1992-01-01,1992-12-31,181,'716,Zimbabwe,15,'0111,Wheat,5539,Producer Price Index (2014-2016 = 100),1992,1992,7021,Annual value,,0.560000,E
ZWE,1993-01-01,1993-12-31,181,'716,Zimbabwe,15,'0111,Wheat,5539,Producer Price Index (2014-2016 = 100),1993,1993,7021,Annual value,,0.820000,E
ZWE,1994-01-01,1994-12-31,181,'716,Zimbabwe,15,'0111,Wheat,5539,Producer Price Index (2014-2016 = 100),1994,1994,7021,Annual value,,0.820000,E
ZWE,1995-01-01,1995-12-31,181,'716,Zimbabwe,15,'0111,Wheat,5539,Producer Price Index (2014-2016 = 100),1995,1995,7021,Annual value,,1.270000,E
ZWE,1996-01-01,1996-12-31,181,'716,Zimbabwe,15,'0111,Wheat,5539,Producer Price Index (2014-2016 = 100),1996,1996,7021,Annual value,,1.440000,E
ZWE,1997-01-01,1997-12-31,181,'716,Zimbabwe,15,'0111,Wheat,5539,Producer Price Index (2014-2016 = 100),1997,1997,7021,Annual value,,1.190000,E
ZWE,1998-01-01,1998-12-31,181,'716,Zimbabwe,15,'0111,Wheat,5539,Producer Price Index (2014-2016 = 100),1998,1998,7021,Annual value,,2.830000,E
ZWE,1999-01-01,1999-12-31,181,'716,Zimbabwe,15,'0111,Wheat,5539,Producer Price Index (2014-2016 = 100),1999,1999,7021,Annual value,,3.110000,E
ZWE,2000-01-01,2000-12-31,181,'716,Zimbabwe,15,'0111,Wheat,5539,Producer Price Index (2014-2016 = 100),2000,2000,7021,Annual value,,4.810000,E
ZWE,2001-01-01,2001-12-31,181,'716,Zimbabwe,15,'0111,Wheat,5539,Producer Price Index (2014-2016 = 100),2001,2001,7021,Annual value,,14.420000,E
ZWE,2002-01-01,2002-12-31,181,'716,Zimbabwe,15,'0111,Wheat,5539,Producer Price Index (2014-2016 = 100),2002,2002,7021,Annual value,,39.580000,E
ZWE,2003-01-01,2003-12-31,181,'716,Zimbabwe,15,'0111,Wheat,5539,Producer Price Index (2014-2016 = 100),2003,2003,7021,Annual value,,438.910000,E
ZWE,2004-01-01,2004-12-31,181,'716,Zimbabwe,15,'0111,Wheat,5539,Producer Price Index (2014-2016 = 100),2004,2004,7021,Annual value,,989.110000,E
ZWE,2005-01-01,2005-12-31,181,'716,Zimbabwe,15,'0111,Wheat,5539,Producer Price Index (2014-2016 = 100),2005,2005,7021,Annual value,,3913.400000,E
ZWE,2006-01-01,2006-12-31,181,'716,Zimbabwe,15,'0111,Wheat,5539,Producer Price Index (2014-2016 = 100),2006,2006,7021,Annual value,,123212.830000,E
ZWE,2007-01-01,2007-12-31,181,'716,Zimbabwe,15,'0111,Wheat,5539,Producer Price Index (2014-2016 = 100),2007,2007,7021,Annual value,,408938.110000,E
ZWE,2010-01-01,2010-12-31,181,'716,Zimbabwe,15,'0111,Wheat,5539,Producer Price Index (2014-2016 = 100),2010,2010,7021,Annual value,,95.360000,E
ZWE,2011-01-01,2011-12-31,181,'716,Zimbabwe,15,'0111,Wheat,5539,Producer Price Index (2014-2016 = 100),2011,2011,7021,Annual value,,95.360000,E
ZWE,2012-01-01,2012-12-31,181,'716,Zimbabwe,15,'0111,Wheat,5539,Producer Price Index (2014-2016 = 100),2012,2012,7021,Annual value,,91.270000,E
ZWE,2013-01-01,2013-12-31,181,'716,Zimbabwe,15,'0111,Wheat,5539,Producer Price Index (2014-2016 = 100),2013,2013,7021,Annual value,,95.360000,E
ZWE,2014-01-01,2014-12-31,181,'716,Zimbabwe,15,'0111,Wheat,5539,Producer Price Index (2014-2016 = 100),2014,2014,7021,Annual value,,95.360000,E
ZWE,2015-01-01,2015-12-31,181,'716,Zimbabwe,15,'0111,Wheat,5539,Producer Price Index (2014-2016 = 100),2015,2015,7021,Annual value,,102.320000,E
ZWE,2016-01-01,2016-12-31,181,'716,Zimbabwe,15,'0111,Wheat,5539,Producer Price Index (2014-2016 = 100),2016,2016,7021,Annual value,,102.320000,E
ZWE,2017-01-01,2017-12-31,181,'716,Zimbabwe,15,'0111,Wheat,5539,Producer Price Index (2014-2016 = 100),2017,2017,7021,Annual value,,102.320000,E
ZWE,2018-01-01,2018-12-31,181,'716,Zimbabwe,15,'0111,Wheat,5539,Producer Price Index (2014-2016 = 100),2018,2018,7021,Annual value,,127.180000,E
ZWE,1991-01-01,1991-12-31,181,'716,Zimbabwe,2051,'F2051,Agriculture,5539,Producer Price Index (2014-2016 = 100),1991,1991,7021,Annual value,,0.350000,E
ZWE,1992-01-01,1992-12-31,181,'716,Zimbabwe,2051,'F2051,Agriculture,5539,Producer Price Index (2014-2016 = 100),1992,1992,7021,Annual value,,0.360000,E
ZWE,1993-01-01,1993-12-31,181,'716,Zimbabwe,2051,'F2051,Agriculture,5539,Producer Price Index (2014-2016 = 100),1993,1993,7021,Annual value,,0.380000,E
ZWE,1994-01-01,1994-12-31,181,'716,Zimbabwe,2051,'F2051,Agriculture,5539,Producer Price Index (2014-2016 = 100),1994,1994,7021,Annual value,,0.940000,E
ZWE,1995-01-01,1995-12-31,181,'716,Zimbabwe,2051,'F2051,Agriculture,5539,Producer Price Index (2014-2016 = 100),1995,1995,7021,Annual value,,1.090000,E
ZWE,1996-01-01,1996-12-31,181,'716,Zimbabwe,2051,'F2051,Agriculture,5539,Producer Price Index (2014-2016 = 100),1996,1996,7021,Annual value,,1.260000,E
ZWE,1997-01-01,1997-12-31,181,'716,Zimbabwe,2051,'F2051,Agriculture,5539,Producer Price Index (2014-2016 = 100),1997,1997,7021,Annual value,,1.670000,E
ZWE,1998-01-01,1998-12-31,181,'716,Zimbabwe,2051,'F2051,Agriculture,5539,Producer Price Index (2014-2016 = 100),1998,1998,7021,Annual value,,2.240000,E
ZWE,1999-01-01,1999-12-31,181,'716,Zimbabwe,2051,'F2051,Agriculture,5539,Producer Price Index (2014-2016 = 100),1999,1999,7021,Annual value,,3.770000,E
ZWE,2000-01-01,2000-12-31,181,'716,Zimbabwe,2051,'F2051,Agriculture,5539,Producer Price Index (2014-2016 = 100),2000,2000,7021,Annual value,,8.330000,E
ZWE,2001-01-01,2001-12-31,181,'716,Zimbabwe,2051,'F2051,Agriculture,5539,Producer Price Index (2014-2016 = 100),2001,2001,7021,Annual value,,16.610000,E
ZWE,2002-01-01,2002-12-31,181,'716,Zimbabwe,2051,'F2051,Agriculture,5539,Producer Price Index (2014-2016 = 100),2002,2002,7021,Annual value,,20.680000,E
ZWE,2003-01-01,2003-12-31,181,'716,Zimbabwe,2051,'F2051,Agriculture,5539,Producer Price Index (2014-2016 = 100),2003,2003,7021,Annual value,,234.900000,E
ZWE,2004-01-01,2004-12-31,181,'716,Zimbabwe,2051,'F2051,Agriculture,5539,Producer Price Index (2014-2016 = 100),2004,2004,7021,Annual value,,733.560000,E
ZWE,2005-01-01,2005-12-31,181,'716,Zimbabwe,2051,'F2051,Agriculture,5539,Producer Price Index (2014-2016 = 100),2005,2005,7021,Annual value,,2760.010000,E
ZWE,2006-01-01,2006-12-31,181,'716,Zimbabwe,2051,'F2051,Agriculture,5539,Producer Price Index (2014-2016 = 100),2006,2006,7021,Annual value,,57049.630000,E
ZWE,2007-01-01,2007-12-31,181,'716,Zimbabwe,2051,'F2051,Agriculture,5539,Producer Price Index (2014-2016 = 100),2007,2007,7021,Annual value,,173292.740000,E
ZWE,2010-01-01,2010-12-31,181,'716,Zimbabwe,2051,'F2051,Agriculture,5539,Producer Price Index (2014-2016 = 100),2010,2010,7021,Annual value,,17.000000,E
ZWE,2011-01-01,2011-12-31,181,'716,Zimbabwe,2051,'F2051,Agriculture,5539,Producer Price Index (2014-2016 = 100),2011,2011,7021,Annual value,,17.060000,E
ZWE,2012-01-01,2012-12-31,181,'716,Zimbabwe,2051,'F2051,Agriculture,5539,Producer Price Index (2014-2016 = 100),2012,2012,7021,Annual value,,21.110000,E
ZWE,2013-01-01,2013-12-31,181,'716,Zimbabwe,2051,'F2051,Agriculture,5539,Producer Price Index (2014-2016 = 100),2013,2013,7021,Annual value,,6.800000,E
ZWE,2014-01-01,2014-12-31,181,'716,Zimbabwe,2051,'F2051,Agriculture,5539,Producer Price Index (2014-2016 = 100),2014,2014,7021,Annual value,,23.820000,E
ZWE,2015-01-01,2015-12-31,181,'716,Zimbabwe,2051,'F2051,Agriculture,5539,Producer Price Index (2014-2016 = 100),2015,2015,7021,Annual value,,89.610000,E
ZWE,2016-01-01,2016-12-31,181,'716,Zimbabwe,2051,'F2051,Agriculture,5539,Producer Price Index (2014-2016 = 100),2016,2016,7021,Annual value,,101.520000,E
ZWE,2017-01-01,2017-12-31,181,'716,Zimbabwe,2051,'F2051,Agriculture,5539,Producer Price Index (2014-2016 = 100),2017,2017,7021,Annual value,,99.220000,E
ZWE,2018-01-01,2018-12-31,181,'716,Zimbabwe,2051,'F2051,Agriculture,5539,Producer Price Index (2014-2016 = 100),2018,2018,7021,Annual value,,107.110000,E
ZWE,1991-01-01,1991-12-31,181,'716,Zimbabwe,1717,'F1717,"Cereals, primary",5539,Producer Price Index (2014-2016 = 100),1991,1991,7021,Annual value,,0.210000,E
ZWE,1992-01-01,1992-12-31,181,'716,Zimbabwe,1717,'F1717,"Cereals, primary",5539,Producer Price Index (2014-2016 = 100),1992,1992,7021,Annual value,,0.420000,E
ZWE,1993-01-01,1993-12-31,181,'716,Zimbabwe,1717,'F1717,"Cereals, primary",5539,Producer Price Index (2014-2016 = 100),1993,1993,7021,Annual value,,0.670000,E
ZWE,1994-01-01,1994-12-31,181,'716,Zimbabwe,1717,'F1717,"Cereals, primary",5539,Producer Price Index (2014-2016 = 100),1994,1994,7021,Annual value,,0.670000,E
ZWE,1995-01-01,1995-12-31,181,'716,Zimbabwe,1717,'F1717,"Cereals, primary",5539,Producer Price Index (2014-2016 = 100),1995,1995,7021,Annual value,,0.810000,E
ZWE,1996-01-01,1996-12-31,181,'716,Zimbabwe,1717,'F1717,"Cereals, primary",5539,Producer Price Index (2014-2016 = 100),1996,1996,7021,Annual value,,0.930000,E
ZWE,1997-01-01,1997-12-31,181,'716,Zimbabwe,1717,'F1717,"Cereals, primary",5539,Producer Price Index (2014-2016 = 100),1997,1997,7021,Annual value,,0.980000,E
ZWE,1998-01-01,1998-12-31,181,'716,Zimbabwe,1717,'F1717,"Cereals, primary",5539,Producer Price Index (2014-2016 = 100),1998,1998,7021,Annual value,,2.130000,E
ZWE,1999-01-01,1999-12-31,181,'716,Zimbabwe,1717,'F1717,"Cereals, primary",5539,Producer Price Index (2014-2016 = 100),1999,1999,7021,Annual value,,3.140000,E
ZWE,2000-01-01,2000-12-31,181,'716,Zimbabwe,1717,'F1717,"Cereals, primary",5539,Producer Price Index (2014-2016 = 100),2000,2000,7021,Annual value,,4.180000,E
ZWE,2001-01-01,2001-12-31,181,'716,Zimbabwe,1717,'F1717,"Cereals, primary",5539,Producer Price Index (2014-2016 = 100),2001,2001,7021,Annual value,,11.050000,E
ZWE,2002-01-01,2002-12-31,181,'716,Zimbabwe,1717,'F1717,"Cereals, primary",5539,Producer Price Index (2014-2016 = 100),2002,2002,7021,Annual value,,22.970000,E
ZWE,2003-01-01,2003-12-31,181,'716,Zimbabwe,1717,'F1717,"Cereals, primary",5539,Producer Price Index (2014-2016 = 100),2003,2003,7021,Annual value,,246.450000,E
ZWE,2004-01-01,2004-12-31,181,'716,Zimbabwe,1717,'F1717,"Cereals, primary",5539,Producer Price Index (2014-2016 = 100),2004,2004,7021,Annual value,,611.290000,E
ZWE,2005-01-01,2005-12-31,181,'716,Zimbabwe,1717,'F1717,"Cereals, primary",5539,Producer Price Index (2014-2016 = 100),2005,2005,7021,Annual value,,1900.600000,E
ZWE,2006-01-01,2006-12-31,181,'716,Zimbabwe,1717,'F1717,"Cereals, primary",5539,Producer Price Index (2014-2016 = 100),2006,2006,7021,Annual value,,31089.590000,E
ZWE,2007-01-01,2007-12-31,181,'716,Zimbabwe,1717,'F1717,"Cereals, primary",5539,Producer Price Index (2014-2016 = 100),2007,2007,7021,Annual value,,94582.000000,E
ZWE,2010-01-01,2010-12-31,181,'716,Zimbabwe,1717,'F1717,"Cereals, primary",5539,Producer Price Index (2014-2016 = 100),2010,2010,7021,Annual value,,73.110000,E
ZWE,2011-01-01,2011-12-31,181,'716,Zimbabwe,1717,'F1717,"Cereals, primary",5539,Producer Price Index (2014-2016 = 100),2011,2011,7021,Annual value,,80.620000,E
ZWE,2012-01-01,2012-12-31,181,'716,Zimbabwe,1717,'F1717,"Cereals, primary",5539,Producer Price Index (2014-2016 = 100),2012,2012,7021,Annual value,,82.950000,E
ZWE,2013-01-01,2013-12-31,181,'716,Zimbabwe,1717,'F1717,"Cereals, primary",5539,Producer Price Index (2014-2016 = 100),2013,2013,7021,Annual value,,83.230000,E
ZWE,2014-01-01,2014-12-31,181,'716,Zimbabwe,1717,'F1717,"Cereals, primary",5539,Producer Price Index (2014-2016 = 100),2014,2014,7021,Annual value,,87.380000,E
ZWE,2015-01-01,2015-12-31,181,'716,Zimbabwe,1717,'F1717,"Cereals, primary",5539,Producer Price Index (2014-2016 = 100),2015,2015,7021,Annual value,,103.920000,E
ZWE,2016-01-01,2016-12-31,181,'716,Zimbabwe,1717,'F1717,"Cereals, primary",5539,Producer Price Index (2014-2016 = 100),2016,2016,7021,Annual value,,108.690000,E
ZWE,2017-01-01,2017-12-31,181,'716,Zimbabwe,1717,'F1717,"Cereals, primary",5539,Producer Price Index (2014-2016 = 100),2017,2017,7021,Annual value,,108.760000,E
ZWE,2018-01-01,2018-12-31,181,'716,Zimbabwe,1717,'F1717,"Cereals, primary",5539,Producer Price Index (2014-2016 = 100),2018,2018,7021,Annual value,,110.460000,E
ZWE,1991-01-01,1991-12-31,181,'716,Zimbabwe,1804,'F1804,"Citrus Fruit, Total",5539,Producer Price Index (2014-2016 = 100),1991,1991,7021,Annual value,,0.500000,E
ZWE,1992-01-01,1992-12-31,181,'716,Zimbabwe,1804,'F1804,"Citrus Fruit, Total",5539,Producer Price Index (2014-2016 = 100),1992,1992,7021,Annual value,,0.500000,E
ZWE,1993-01-01,1993-12-31,181,'716,Zimbabwe,1804,'F1804,"Citrus Fruit, Total",5539,Producer Price Index (2014-2016 = 100),1993,1993,7021,Annual value,,0.500000,E
ZWE,1994-01-01,1994-12-31,181,'716,Zimbabwe,1804,'F1804,"Citrus Fruit, Total",5539,Producer Price Index (2014-2016 = 100),1994,1994,7021,Annual value,,0.500000,E
ZWE,1995-01-01,1995-12-31,181,'716,Zimbabwe,1804,'F1804,"Citrus Fruit, Total",5539,Producer Price Index (2014-2016 = 100),1995,1995,7021,Annual value,,0.580000,E
ZWE,1996-01-01,1996-12-31,181,'716,Zimbabwe,1804,'F1804,"Citrus Fruit, Total",5539,Producer Price Index (2014-2016 = 100),1996,1996,7021,Annual value,,0.670000,E
ZWE,1997-01-01,1997-12-31,181,'716,Zimbabwe,1804,'F1804,"Citrus Fruit, Total",5539,Producer Price Index (2014-2016 = 100),1997,1997,7021,Annual value,,0.670000,E
ZWE,1998-01-01,1998-12-31,181,'716,Zimbabwe,1804,'F1804,"Citrus Fruit, Total",5539,Producer Price Index (2014-2016 = 100),1998,1998,7021,Annual value,,1.610000,E
ZWE,1999-01-01,1999-12-31,181,'716,Zimbabwe,1804,'F1804,"Citrus Fruit, Total",5539,Producer Price Index (2014-2016 = 100),1999,1999,7021,Annual value,,2.330000,E
ZWE,2000-01-01,2000-12-31,181,'716,Zimbabwe,1804,'F1804,"Citrus Fruit, Total",5539,Producer Price Index (2014-2016 = 100),2000,2000,7021,Annual value,,4.160000,E
ZWE,2001-01-01,2001-12-31,181,'716,Zimbabwe,1804,'F1804,"Citrus Fruit, Total",5539,Producer Price Index (2014-2016 = 100),2001,2001,7021,Annual value,,14.430000,E
ZWE,2002-01-01,2002-12-31,181,'716,Zimbabwe,1804,'F1804,"Citrus Fruit, Total",5539,Producer Price Index (2014-2016 = 100),2002,2002,7021,Annual value,,21.940000,E
ZWE,2003-01-01,2003-12-31,181,'716,Zimbabwe,1804,'F1804,"Citrus Fruit, Total",5539,Producer Price Index (2014-2016 = 100),2003,2003,7021,Annual value,,140.930000,E
ZWE,2004-01-01,2004-12-31,181,'716,Zimbabwe,1804,'F1804,"Citrus Fruit, Total",5539,Producer Price Index (2014-2016 = 100),2004,2004,7021,Annual value,,585.240000,E
ZWE,2005-01-01,2005-12-31,181,'716,Zimbabwe,1804,'F1804,"Citrus Fruit, Total",5539,Producer Price Index (2014-2016 = 100),2005,2005,7021,Annual value,,1793.980000,E
ZWE,2006-01-01,2006-12-31,181,'716,Zimbabwe,1804,'F1804,"Citrus Fruit, Total",5539,Producer Price Index (2014-2016 = 100),2006,2006,7021,Annual value,,24978.220000,E
ZWE,2007-01-01,2007-12-31,181,'716,Zimbabwe,1804,'F1804,"Citrus Fruit, Total",5539,Producer Price Index (2014-2016 = 100),2007,2007,7021,Annual value,,75506.170000,E
ZWE,2015-01-01,2015-12-31,181,'716,Zimbabwe,1804,'F1804,"Citrus Fruit, Total",5539,Producer Price Index (2014-2016 = 100),2015,2015,7021,Annual value,,95.780000,E
ZWE,2016-01-01,2016-12-31,181,'716,Zimbabwe,1804,'F1804,"Citrus Fruit, Total",5539,Producer Price Index (2014-2016 = 100),2016,2016,7021,Annual value,,104.220000,E
ZWE,2017-01-01,2017-12-31,181,'716,Zimbabwe,1804,'F1804,"Citrus Fruit, Total",5539,Producer Price Index (2014-2016 = 100),2017,2017,7021,Annual value,,117.470000,E
ZWE,2018-01-01,2018-12-31,181,'716,Zimbabwe,1804,'F1804,"Citrus Fruit, Total",5539,Producer Price Index (2014-2016 = 100),2018,2018,7021,Annual value,,129.010000,E
ZWE,1991-01-01,1991-12-31,181,'716,Zimbabwe,1814,'F1814,"Coarse Grain, Total",5539,Producer Price Index (2014-2016 = 100),1991,1991,7021,Annual value,,0.210000,E
ZWE,1992-01-01,1992-12-31,181,'716,Zimbabwe,1814,'F1814,"Coarse Grain, Total",5539,Producer Price Index (2014-2016 = 100),1992,1992,7021,Annual value,,0.410000,E
ZWE,1993-01-01,1993-12-31,181,'716,Zimbabwe,1814,'F1814,"Coarse Grain, Total",5539,Producer Price Index (2014-2016 = 100),1993,1993,7021,Annual value,,0.660000,E
ZWE,1994-01-01,1994-12-31,181,'716,Zimbabwe,1814,'F1814,"Coarse Grain, Total",5539,Producer Price Index (2014-2016 = 100),1994,1994,7021,Annual value,,0.660000,E
ZWE,1995-01-01,1995-12-31,181,'716,Zimbabwe,1814,'F1814,"Coarse Grain, Total",5539,Producer Price Index (2014-2016 = 100),1995,1995,7021,Annual value,,0.770000,E
ZWE,1996-01-01,1996-12-31,181,'716,Zimbabwe,1814,'F1814,"Coarse Grain, Total",5539,Producer Price Index (2014-2016 = 100),1996,1996,7021,Annual value,,0.900000,E
ZWE,1997-01-01,1997-12-31,181,'716,Zimbabwe,1814,'F1814,"Coarse Grain, Total",5539,Producer Price Index (2014-2016 = 100),1997,1997,7021,Annual value,,0.970000,E
ZWE,1998-01-01,1998-12-31,181,'716,Zimbabwe,1814,'F1814,"Coarse Grain, Total",5539,Producer Price Index (2014-2016 = 100),1998,1998,7021,Annual value,,2.070000,E
ZWE,1999-01-01,1999-12-31,181,'716,Zimbabwe,1814,'F1814,"Coarse Grain, Total",5539,Producer Price Index (2014-2016 = 100),1999,1999,7021,Annual value,,3.140000,E
ZWE,2000-01-01,2000-12-31,181,'716,Zimbabwe,1814,'F1814,"Coarse Grain, Total",5539,Producer Price Index (2014-2016 = 100),2000,2000,7021,Annual value,,4.130000,E
ZWE,2001-01-01,2001-12-31,181,'716,Zimbabwe,1814,'F1814,"Coarse Grain, Total",5539,Producer Price Index (2014-2016 = 100),2001,2001,7021,Annual value,,10.810000,E
ZWE,2002-01-01,2002-12-31,181,'716,Zimbabwe,1814,'F1814,"Coarse Grain, Total",5539,Producer Price Index (2014-2016 = 100),2002,2002,7021,Annual value,,21.770000,E
ZWE,2003-01-01,2003-12-31,181,'716,Zimbabwe,1814,'F1814,"Coarse Grain, Total",5539,Producer Price Index (2014-2016 = 100),2003,2003,7021,Annual value,,232.550000,E
ZWE,2004-01-01,2004-12-31,181,'716,Zimbabwe,1814,'F1814,"Coarse Grain, Total",5539,Producer Price Index (2014-2016 = 100),2004,2004,7021,Annual value,,584.000000,E
ZWE,2005-01-01,2005-12-31,181,'716,Zimbabwe,1814,'F1814,"Coarse Grain, Total",5539,Producer Price Index (2014-2016 = 100),2005,2005,7021,Annual value,,1755.230000,E
ZWE,2006-01-01,2006-12-31,181,'716,Zimbabwe,1814,'F1814,"Coarse Grain, Total",5539,Producer Price Index (2014-2016 = 100),2006,2006,7021,Annual value,,24436.170000,E
ZWE,2007-01-01,2007-12-31,181,'716,Zimbabwe,1814,'F1814,"Coarse Grain, Total",5539,Producer Price Index (2014-2016 = 100),2007,2007,7021,Annual value,,71878.280000,E
ZWE,2010-01-01,2010-12-31,181,'716,Zimbabwe,1814,'F1814,"Coarse Grain, Total",5539,Producer Price Index (2014-2016 = 100),2010,2010,7021,Annual value,,71.500000,E
ZWE,2011-01-01,2011-12-31,181,'716,Zimbabwe,1814,'F1814,"Coarse Grain, Total",5539,Producer Price Index (2014-2016 = 100),2011,2011,7021,Annual value,,79.560000,E
ZWE,2012-01-01,2012-12-31,181,'716,Zimbabwe,1814,'F1814,"Coarse Grain, Total",5539,Producer Price Index (2014-2016 = 100),2012,2012,7021,Annual value,,82.350000,E
ZWE,2013-01-01,2013-12-31,181,'716,Zimbabwe,1814,'F1814,"Coarse Grain, Total",5539,Producer Price Index (2014-2016 = 100),2013,2013,7021,Annual value,,82.350000,E
ZWE,2014-01-01,2014-12-31,181,'716,Zimbabwe,1814,'F1814,"Coarse Grain, Total",5539,Producer Price Index (2014-2016 = 100),2014,2014,7021,Annual value,,86.810000,E
ZWE,2015-01-01,2015-12-31,181,'716,Zimbabwe,1814,'F1814,"Coarse Grain, Total",5539,Producer Price Index (2014-2016 = 100),2015,2015,7021,Annual value,,104.040000,E
ZWE,2016-01-01,2016-12-31,181,'716,Zimbabwe,1814,'F1814,"Coarse Grain, Total",5539,Producer Price Index (2014-2016 = 100),2016,2016,7021,Annual value,,109.150000,E
ZWE,2017-01-01,2017-12-31,181,'716,Zimbabwe,1814,'F1814,"Coarse Grain, Total",5539,Producer Price Index (2014-2016 = 100),2017,2017,7021,Annual value,,109.220000,E
ZWE,2018-01-01,2018-12-31,181,'716,Zimbabwe,1814,'F1814,"Coarse Grain, Total",5539,Producer Price Index (2014-2016 = 100),2018,2018,7021,Annual value,,109.250000,E
ZWE,1991-01-01,1991-12-31,181,'716,Zimbabwe,1753,'F1753,Fibre Crops Primary,5539,Producer Price Index (2014-2016 = 100),1991,1991,7021,Annual value,,1.230000,E
ZWE,1992-01-01,1992-12-31,181,'716,Zimbabwe,1753,'F1753,Fibre Crops Primary,5539,Producer Price Index (2014-2016 = 100),1992,1992,7021,Annual value,,1.020000,E
ZWE,1993-01-01,1993-12-31,181,'716,Zimbabwe,1753,'F1753,Fibre Crops Primary,5539,Producer Price Index (2014-2016 = 100),1993,1993,7021,Annual value,,1.980000,E
ZWE,1994-01-01,1994-12-31,181,'716,Zimbabwe,1753,'F1753,Fibre Crops Primary,5539,Producer Price Index (2014-2016 = 100),1994,1994,7021,Annual value,,2.230000,E
ZWE,1995-01-01,1995-12-31,181,'716,Zimbabwe,1753,'F1753,Fibre Crops Primary,5539,Producer Price Index (2014-2016 = 100),1995,1995,7021,Annual value,,4.100000,E
ZWE,1996-01-01,1996-12-31,181,'716,Zimbabwe,1753,'F1753,Fibre Crops Primary,5539,Producer Price Index (2014-2016 = 100),1996,1996,7021,Annual value,,4.470000,E
ZWE,1997-01-01,1997-12-31,181,'716,Zimbabwe,1753,'F1753,Fibre Crops Primary,5539,Producer Price Index (2014-2016 = 100),1997,1997,7021,Annual value,,4.350000,E
ZWE,1998-01-01,1998-12-31,181,'716,Zimbabwe,1753,'F1753,Fibre Crops Primary,5539,Producer Price Index (2014-2016 = 100),1998,1998,7021,Annual value,,4.110000,E
ZWE,1999-01-01,1999-12-31,181,'716,Zimbabwe,1753,'F1753,Fibre Crops Primary,5539,Producer Price Index (2014-2016 = 100),1999,1999,7021,Annual value,,6.590000,E
ZWE,2000-01-01,2000-12-31,181,'716,Zimbabwe,1753,'F1753,Fibre Crops Primary,5539,Producer Price Index (2014-2016 = 100),2000,2000,7021,Annual value,,11.960000,E
ZWE,2001-01-01,2001-12-31,181,'716,Zimbabwe,1753,'F1753,Fibre Crops Primary,5539,Producer Price Index (2014-2016 = 100),2001,2001,7021,Annual value,,13.700000,E
ZWE,2002-01-01,2002-12-31,181,'716,Zimbabwe,1753,'F1753,Fibre Crops Primary,5539,Producer Price Index (2014-2016 = 100),2002,2002,7021,Annual value,,17.030000,E
ZWE,2003-01-01,2003-12-31,181,'716,Zimbabwe,1753,'F1753,Fibre Crops Primary,5539,Producer Price Index (2014-2016 = 100),2003,2003,7021,Annual value,,42.390000,E
ZWE,2004-01-01,2004-12-31,181,'716,Zimbabwe,1753,'F1753,Fibre Crops Primary,5539,Producer Price Index (2014-2016 = 100),2004,2004,7021,Annual value,,131.560000,E
ZWE,2005-01-01,2005-12-31,181,'716,Zimbabwe,1753,'F1753,Fibre Crops Primary,5539,Producer Price Index (2014-2016 = 100),2005,2005,7021,Annual value,,130.320000,E
ZWE,2006-01-01,2006-12-31,181,'716,Zimbabwe,1753,'F1753,Fibre Crops Primary,5539,Producer Price Index (2014-2016 = 100),2006,2006,7021,Annual value,,144.000000,E
ZWE,2007-01-01,2007-12-31,181,'716,Zimbabwe,1753,'F1753,Fibre Crops Primary,5539,Producer Price Index (2014-2016 = 100),2007,2007,7021,Annual value,,165.920000,E
ZWE,2015-01-01,2015-12-31,181,'716,Zimbabwe,1753,'F1753,Fibre Crops Primary,5539,Producer Price Index (2014-2016 = 100),2015,2015,7021,Annual value,,93.150000,E
ZWE,2016-01-01,2016-12-31,181,'716,Zimbabwe,1753,'F1753,Fibre Crops Primary,5539,Producer Price Index (2014-2016 = 100),2016,2016,7021,Annual value,,106.850000,E
ZWE,2017-01-01,2017-12-31,181,'716,Zimbabwe,1753,'F1753,Fibre Crops Primary,5539,Producer Price Index (2014-2016 = 100),2017,2017,7021,Annual value,,128.770000,E
ZWE,2018-01-01,2018-12-31,181,'716,Zimbabwe,1753,'F1753,Fibre Crops Primary,5539,Producer Price Index (2014-2016 = 100),2018,2018,7021,Annual value,,145.210000,E
ZWE,1991-01-01,1991-12-31,181,'716,Zimbabwe,1801,'F1801,"Fruit excl Melons, Total",5539,Producer Price Index (2014-2016 = 100),1991,1991,7021,Annual value,,0.520000,E
ZWE,1992-01-01,1992-12-31,181,'716,Zimbabwe,1801,'F1801,"Fruit excl Melons, Total",5539,Producer Price Index (2014-2016 = 100),1992,1992,7021,Annual value,,0.520000,E
ZWE,1993-01-01,1993-12-31,181,'716,Zimbabwe,1801,'F1801,"Fruit excl Melons, Total",5539,Producer Price Index (2014-2016 = 100),1993,1993,7021,Annual value,,0.560000,E
ZWE,1994-01-01,1994-12-31,181,'716,Zimbabwe,1801,'F1801,"Fruit excl Melons, Total",5539,Producer Price Index (2014-2016 = 100),1994,1994,7021,Annual value,,0.570000,E
ZWE,1995-01-01,1995-12-31,181,'716,Zimbabwe,1801,'F1801,"Fruit excl Melons, Total",5539,Producer Price Index (2014-2016 = 100),1995,1995,7021,Annual value,,0.660000,E
ZWE,1996-01-01,1996-12-31,181,'716,Zimbabwe,1801,'F1801,"Fruit excl Melons, Total",5539,Producer Price Index (2014-2016 = 100),1996,1996,7021,Annual value,,0.760000,E
ZWE,1997-01-01,1997-12-31,181,'716,Zimbabwe,1801,'F1801,"Fruit excl Melons, Total",5539,Producer Price Index (2014-2016 = 100),1997,1997,7021,Annual value,,0.760000,E
ZWE,1998-01-01,1998-12-31,181,'716,Zimbabwe,1801,'F1801,"Fruit excl Melons, Total",5539,Producer Price Index (2014-2016 = 100),1998,1998,7021,Annual value,,1.820000,E
ZWE,1999-01-01,1999-12-31,181,'716,Zimbabwe,1801,'F1801,"Fruit excl Melons, Total",5539,Producer Price Index (2014-2016 = 100),1999,1999,7021,Annual value,,2.640000,E
ZWE,2000-01-01,2000-12-31,181,'716,Zimbabwe,1801,'F1801,"Fruit excl Melons, Total",5539,Producer Price Index (2014-2016 = 100),2000,2000,7021,Annual value,,4.210000,E
ZWE,2001-01-01,2001-12-31,181,'716,Zimbabwe,1801,'F1801,"Fruit excl Melons, Total",5539,Producer Price Index (2014-2016 = 100),2001,2001,7021,Annual value,,12.560000,E
ZWE,2002-01-01,2002-12-31,181,'716,Zimbabwe,1801,'F1801,"Fruit excl Melons, Total",5539,Producer Price Index (2014-2016 = 100),2002,2002,7021,Annual value,,18.960000,E
ZWE,2003-01-01,2003-12-31,181,'716,Zimbabwe,1801,'F1801,"Fruit excl Melons, Total",5539,Producer Price Index (2014-2016 = 100),2003,2003,7021,Annual value,,168.830000,E
ZWE,2004-01-01,2004-12-31,181,'716,Zimbabwe,1801,'F1801,"Fruit excl Melons, Total",5539,Producer Price Index (2014-2016 = 100),2004,2004,7021,Annual value,,790.660000,E
ZWE,2005-01-01,2005-12-31,181,'716,Zimbabwe,1801,'F1801,"Fruit excl Melons, Total",5539,Producer Price Index (2014-2016 = 100),2005,2005,7021,Annual value,,2956.250000,E
ZWE,2006-01-01,2006-12-31,181,'716,Zimbabwe,1801,'F1801,"Fruit excl Melons, Total",5539,Producer Price Index (2014-2016 = 100),2006,2006,7021,Annual value,,41160.830000,E
ZWE,2007-01-01,2007-12-31,181,'716,Zimbabwe,1801,'F1801,"Fruit excl Melons, Total",5539,Producer Price Index (2014-2016 = 100),2007,2007,7021,Annual value,,131352.570000,E
ZWE,2015-01-01,2015-12-31,181,'716,Zimbabwe,1801,'F1801,"Fruit excl Melons, Total",5539,Producer Price Index (2014-2016 = 100),2015,2015,7021,Annual value,,97.520000,E
ZWE,2016-01-01,2016-12-31,181,'716,Zimbabwe,1801,'F1801,"Fruit excl Melons, Total",5539,Producer Price Index (2014-2016 = 100),2016,2016,7021,Annual value,,102.480000,E
ZWE,2017-01-01,2017-12-31,181,'716,Zimbabwe,1801,'F1801,"Fruit excl Melons, Total",5539,Producer Price Index (2014-2016 = 100),2017,2017,7021,Annual value,,129.710000,E
ZWE,2018-01-01,2018-12-31,181,'716,Zimbabwe,1801,'F1801,"Fruit excl Melons, Total",5539,Producer Price Index (2014-2016 = 100),2018,2018,7021,Annual value,,142.450000,E
ZWE,1991-01-01,1991-12-31,181,'716,Zimbabwe,1738,'F1738,Fruit Primary,5539,Producer Price Index (2014-2016 = 100),1991,1991,7021,Annual value,,0.520000,E
ZWE,1992-01-01,1992-12-31,181,'716,Zimbabwe,1738,'F1738,Fruit Primary,5539,Producer Price Index (2014-2016 = 100),1992,1992,7021,Annual value,,0.520000,E
ZWE,1993-01-01,1993-12-31,181,'716,Zimbabwe,1738,'F1738,Fruit Primary,5539,Producer Price Index (2014-2016 = 100),1993,1993,7021,Annual value,,0.560000,E
ZWE,1994-01-01,1994-12-31,181,'716,Zimbabwe,1738,'F1738,Fruit Primary,5539,Producer Price Index (2014-2016 = 100),1994,1994,7021,Annual value,,0.570000,E
ZWE,1995-01-01,1995-12-31,181,'716,Zimbabwe,1738,'F1738,Fruit Primary,5539,Producer Price Index (2014-2016 = 100),1995,1995,7021,Annual value,,0.660000,E
ZWE,1996-01-01,1996-12-31,181,'716,Zimbabwe,1738,'F1738,Fruit Primary,5539,Producer Price Index (2014-2016 = 100),1996,1996,7021,Annual value,,0.760000,E
ZWE,1997-01-01,1997-12-31,181,'716,Zimbabwe,1738,'F1738,Fruit Primary,5539,Producer Price Index (2014-2016 = 100),1997,1997,7021,Annual value,,0.760000,E
ZWE,1998-01-01,1998-12-31,181,'716,Zimbabwe,1738,'F1738,Fruit Primary,5539,Producer Price Index (2014-2016 = 100),1998,1998,7021,Annual value,,1.820000,E
ZWE,1999-01-01,1999-12-31,181,'716,Zimbabwe,1738,'F1738,Fruit Primary,5539,Producer Price Index (2014-2016 = 100),1999,1999,7021,Annual value,,2.640000,E
ZWE,2000-01-01,2000-12-31,181,'716,Zimbabwe,1738,'F1738,Fruit Primary,5539,Producer Price Index (2014-2016 = 100),2000,2000,7021,Annual value,,4.210000,E
ZWE,2001-01-01,2001-12-31,181,'716,Zimbabwe,1738,'F1738,Fruit Primary,5539,Producer Price Index (2014-2016 = 100),2001,2001,7021,Annual value,,12.560000,E
ZWE,2002-01-01,2002-12-31,181,'716,Zimbabwe,1738,'F1738,Fruit Primary,5539,Producer Price Index (2014-2016 = 100),2002,2002,7021,Annual value,,18.950000,E
ZWE,2003-01-01,2003-12-31,181,'716,Zimbabwe,1738,'F1738,Fruit Primary,5539,Producer Price Index (2014-2016 = 100),2003,2003,7021,Annual value,,168.700000,E
ZWE,2004-01-01,2004-12-31,181,'716,Zimbabwe,1738,'F1738,Fruit Primary,5539,Producer Price Index (2014-2016 = 100),2004,2004,7021,Annual value,,790.020000,E
ZWE,2005-01-01,2005-12-31,181,'716,Zimbabwe,1738,'F1738,Fruit Primary,5539,Producer Price Index (2014-2016 = 100),2005,2005,7021,Annual value,,2953.540000,E
ZWE,2006-01-01,2006-12-31,181,'716,Zimbabwe,1738,'F1738,Fruit Primary,5539,Producer Price Index (2014-2016 = 100),2006,2006,7021,Annual value,,41123.170000,E
ZWE,2007-01-01,2007-12-31,181,'716,Zimbabwe,1738,'F1738,Fruit Primary,5539,Producer Price Index (2014-2016 = 100),2007,2007,7021,Annual value,,131229.450000,E
ZWE,2015-01-01,2015-12-31,181,'716,Zimbabwe,1738,'F1738,Fruit Primary,5539,Producer Price Index (2014-2016 = 100),2015,2015,7021,Annual value,,97.540000,E
ZWE,2016-01-01,2016-12-31,181,'716,Zimbabwe,1738,'F1738,Fruit Primary,5539,Producer Price Index (2014-2016 = 100),2016,2016,7021,Annual value,,102.460000,E
ZWE,2017-01-01,2017-12-31,181,'716,Zimbabwe,1738,'F1738,Fruit Primary,5539,Producer Price Index (2014-2016 = 100),2017,2017,7021,Annual value,,129.700000,E
ZWE,2018-01-01,2018-12-31,181,'716,Zimbabwe,1738,'F1738,Fruit Primary,5539,Producer Price Index (2014-2016 = 100),2018,2018,7021,Annual value,,142.440000,E
ZWE,1991-01-01,1991-12-31,181,'716,Zimbabwe,2044,'F2044,Livestock,5539,Producer Price Index (2014-2016 = 100),1991,1991,7021,Annual value,,0.330000,E
ZWE,1992-01-01,1992-12-31,181,'716,Zimbabwe,2044,'F2044,Livestock,5539,Producer Price Index (2014-2016 = 100),1992,1992,7021,Annual value,,0.440000,E
ZWE,1993-01-01,1993-12-31,181,'716,Zimbabwe,2044,'F2044,Livestock,5539,Producer Price Index (2014-2016 = 100),1993,1993,7021,Annual value,,0.710000,E
ZWE,1994-01-01,1994-12-31,181,'716,Zimbabwe,2044,'F2044,Livestock,5539,Producer Price Index (2014-2016 = 100),1994,1994,7021,Annual value,,0.910000,E
ZWE,1995-01-01,1995-12-31,181,'716,Zimbabwe,2044,'F2044,Livestock,5539,Producer Price Index (2014-2016 = 100),1995,1995,7021,Annual value,,1.090000,E
ZWE,1996-01-01,1996-12-31,181,'716,Zimbabwe,2044,'F2044,Livestock,5539,Producer Price Index (2014-2016 = 100),1996,1996,7021,Annual value,,1.360000,E
ZWE,1997-01-01,1997-12-31,181,'716,Zimbabwe,2044,'F2044,Livestock,5539,Producer Price Index (2014-2016 = 100),1997,1997,7021,Annual value,,1.570000,E
ZWE,1998-01-01,1998-12-31,181,'716,Zimbabwe,2044,'F2044,Livestock,5539,Producer Price Index (2014-2016 = 100),1998,1998,7021,Annual value,,2.310000,E
ZWE,1999-01-01,1999-12-31,181,'716,Zimbabwe,2044,'F2044,Livestock,5539,Producer Price Index (2014-2016 = 100),1999,1999,7021,Annual value,,3.790000,E
ZWE,2000-01-01,2000-12-31,181,'716,Zimbabwe,2044,'F2044,Livestock,5539,Producer Price Index (2014-2016 = 100),2000,2000,7021,Annual value,,7.010000,E
ZWE,2001-01-01,2001-12-31,181,'716,Zimbabwe,2044,'F2044,Livestock,5539,Producer Price Index (2014-2016 = 100),2001,2001,7021,Annual value,,11.730000,E
ZWE,2002-01-01,2002-12-31,181,'716,Zimbabwe,2044,'F2044,Livestock,5539,Producer Price Index (2014-2016 = 100),2002,2002,7021,Annual value,,33.310000,E
ZWE,2003-01-01,2003-12-31,181,'716,Zimbabwe,2044,'F2044,Livestock,5539,Producer Price Index (2014-2016 = 100),2003,2003,7021,Annual value,,300.880000,E
ZWE,2004-01-01,2004-12-31,181,'716,Zimbabwe,2044,'F2044,Livestock,5539,Producer Price Index (2014-2016 = 100),2004,2004,7021,Annual value,,1166.900000,E
ZWE,2005-01-01,2005-12-31,181,'716,Zimbabwe,2044,'F2044,Livestock,5539,Producer Price Index (2014-2016 = 100),2005,2005,7021,Annual value,,4271.000000,E
ZWE,2006-01-01,2006-12-31,181,'716,Zimbabwe,2044,'F2044,Livestock,5539,Producer Price Index (2014-2016 = 100),2006,2006,7021,Annual value,,11731.650000,E
ZWE,2007-01-01,2007-12-31,181,'716,Zimbabwe,2044,'F2044,Livestock,5539,Producer Price Index (2014-2016 = 100),2007,2007,7021,Annual value,,33661.700000,E
ZWE,2014-01-01,2014-12-31,181,'716,Zimbabwe,2044,'F2044,Livestock,5539,Producer Price Index (2014-2016 = 100),2014,2014,7021,Annual value,,100.000000,E
ZWE,1991-01-01,1991-12-31,181,'716,Zimbabwe,1780,'F1780,"Milk, Total",5539,Producer Price Index (2014-2016 = 100),1991,1991,7021,Annual value,,0.330000,E
ZWE,1992-01-01,1992-12-31,181,'716,Zimbabwe,1780,'F1780,"Milk, Total",5539,Producer Price Index (2014-2016 = 100),1992,1992,7021,Annual value,,0.440000,E
ZWE,1993-01-01,1993-12-31,181,'716,Zimbabwe,1780,'F1780,"Milk, Total",5539,Producer Price Index (2014-2016 = 100),1993,1993,7021,Annual value,,0.710000,E
ZWE,1994-01-01,1994-12-31,181,'716,Zimbabwe,1780,'F1780,"Milk, Total",5539,Producer Price Index (2014-2016 = 100),1994,1994,7021,Annual value,,0.910000,E
ZWE,1995-01-01,1995-12-31,181,'716,Zimbabwe,1780,'F1780,"Milk, Total",5539,Producer Price Index (2014-2016 = 100),1995,1995,7021,Annual value,,1.090000,E
ZWE,1996-01-01,1996-12-31,181,'716,Zimbabwe,1780,'F1780,"Milk, Total",5539,Producer Price Index (2014-2016 = 100),1996,1996,7021,Annual value,,1.360000,E
ZWE,1997-01-01,1997-12-31,181,'716,Zimbabwe,1780,'F1780,"Milk, Total",5539,Producer Price Index (2014-2016 = 100),1997,1997,7021,Annual value,,1.570000,E
ZWE,1998-01-01,1998-12-31,181,'716,Zimbabwe,1780,'F1780,"Milk, Total",5539,Producer Price Index (2014-2016 = 100),1998,1998,7021,Annual value,,2.310000,E
ZWE,1999-01-01,1999-12-31,181,'716,Zimbabwe,1780,'F1780,"Milk, Total",5539,Producer Price Index (2014-2016 = 100),1999,1999,7021,Annual value,,3.790000,E
ZWE,2000-01-01,2000-12-31,181,'716,Zimbabwe,1780,'F1780,"Milk, Total",5539,Producer Price Index (2014-2016 = 100),2000,2000,7021,Annual value,,7.010000,E
ZWE,2001-01-01,2001-12-31,181,'716,Zimbabwe,1780,'F1780,"Milk, Total",5539,Producer Price Index (2014-2016 = 100),2001,2001,7021,Annual value,,11.730000,E
ZWE,2002-01-01,2002-12-31,181,'716,Zimbabwe,1780,'F1780,"Milk, Total",5539,Producer Price Index (2014-2016 = 100),2002,2002,7021,Annual value,,33.310000,E
ZWE,2003-01-01,2003-12-31,181,'716,Zimbabwe,1780,'F1780,"Milk, Total",5539,Producer Price Index (2014-2016 = 100),2003,2003,7021,Annual value,,300.880000,E
ZWE,2004-01-01,2004-12-31,181,'716,Zimbabwe,1780,'F1780,"Milk, Total",5539,Producer Price Index (2014-2016 = 100),2004,2004,7021,Annual value,,1166.900000,E
ZWE,2005-01-01,2005-12-31,181,'716,Zimbabwe,1780,'F1780,"Milk, Total",5539,Producer Price Index (2014-2016 = 100),2005,2005,7021,Annual value,,4271.000000,E
ZWE,2006-01-01,2006-12-31,181,'716,Zimbabwe,1780,'F1780,"Milk, Total",5539,Producer Price Index (2014-2016 = 100),2006,2006,7021,Annual value,,11731.650000,E
ZWE,2007-01-01,2007-12-31,181,'716,Zimbabwe,1780,'F1780,"Milk, Total",5539,Producer Price Index (2014-2016 = 100),2007,2007,7021,Annual value,,33661.700000,E
ZWE,2014-01-01,2014-12-31,181,'716,Zimbabwe,1780,'F1780,"Milk, Total",5539,Producer Price Index (2014-2016 = 100),2014,2014,7021,Annual value,,100.000000,E
ZWE,1991-01-01,1991-12-31,181,'716,Zimbabwe,1732,'F1732,"Oilcrops, Oil Equivalent",5539,Producer Price Index (2014-2016 = 100),1991,1991,7021,Annual value,,0.580000,E
ZWE,1992-01-01,1992-12-31,181,'716,Zimbabwe,1732,'F1732,"Oilcrops, Oil Equivalent",5539,Producer Price Index (2014-2016 = 100),1992,1992,7021,Annual value,,0.650000,E
ZWE,1993-01-01,1993-12-31,181,'716,Zimbabwe,1732,'F1732,"Oilcrops, Oil Equivalent",5539,Producer Price Index (2014-2016 = 100),1993,1993,7021,Annual value,,1.030000,E
ZWE,1994-01-01,1994-12-31,181,'716,Zimbabwe,1732,'F1732,"Oilcrops, Oil Equivalent",5539,Producer Price Index (2014-2016 = 100),1994,1994,7021,Annual value,,1.190000,E
ZWE,1995-01-01,1995-12-31,181,'716,Zimbabwe,1732,'F1732,"Oilcrops, Oil Equivalent",5539,Producer Price Index (2014-2016 = 100),1995,1995,7021,Annual value,,2.020000,E
ZWE,1996-01-01,1996-12-31,181,'716,Zimbabwe,1732,'F1732,"Oilcrops, Oil Equivalent",5539,Producer Price Index (2014-2016 = 100),1996,1996,7021,Annual value,,2.070000,E
ZWE,1997-01-01,1997-12-31,181,'716,Zimbabwe,1732,'F1732,"Oilcrops, Oil Equivalent",5539,Producer Price Index (2014-2016 = 100),1997,1997,7021,Annual value,,2.980000,E
ZWE,1998-01-01,1998-12-31,181,'716,Zimbabwe,1732,'F1732,"Oilcrops, Oil Equivalent",5539,Producer Price Index (2014-2016 = 100),1998,1998,7021,Annual value,,2.530000,E
ZWE,1999-01-01,1999-12-31,181,'716,Zimbabwe,1732,'F1732,"Oilcrops, Oil Equivalent",5539,Producer Price Index (2014-2016 = 100),1999,1999,7021,Annual value,,5.020000,E
ZWE,2000-01-01,2000-12-31,181,'716,Zimbabwe,1732,'F1732,"Oilcrops, Oil Equivalent",5539,Producer Price Index (2014-2016 = 100),2000,2000,7021,Annual value,,7.900000,E
ZWE,2001-01-01,2001-12-31,181,'716,Zimbabwe,1732,'F1732,"Oilcrops, Oil Equivalent",5539,Producer Price Index (2014-2016 = 100),2001,2001,7021,Annual value,,11.410000,E
ZWE,2002-01-01,2002-12-31,181,'716,Zimbabwe,1732,'F1732,"Oilcrops, Oil Equivalent",5539,Producer Price Index (2014-2016 = 100),2002,2002,7021,Annual value,,27.960000,E
ZWE,2003-01-01,2003-12-31,181,'716,Zimbabwe,1732,'F1732,"Oilcrops, Oil Equivalent",5539,Producer Price Index (2014-2016 = 100),2003,2003,7021,Annual value,,317.870000,E
ZWE,2004-01-01,2004-12-31,181,'716,Zimbabwe,1732,'F1732,"Oilcrops, Oil Equivalent",5539,Producer Price Index (2014-2016 = 100),2004,2004,7021,Annual value,,1338.790000,E
ZWE,2005-01-01,2005-12-31,181,'716,Zimbabwe,1732,'F1732,"Oilcrops, Oil Equivalent",5539,Producer Price Index (2014-2016 = 100),2005,2005,7021,Annual value,,6708.290000,E
ZWE,2006-01-01,2006-12-31,181,'716,Zimbabwe,1732,'F1732,"Oilcrops, Oil Equivalent",5539,Producer Price Index (2014-2016 = 100),2006,2006,7021,Annual value,,94309.920000,E
ZWE,2007-01-01,2007-12-31,181,'716,Zimbabwe,1732,'F1732,"Oilcrops, Oil Equivalent",5539,Producer Price Index (2014-2016 = 100),2007,2007,7021,Annual value,,324779.690000,E
ZWE,2010-01-01,2010-12-31,181,'716,Zimbabwe,1732,'F1732,"Oilcrops, Oil Equivalent",5539,Producer Price Index (2014-2016 = 100),2010,2010,7021,Annual value,,44.820000,E
ZWE,2011-01-01,2011-12-31,181,'716,Zimbabwe,1732,'F1732,"Oilcrops, Oil Equivalent",5539,Producer Price Index (2014-2016 = 100),2011,2011,7021,Annual value,,61.440000,E
ZWE,2012-01-01,2012-12-31,181,'716,Zimbabwe,1732,'F1732,"Oilcrops, Oil Equivalent",5539,Producer Price Index (2014-2016 = 100),2012,2012,7021,Annual value,,76.690000,E
ZWE,2013-01-01,2013-12-31,181,'716,Zimbabwe,1732,'F1732,"Oilcrops, Oil Equivalent",5539,Producer Price Index (2014-2016 = 100),2013,2013,7021,Annual value,,76.690000,E
ZWE,2014-01-01,2014-12-31,181,'716,Zimbabwe,1732,'F1732,"Oilcrops, Oil Equivalent",5539,Producer Price Index (2014-2016 = 100),2014,2014,7021,Annual value,,80.930000,E
ZWE,2015-01-01,2015-12-31,181,'716,Zimbabwe,1732,'F1732,"Oilcrops, Oil Equivalent",5539,Producer Price Index (2014-2016 = 100),2015,2015,7021,Annual value,,92.770000,E
ZWE,2016-01-01,2016-12-31,181,'716,Zimbabwe,1732,'F1732,"Oilcrops, Oil Equivalent",5539,Producer Price Index (2014-2016 = 100),2016,2016,7021,Annual value,,103.210000,E
ZWE,2017-01-01,2017-12-31,181,'716,Zimbabwe,1732,'F1732,"Oilcrops, Oil Equivalent",5539,Producer Price Index (2014-2016 = 100),2017,2017,7021,Annual value,,108.270000,E
ZWE,2018-01-01,2018-12-31,181,'716,Zimbabwe,1732,'F1732,"Oilcrops, Oil Equivalent",5539,Producer Price Index (2014-2016 = 100),2018,2018,7021,Annual value,,132.810000,E
ZWE,1991-01-01,1991-12-31,181,'716,Zimbabwe,1726,'F1726,"Pulses, Total",5539,Producer Price Index (2014-2016 = 100),1991,1991,7021,Annual value,,0.140000,E
ZWE,1992-01-01,1992-12-31,181,'716,Zimbabwe,1726,'F1726,"Pulses, Total",5539,Producer Price Index (2014-2016 = 100),1992,1992,7021,Annual value,,0.140000,E
ZWE,1993-01-01,1993-12-31,181,'716,Zimbabwe,1726,'F1726,"Pulses, Total",5539,Producer Price Index (2014-2016 = 100),1993,1993,7021,Annual value,,0.780000,E
ZWE,1994-01-01,1994-12-31,181,'716,Zimbabwe,1726,'F1726,"Pulses, Total",5539,Producer Price Index (2014-2016 = 100),1994,1994,7021,Annual value,,0.830000,E
ZWE,1995-01-01,1995-12-31,181,'716,Zimbabwe,1726,'F1726,"Pulses, Total",5539,Producer Price Index (2014-2016 = 100),1995,1995,7021,Annual value,,1.300000,E
ZWE,1996-01-01,1996-12-31,181,'716,Zimbabwe,1726,'F1726,"Pulses, Total",5539,Producer Price Index (2014-2016 = 100),1996,1996,7021,Annual value,,1.970000,E
ZWE,1997-01-01,1997-12-31,181,'716,Zimbabwe,1726,'F1726,"Pulses, Total",5539,Producer Price Index (2014-2016 = 100),1997,1997,7021,Annual value,,1.920000,E
ZWE,1998-01-01,1998-12-31,181,'716,Zimbabwe,1726,'F1726,"Pulses, Total",5539,Producer Price Index (2014-2016 = 100),1998,1998,7021,Annual value,,1.460000,E
ZWE,1999-01-01,1999-12-31,181,'716,Zimbabwe,1726,'F1726,"Pulses, Total",5539,Producer Price Index (2014-2016 = 100),1999,1999,7021,Annual value,,2.570000,E
ZWE,2000-01-01,2000-12-31,181,'716,Zimbabwe,1726,'F1726,"Pulses, Total",5539,Producer Price Index (2014-2016 = 100),2000,2000,7021,Annual value,,9.080000,E
ZWE,2001-01-01,2001-12-31,181,'716,Zimbabwe,1726,'F1726,"Pulses, Total",5539,Producer Price Index (2014-2016 = 100),2001,2001,7021,Annual value,,15.740000,E
ZWE,2002-01-01,2002-12-31,181,'716,Zimbabwe,1726,'F1726,"Pulses, Total",5539,Producer Price Index (2014-2016 = 100),2002,2002,7021,Annual value,,74.150000,E
ZWE,2003-01-01,2003-12-31,181,'716,Zimbabwe,1726,'F1726,"Pulses, Total",5539,Producer Price Index (2014-2016 = 100),2003,2003,7021,Annual value,,384.530000,E
ZWE,2004-01-01,2004-12-31,181,'716,Zimbabwe,1726,'F1726,"Pulses, Total",5539,Producer Price Index (2014-2016 = 100),2004,2004,7021,Annual value,,3117.680000,E
ZWE,2005-01-01,2005-12-31,181,'716,Zimbabwe,1726,'F1726,"Pulses, Total",5539,Producer Price Index (2014-2016 = 100),2005,2005,7021,Annual value,,7885.590000,E
ZWE,2006-01-01,2006-12-31,181,'716,Zimbabwe,1726,'F1726,"Pulses, Total",5539,Producer Price Index (2014-2016 = 100),2006,2006,7021,Annual value,,109793.680000,E
ZWE,2007-01-01,2007-12-31,181,'716,Zimbabwe,1726,'F1726,"Pulses, Total",5539,Producer Price Index (2014-2016 = 100),2007,2007,7021,Annual value,,389852.140000,E
ZWE,2010-01-01,2010-12-31,181,'716,Zimbabwe,1726,'F1726,"Pulses, Total",5539,Producer Price Index (2014-2016 = 100),2010,2010,7021,Annual value,,67.350000,E
ZWE,2011-01-01,2011-12-31,181,'716,Zimbabwe,1726,'F1726,"Pulses, Total",5539,Producer Price Index (2014-2016 = 100),2011,2011,7021,Annual value,,70.140000,E
ZWE,2012-01-01,2012-12-31,181,'716,Zimbabwe,1726,'F1726,"Pulses, Total",5539,Producer Price Index (2014-2016 = 100),2012,2012,7021,Annual value,,88.960000,E
ZWE,2013-01-01,2013-12-31,181,'716,Zimbabwe,1726,'F1726,"Pulses, Total",5539,Producer Price Index (2014-2016 = 100),2013,2013,7021,Annual value,,84.560000,E
ZWE,2014-01-01,2014-12-31,181,'716,Zimbabwe,1726,'F1726,"Pulses, Total",5539,Producer Price Index (2014-2016 = 100),2014,2014,7021,Annual value,,114.470000,E
ZWE,2015-01-01,2015-12-31,181,'716,Zimbabwe,1726,'F1726,"Pulses, Total",5539,Producer Price Index (2014-2016 = 100),2015,2015,7021,Annual value,,82.650000,E
ZWE,2016-01-01,2016-12-31,181,'716,Zimbabwe,1726,'F1726,"Pulses, Total",5539,Producer Price Index (2014-2016 = 100),2016,2016,7021,Annual value,,102.880000,E
ZWE,2017-01-01,2017-12-31,181,'716,Zimbabwe,1726,'F1726,"Pulses, Total",5539,Producer Price Index (2014-2016 = 100),2017,2017,7021,Annual value,,105.430000,E
ZWE,2018-01-01,2018-12-31,181,'716,Zimbabwe,1726,'F1726,"Pulses, Total",5539,Producer Price Index (2014-2016 = 100),2018,2018,7021,Annual value,,92.050000,E
ZWE,1991-01-01,1991-12-31,181,'716,Zimbabwe,1720,'F1720,"Roots and Tubers, Total",5539,Producer Price Index (2014-2016 = 100),1991,1991,7021,Annual value,,0.560000,E
ZWE,1992-01-01,1992-12-31,181,'716,Zimbabwe,1720,'F1720,"Roots and Tubers, Total",5539,Producer Price Index (2014-2016 = 100),1992,1992,7021,Annual value,,0.710000,E
ZWE,1993-01-01,1993-12-31,181,'716,Zimbabwe,1720,'F1720,"Roots and Tubers, Total",5539,Producer Price Index (2014-2016 = 100),1993,1993,7021,Annual value,,0.600000,E
ZWE,1994-01-01,1994-12-31,181,'716,Zimbabwe,1720,'F1720,"Roots and Tubers, Total",5539,Producer Price Index (2014-2016 = 100),1994,1994,7021,Annual value,,0.600000,E
ZWE,1995-01-01,1995-12-31,181,'716,Zimbabwe,1720,'F1720,"Roots and Tubers, Total",5539,Producer Price Index (2014-2016 = 100),1995,1995,7021,Annual value,,0.530000,E
ZWE,1996-01-01,1996-12-31,181,'716,Zimbabwe,1720,'F1720,"Roots and Tubers, Total",5539,Producer Price Index (2014-2016 = 100),1996,1996,7021,Annual value,,0.680000,E
ZWE,1997-01-01,1997-12-31,181,'716,Zimbabwe,1720,'F1720,"Roots and Tubers, Total",5539,Producer Price Index (2014-2016 = 100),1997,1997,7021,Annual value,,1.080000,E
ZWE,1998-01-01,1998-12-31,181,'716,Zimbabwe,1720,'F1720,"Roots and Tubers, Total",5539,Producer Price Index (2014-2016 = 100),1998,1998,7021,Annual value,,1.630000,E
ZWE,1999-01-01,1999-12-31,181,'716,Zimbabwe,1720,'F1720,"Roots and Tubers, Total",5539,Producer Price Index (2014-2016 = 100),1999,1999,7021,Annual value,,2.360000,E
ZWE,2000-01-01,2000-12-31,181,'716,Zimbabwe,1720,'F1720,"Roots and Tubers, Total",5539,Producer Price Index (2014-2016 = 100),2000,2000,7021,Annual value,,39.570000,E
ZWE,2001-01-01,2001-12-31,181,'716,Zimbabwe,1720,'F1720,"Roots and Tubers, Total",5539,Producer Price Index (2014-2016 = 100),2001,2001,7021,Annual value,,78.810000,E
ZWE,2002-01-01,2002-12-31,181,'716,Zimbabwe,1720,'F1720,"Roots and Tubers, Total",5539,Producer Price Index (2014-2016 = 100),2002,2002,7021,Annual value,,21.190000,E
ZWE,2003-01-01,2003-12-31,181,'716,Zimbabwe,1720,'F1720,"Roots and Tubers, Total",5539,Producer Price Index (2014-2016 = 100),2003,2003,7021,Annual value,,258.520000,E
ZWE,2004-01-01,2004-12-31,181,'716,Zimbabwe,1720,'F1720,"Roots and Tubers, Total",5539,Producer Price Index (2014-2016 = 100),2004,2004,7021,Annual value,,582.580000,E
ZWE,2005-01-01,2005-12-31,181,'716,Zimbabwe,1720,'F1720,"Roots and Tubers, Total",5539,Producer Price Index (2014-2016 = 100),2005,2005,7021,Annual value,,2304.970000,E
ZWE,2006-01-01,2006-12-31,181,'716,Zimbabwe,1720,'F1720,"Roots and Tubers, Total",5539,Producer Price Index (2014-2016 = 100),2006,2006,7021,Annual value,,72571.640000,E
ZWE,2007-01-01,2007-12-31,181,'716,Zimbabwe,1720,'F1720,"Roots and Tubers, Total",5539,Producer Price Index (2014-2016 = 100),2007,2007,7021,Annual value,,223213.680000,E
ZWE,2015-01-01,2015-12-31,181,'716,Zimbabwe,1720,'F1720,"Roots and Tubers, Total",5539,Producer Price Index (2014-2016 = 100),2015,2015,7021,Annual value,,98.190000,E
ZWE,2016-01-01,2016-12-31,181,'716,Zimbabwe,1720,'F1720,"Roots and Tubers, Total",5539,Producer Price Index (2014-2016 = 100),2016,2016,7021,Annual value,,101.810000,E
ZWE,2017-01-01,2017-12-31,181,'716,Zimbabwe,1720,'F1720,"Roots and Tubers, Total",5539,Producer Price Index (2014-2016 = 100),2017,2017,7021,Annual value,,99.150000,E
ZWE,2018-01-01,2018-12-31,181,'716,Zimbabwe,1720,'F1720,"Roots and Tubers, Total",5539,Producer Price Index (2014-2016 = 100),2018,2018,7021,Annual value,,108.890000,E
ZWE,1991-01-01,1991-12-31,181,'716,Zimbabwe,1800,'F1800,"Vegetables and Melons, Total",5539,Producer Price Index (2014-2016 = 100),1991,1991,7021,Annual value,,0.500000,E
ZWE,1992-01-01,1992-12-31,181,'716,Zimbabwe,1800,'F1800,"Vegetables and Melons, Total",5539,Producer Price Index (2014-2016 = 100),1992,1992,7021,Annual value,,0.620000,E
ZWE,1993-01-01,1993-12-31,181,'716,Zimbabwe,1800,'F1800,"Vegetables and Melons, Total",5539,Producer Price Index (2014-2016 = 100),1993,1993,7021,Annual value,,0.610000,E
ZWE,1994-01-01,1994-12-31,181,'716,Zimbabwe,1800,'F1800,"Vegetables and Melons, Total",5539,Producer Price Index (2014-2016 = 100),1994,1994,7021,Annual value,,0.740000,E
ZWE,1995-01-01,1995-12-31,181,'716,Zimbabwe,1800,'F1800,"Vegetables and Melons, Total",5539,Producer Price Index (2014-2016 = 100),1995,1995,7021,Annual value,,0.800000,E
ZWE,1996-01-01,1996-12-31,181,'716,Zimbabwe,1800,'F1800,"Vegetables and Melons, Total",5539,Producer Price Index (2014-2016 = 100),1996,1996,7021,Annual value,,1.060000,E
ZWE,1997-01-01,1997-12-31,181,'716,Zimbabwe,1800,'F1800,"Vegetables and Melons, Total",5539,Producer Price Index (2014-2016 = 100),1997,1997,7021,Annual value,,1.520000,E
ZWE,1998-01-01,1998-12-31,181,'716,Zimbabwe,1800,'F1800,"Vegetables and Melons, Total",5539,Producer Price Index (2014-2016 = 100),1998,1998,7021,Annual value,,1.780000,E
ZWE,1999-01-01,1999-12-31,181,'716,Zimbabwe,1800,'F1800,"Vegetables and Melons, Total",5539,Producer Price Index (2014-2016 = 100),1999,1999,7021,Annual value,,2.610000,E
ZWE,2000-01-01,2000-12-31,181,'716,Zimbabwe,1800,'F1800,"Vegetables and Melons, Total",5539,Producer Price Index (2014-2016 = 100),2000,2000,7021,Annual value,,2.800000,E
ZWE,2001-01-01,2001-12-31,181,'716,Zimbabwe,1800,'F1800,"Vegetables and Melons, Total",5539,Producer Price Index (2014-2016 = 100),2001,2001,7021,Annual value,,7.640000,E
ZWE,2002-01-01,2002-12-31,181,'716,Zimbabwe,1800,'F1800,"Vegetables and Melons, Total",5539,Producer Price Index (2014-2016 = 100),2002,2002,7021,Annual value,,16.080000,E
ZWE,2003-01-01,2003-12-31,181,'716,Zimbabwe,1800,'F1800,"Vegetables and Melons, Total",5539,Producer Price Index (2014-2016 = 100),2003,2003,7021,Annual value,,166.540000,E
ZWE,2004-01-01,2004-12-31,181,'716,Zimbabwe,1800,'F1800,"Vegetables and Melons, Total",5539,Producer Price Index (2014-2016 = 100),2004,2004,7021,Annual value,,851.630000,E
ZWE,2005-01-01,2005-12-31,181,'716,Zimbabwe,1800,'F1800,"Vegetables and Melons, Total",5539,Producer Price Index (2014-2016 = 100),2005,2005,7021,Annual value,,3611.040000,E
ZWE,2006-01-01,2006-12-31,181,'716,Zimbabwe,1800,'F1800,"Vegetables and Melons, Total",5539,Producer Price Index (2014-2016 = 100),2006,2006,7021,Annual value,,40546.620000,E
ZWE,2007-01-01,2007-12-31,181,'716,Zimbabwe,1800,'F1800,"Vegetables and Melons, Total",5539,Producer Price Index (2014-2016 = 100),2007,2007,7021,Annual value,,130963.690000,E
ZWE,2015-01-01,2015-12-31,181,'716,Zimbabwe,1800,'F1800,"Vegetables and Melons, Total",5539,Producer Price Index (2014-2016 = 100),2015,2015,7021,Annual value,,78.510000,E
ZWE,2016-01-01,2016-12-31,181,'716,Zimbabwe,1800,'F1800,"Vegetables and Melons, Total",5539,Producer Price Index (2014-2016 = 100),2016,2016,7021,Annual value,,121.490000,E
ZWE,2017-01-01,2017-12-31,181,'716,Zimbabwe,1800,'F1800,"Vegetables and Melons, Total",5539,Producer Price Index (2014-2016 = 100),2017,2017,7021,Annual value,,88.850000,E
ZWE,2018-01-01,2018-12-31,181,'716,Zimbabwe,1800,'F1800,"Vegetables and Melons, Total",5539,Producer Price Index (2014-2016 = 100),2018,2018,7021,Annual value,,97.580000,E
ZWE,1991-01-01,1991-12-31,181,'716,Zimbabwe,1735,'F1735,Vegetables Primary,5539,Producer Price Index (2014-2016 = 100),1991,1991,7021,Annual value,,0.500000,E
ZWE,1992-01-01,1992-12-31,181,'716,Zimbabwe,1735,'F1735,Vegetables Primary,5539,Producer Price Index (2014-2016 = 100),1992,1992,7021,Annual value,,0.620000,E
ZWE,1993-01-01,1993-12-31,181,'716,Zimbabwe,1735,'F1735,Vegetables Primary,5539,Producer Price Index (2014-2016 = 100),1993,1993,7021,Annual value,,0.610000,E
ZWE,1994-01-01,1994-12-31,181,'716,Zimbabwe,1735,'F1735,Vegetables Primary,5539,Producer Price Index (2014-2016 = 100),1994,1994,7021,Annual value,,0.740000,E
ZWE,1995-01-01,1995-12-31,181,'716,Zimbabwe,1735,'F1735,Vegetables Primary,5539,Producer Price Index (2014-2016 = 100),1995,1995,7021,Annual value,,0.800000,E
ZWE,1996-01-01,1996-12-31,181,'716,Zimbabwe,1735,'F1735,Vegetables Primary,5539,Producer Price Index (2014-2016 = 100),1996,1996,7021,Annual value,,1.060000,E
ZWE,1997-01-01,1997-12-31,181,'716,Zimbabwe,1735,'F1735,Vegetables Primary,5539,Producer Price Index (2014-2016 = 100),1997,1997,7021,Annual value,,1.520000,E
ZWE,1998-01-01,1998-12-31,181,'716,Zimbabwe,1735,'F1735,Vegetables Primary,5539,Producer Price Index (2014-2016 = 100),1998,1998,7021,Annual value,,1.780000,E
ZWE,1999-01-01,1999-12-31,181,'716,Zimbabwe,1735,'F1735,Vegetables Primary,5539,Producer Price Index (2014-2016 = 100),1999,1999,7021,Annual value,,2.610000,E
ZWE,2000-01-01,2000-12-31,181,'716,Zimbabwe,1735,'F1735,Vegetables Primary,5539,Producer Price Index (2014-2016 = 100),2000,2000,7021,Annual value,,2.800000,E
ZWE,2001-01-01,2001-12-31,181,'716,Zimbabwe,1735,'F1735,Vegetables Primary,5539,Producer Price Index (2014-2016 = 100),2001,2001,7021,Annual value,,7.640000,E
ZWE,2002-01-01,2002-12-31,181,'716,Zimbabwe,1735,'F1735,Vegetables Primary,5539,Producer Price Index (2014-2016 = 100),2002,2002,7021,Annual value,,16.080000,E
ZWE,2003-01-01,2003-12-31,181,'716,Zimbabwe,1735,'F1735,Vegetables Primary,5539,Producer Price Index (2014-2016 = 100),2003,2003,7021,Annual value,,166.590000,E
ZWE,2004-01-01,2004-12-31,181,'716,Zimbabwe,1735,'F1735,Vegetables Primary,5539,Producer Price Index (2014-2016 = 100),2004,2004,7021,Annual value,,851.910000,E
ZWE,2005-01-01,2005-12-31,181,'716,Zimbabwe,1735,'F1735,Vegetables Primary,5539,Producer Price Index (2014-2016 = 100),2005,2005,7021,Annual value,,3612.390000,E
ZWE,2006-01-01,2006-12-31,181,'716,Zimbabwe,1735,'F1735,Vegetables Primary,5539,Producer Price Index (2014-2016 = 100),2006,2006,7021,Annual value,,40560.570000,E
ZWE,2007-01-01,2007-12-31,181,'716,Zimbabwe,1735,'F1735,Vegetables Primary,5539,Producer Price Index (2014-2016 = 100),2007,2007,7021,Annual value,,131010.120000,E
ZWE,2015-01-01,2015-12-31,181,'716,Zimbabwe,1735,'F1735,Vegetables Primary,5539,Producer Price Index (2014-2016 = 100),2015,2015,7021,Annual value,,78.490000,E
ZWE,2016-01-01,2016-12-31,181,'716,Zimbabwe,1735,'F1735,Vegetables Primary,5539,Producer Price Index (2014-2016 = 100),2016,2016,7021,Annual value,,121.510000,E
ZWE,2017-01-01,2017-12-31,181,'716,Zimbabwe,1735,'F1735,Vegetables Primary,5539,Producer Price Index (2014-2016 = 100),2017,2017,7021,Annual value,,88.840000,E
ZWE,2018-01-01,2018-12-31,181,'716,Zimbabwe,1735,'F1735,Vegetables Primary,5539,Producer Price Index (2014-2016 = 100),2018,2018,7021,Annual value,,97.560000,E
